number,title,category,seo_fit,fit_tier,parent_occupation,onet_code,source
1,Cook,Food & Hospitality,0.98,Very High,"Cooks, Institution and Cafeteria",35-2012.00,https://www.onetcenter.org/dictionary/30.3/excel/job_titles.html
2,Dean,Management,0.98,Very High,"Education Administrators, Postsecondary",11-9033.00,https://www.onetcenter.org/dictionary/30.3/excel/job_titles.html
3,Host,"Arts, Media & Design",0.98,Very High,Broadcast Announcers and Radio Disc Jockeys,27-3011.00,https://www.onetcenter.org/dictionary/30.3/excel/job_titles.html
4,Imam,Community & Social Services,0.98,Very High,Clergy,21-2011.00,https://www.onetcenter.org/dictionary/30.3/excel/job_titles.html
5,Maid,Cleaning & Grounds,0.98,Very High,Maids and Housekeeping Cleaners,37-2012.00,https://www.onetcenter.org/dictionary/30.3/excel/job_titles.html
6,Agent,Business & Finance,0.98,Very High,"Agents and Business Managers of Artists, Performers, and Athletes",13-1011.00,https://www.onetcenter.org/dictionary/30.3/excel/job_titles.html
7,Baker,Manufacturing & Production,0.98,Very High,Bakers,51-3011.00,https://www.onetcenter.org/dictionary/30.3/excel/job_titles.html
8,Baler,"Agriculture, Fishing & Forestry",0.98,Very High,Agricultural Equipment Operators,45-2091.00,https://www.onetcenter.org/dictionary/30.3/excel/job_titles.html
9,Boner,Manufacturing & Production,0.98,Very High,"Meat, Poultry, and Fish Cutters and Trimmers",51-3022.00,https://www.onetcenter.org/dictionary/30.3/excel/job_titles.html
10,Buyer,Business & Finance,0.98,Very High,"Wholesale and Retail Buyers, Except Farm Products",13-1022.00,https://www.onetcenter.org/dictionary/30.3/excel/job_titles.html
11,Coach,"Arts, Media & Design",0.98,Very High,Coaches and Scouts,27-2022.00,https://www.onetcenter.org/dictionary/30.3/excel/job_titles.html
12,Diver,"Installation, Maintenance & Repair",0.98,Very High,Commercial Divers,49-9092.00,https://www.onetcenter.org/dictionary/30.3/excel/job_titles.html
13,Filer,Manufacturing & Production,0.98,Very High,"Grinding and Polishing Workers, Hand",51-9022.00,https://www.onetcenter.org/dictionary/30.3/excel/job_titles.html
14,Fryer,Manufacturing & Production,0.98,Very High,Food Cooking Machine Operators and Tenders,51-3093.00,https://www.onetcenter.org/dictionary/30.3/excel/job_titles.html
15,Gluer,Manufacturing & Production,0.98,Very High,Adhesive Bonding Machine Operators and Tenders,51-9191.00,https://www.onetcenter.org/dictionary/30.3/excel/job_titles.html
16,Guide,Personal Care & Services,0.98,Very High,Tour Guides and Escorts,39-7011.00,https://www.onetcenter.org/dictionary/30.3/excel/job_titles.html
17,Mixer,Manufacturing & Production,0.98,Very High,"Mixing and Blending Machine Setters, Operators, and Tenders",51-9023.00,https://www.onetcenter.org/dictionary/30.3/excel/job_titles.html
18,Model,Sales,0.98,Very High,Models,41-9012.00,https://www.onetcenter.org/dictionary/30.3/excel/job_titles.html
19,Nurse,Healthcare,0.98,Very High,Registered Nurses,29-1141.00,https://www.onetcenter.org/dictionary/30.3/excel/job_titles.html
20,Oiler,"Installation, Maintenance & Repair",0.98,Very High,"Maintenance Workers, Machinery",49-9043.00,https://www.onetcenter.org/dictionary/30.3/excel/job_titles.html
21,Pilot,Transportation & Logistics,0.98,Very High,Commercial Pilots,53-2012.00,https://www.onetcenter.org/dictionary/30.3/excel/job_titles.html
22,Rabbi,Community & Social Services,0.98,Very High,Clergy,21-2011.00,https://www.onetcenter.org/dictionary/30.3/excel/job_titles.html
23,Taper,Construction & Trades,0.98,Very High,Tapers,47-2082.00,https://www.onetcenter.org/dictionary/30.3/excel/job_titles.html
24,Usher,Personal Care & Services,0.98,Very High,"Ushers, Lobby Attendants, and Ticket Takers",39-3031.00,https://www.onetcenter.org/dictionary/30.3/excel/job_titles.html
25,Archer,Manufacturing & Production,0.98,Very High,Shoe Machine Operators and Tenders,51-6042.00,https://www.onetcenter.org/dictionary/30.3/excel/job_titles.html
26,Author,"Arts, Media & Design",0.98,Very High,"Poets, Lyricists and Creative Writers",27-3043.05,https://www.onetcenter.org/dictionary/30.3/excel/job_titles.html
27,Barber,Personal Care & Services,0.98,Very High,Barbers,39-5011.00,https://www.onetcenter.org/dictionary/30.3/excel/job_titles.html
28,Booker,Business & Finance,0.98,Very High,"Agents and Business Managers of Artists, Performers, and Athletes",13-1011.00,https://www.onetcenter.org/dictionary/30.3/excel/job_titles.html
29,Brewer,Manufacturing & Production,0.98,Very High,"Separating, Filtering, Clarifying, Precipitating, and Still Machine Setters, Operators, and Tenders",51-9012.00,https://www.onetcenter.org/dictionary/30.3/excel/job_titles.html
30,Burner,Manufacturing & Production,0.98,Very High,"Furnace, Kiln, Oven, Drier, and Kettle Operators and Tenders",51-9051.00,https://www.onetcenter.org/dictionary/30.3/excel/job_titles.html
31,Busser,Food & Hospitality,0.98,Very High,Dining Room and Cafeteria Attendants and Bartender Helpers,35-9011.00,https://www.onetcenter.org/dictionary/30.3/excel/job_titles.html
32,Carhop,Food & Hospitality,0.98,Very High,Waiters and Waitresses,35-3031.00,https://www.onetcenter.org/dictionary/30.3/excel/job_titles.html
33,Caster,Manufacturing & Production,0.98,Very High,"Pourers and Casters, Metal",51-4052.00,https://www.onetcenter.org/dictionary/30.3/excel/job_titles.html
34,Coater,Manufacturing & Production,0.98,Very High,"Painting, Coating, and Decorating Workers",51-9123.00,https://www.onetcenter.org/dictionary/30.3/excel/job_titles.html
35,Cutter,Manufacturing & Production,0.98,Very High,"Cutting and Slicing Machine Setters, Operators, and Tenders",51-9032.00,https://www.onetcenter.org/dictionary/30.3/excel/job_titles.html
36,Dancer,"Arts, Media & Design",0.98,Very High,Dancers,27-2031.00,https://www.onetcenter.org/dictionary/30.3/excel/job_titles.html
37,Decker,"Agriculture, Fishing & Forestry",0.98,Very High,Log Graders and Scalers,45-4023.00,https://www.onetcenter.org/dictionary/30.3/excel/job_titles.html
38,Driver,Transportation & Logistics,0.98,Very High,Heavy and Tractor-Trailer Truck Drivers,53-3032.00,https://www.onetcenter.org/dictionary/30.3/excel/job_titles.html
39,Editor,"Arts, Media & Design",0.98,Very High,Editors,27-3041.00,https://www.onetcenter.org/dictionary/30.3/excel/job_titles.html
40,Etcher,Manufacturing & Production,0.98,Very High,Etchers and Engravers,51-9194.00,https://www.onetcenter.org/dictionary/30.3/excel/job_titles.html
41,Feeder,Transportation & Logistics,0.98,Very High,Machine Feeders and Offbearers,53-7063.00,https://www.onetcenter.org/dictionary/30.3/excel/job_titles.html
42,Forger,Manufacturing & Production,0.98,Very High,"Forging Machine Setters, Operators, and Tenders, Metal and Plastic",51-4022.00,https://www.onetcenter.org/dictionary/30.3/excel/job_titles.html
43,Glazer,Manufacturing & Production,0.98,Very High,"Painting, Coating, and Decorating Workers",51-9123.00,https://www.onetcenter.org/dictionary/30.3/excel/job_titles.html
44,Hawker,Sales,0.98,Very High,"Door-to-Door Sales Workers, News and Street Vendors, and Related Workers",41-9091.00,https://www.onetcenter.org/dictionary/30.3/excel/job_titles.html
45,Herder,"Agriculture, Fishing & Forestry",0.98,Very High,"Farmworkers, Farm, Ranch, and Aquacultural Animals",45-2093.00,https://www.onetcenter.org/dictionary/30.3/excel/job_titles.html
46,Ironer,Manufacturing & Production,0.98,Very High,"Pressers, Textile, Garment, and Related Materials",51-6021.00,https://www.onetcenter.org/dictionary/30.3/excel/job_titles.html
47,Juicer,Manufacturing & Production,0.98,Very High,Food Batchmakers,51-3092.00,https://www.onetcenter.org/dictionary/30.3/excel/job_titles.html
48,Loader,Transportation & Logistics,0.98,Very High,"Tank Car, Truck, and Ship Loaders",53-7121.00,https://www.onetcenter.org/dictionary/30.3/excel/job_titles.html
49,Mapper,Engineering & Architecture,0.98,Very High,Cartographers and Photogrammetrists,17-1021.00,https://www.onetcenter.org/dictionary/30.3/excel/job_titles.html
50,Melter,Manufacturing & Production,0.98,Very High,Metal-Refining Furnace Operators and Tenders,51-4051.00,https://www.onetcenter.org/dictionary/30.3/excel/job_titles.html
51,Milker,"Agriculture, Fishing & Forestry",0.98,Very High,"Farmworkers, Farm, Ranch, and Aquacultural Animals",45-2093.00,https://www.onetcenter.org/dictionary/30.3/excel/job_titles.html
52,Miller,Manufacturing & Production,0.98,Very High,"Crushing, Grinding, and Polishing Machine Setters, Operators, and Tenders",51-9021.00,https://www.onetcenter.org/dictionary/30.3/excel/job_titles.html
53,Molder,Manufacturing & Production,0.98,Very High,"Molding, Coremaking, and Casting Machine Setters, Operators, and Tenders, Metal and Plastic",51-4072.00,https://www.onetcenter.org/dictionary/30.3/excel/job_titles.html
54,Packer,Transportation & Logistics,0.98,Very High,"Packers and Packagers, Hand",53-7064.00,https://www.onetcenter.org/dictionary/30.3/excel/job_titles.html
55,Pastor,Community & Social Services,0.98,Very High,Clergy,21-2011.00,https://www.onetcenter.org/dictionary/30.3/excel/job_titles.html
56,Pourer,Manufacturing & Production,0.98,Very High,"Pourers and Casters, Metal",51-4052.00,https://www.onetcenter.org/dictionary/30.3/excel/job_titles.html
57,Priest,Community & Social Services,0.98,Very High,Clergy,21-2011.00,https://www.onetcenter.org/dictionary/30.3/excel/job_titles.html
58,Pumper,Transportation & Logistics,0.98,Very High,"Pump Operators, Except Wellhead Pumpers",53-7072.00,https://www.onetcenter.org/dictionary/30.3/excel/job_titles.html
59,Roller,Manufacturing & Production,0.98,Very High,"Rolling Machine Setters, Operators, and Tenders, Metal and Plastic",51-4023.00,https://www.onetcenter.org/dictionary/30.3/excel/job_titles.html
60,Roofer,Construction & Trades,0.98,Very High,Roofers,47-2181.00,https://www.onetcenter.org/dictionary/30.3/excel/job_titles.html
61,Runner,Personal Care & Services,0.98,Very High,Gambling and Sports Book Writers and Runners,39-3012.00,https://www.onetcenter.org/dictionary/30.3/excel/job_titles.html
62,Sailor,Transportation & Logistics,0.98,Very High,Sailors and Marine Oilers,53-5011.00,https://www.onetcenter.org/dictionary/30.3/excel/job_titles.html
63,Sander,Manufacturing & Production,0.98,Very High,"Woodworking Machine Setters, Operators, and Tenders, Except Sawing",51-7042.00,https://www.onetcenter.org/dictionary/30.3/excel/job_titles.html
64,Sawyer,Manufacturing & Production,0.98,Very High,"Sawing Machine Setters, Operators, and Tenders, Wood",51-7041.00,https://www.onetcenter.org/dictionary/30.3/excel/job_titles.html
65,Scaler,"Agriculture, Fishing & Forestry",0.98,Very High,Log Graders and Scalers,45-4023.00,https://www.onetcenter.org/dictionary/30.3/excel/job_titles.html
66,Seamer,Manufacturing & Production,0.98,Very High,Shoe Machine Operators and Tenders,51-6042.00,https://www.onetcenter.org/dictionary/30.3/excel/job_titles.html
67,Skater,"Arts, Media & Design",0.98,Very High,Athletes and Sports Competitors,27-2021.00,https://www.onetcenter.org/dictionary/30.3/excel/job_titles.html
68,Smoker,Manufacturing & Production,0.98,Very High,"Food and Tobacco Roasting, Baking, and Drying Machine Operators and Tenders",51-3091.00,https://www.onetcenter.org/dictionary/30.3/excel/job_titles.html
69,Sorter,Office & Administration,0.98,Very High,"Postal Service Mail Sorters, Processors, and Processing Machine Operators",43-5053.00,https://www.onetcenter.org/dictionary/30.3/excel/job_titles.html
70,Tagger,Transportation & Logistics,0.98,Very High,Machine Feeders and Offbearers,53-7063.00,https://www.onetcenter.org/dictionary/30.3/excel/job_titles.html
71,Tester,Manufacturing & Production,0.98,Very High,"Inspectors, Testers, Sorters, Samplers, and Weighers",51-9061.00,https://www.onetcenter.org/dictionary/30.3/excel/job_titles.html
72,Typist,Office & Administration,0.98,Very High,Word Processors and Typists,43-9022.00,https://www.onetcenter.org/dictionary/30.3/excel/job_titles.html
73,Warden,Public Safety,0.98,Very High,Fish and Game Wardens,33-3031.00,https://www.onetcenter.org/dictionary/30.3/excel/job_titles.html
74,Warper,Manufacturing & Production,0.98,Very High,"Textile Winding, Twisting, and Drawing Out Machine Setters, Operators, and Tenders",51-6064.00,https://www.onetcenter.org/dictionary/30.3/excel/job_titles.html
75,Washer,Manufacturing & Production,0.98,Very High,"Cleaning, Washing, and Metal Pickling Equipment Operators and Tenders",51-9192.00,https://www.onetcenter.org/dictionary/30.3/excel/job_titles.html
76,Weaver,Manufacturing & Production,0.98,Very High,"Textile Knitting and Weaving Machine Setters, Operators, and Tenders",51-6063.00,https://www.onetcenter.org/dictionary/30.3/excel/job_titles.html
77,Winder,Manufacturing & Production,0.98,Very High,"Textile Winding, Twisting, and Drawing Out Machine Setters, Operators, and Tenders",51-6064.00,https://www.onetcenter.org/dictionary/30.3/excel/job_titles.html
78,Actuary,"Software, IT & Data",0.98,Very High,Actuaries,15-2011.00,https://www.onetcenter.org/dictionary/30.3/excel/job_titles.html
79,Athlete,"Arts, Media & Design",0.98,Very High,Athletes and Sports Competitors,27-2021.00,https://www.onetcenter.org/dictionary/30.3/excel/job_titles.html
80,Bailiff,Public Safety,0.98,Very High,Bailiffs,33-3011.00,https://www.onetcenter.org/dictionary/30.3/excel/job_titles.html
81,Barback,Food & Hospitality,0.98,Very High,Dining Room and Cafeteria Attendants and Bartender Helpers,35-9011.00,https://www.onetcenter.org/dictionary/30.3/excel/job_titles.html
82,Bellman,Personal Care & Services,0.98,Very High,Baggage Porters and Bellhops,39-6011.00,https://www.onetcenter.org/dictionary/30.3/excel/job_titles.html
83,Blender,Manufacturing & Production,0.98,Very High,"Mixing and Blending Machine Setters, Operators, and Tenders",51-9023.00,https://www.onetcenter.org/dictionary/30.3/excel/job_titles.html
84,Boatman,Transportation & Logistics,0.98,Very High,Motorboat Operators,53-5022.00,https://www.onetcenter.org/dictionary/30.3/excel/job_titles.html
85,Butcher,Manufacturing & Production,0.98,Very High,Butchers and Meat Cutters,51-3021.00,https://www.onetcenter.org/dictionary/30.3/excel/job_titles.html
86,Carrier,Office & Administration,0.98,Very High,Postal Service Mail Carriers,43-5052.00,https://www.onetcenter.org/dictionary/30.3/excel/job_titles.html
87,Cashier,Sales,0.98,Very High,Cashiers,41-2011.00,https://www.onetcenter.org/dictionary/30.3/excel/job_titles.html
88,Catcher,Transportation & Logistics,0.98,Very High,Machine Feeders and Offbearers,53-7063.00,https://www.onetcenter.org/dictionary/30.3/excel/job_titles.html
89,Checker,Office & Administration,0.98,Very High,"Weighers, Measurers, Checkers, and Samplers, Recordkeeping",43-5111.00,https://www.onetcenter.org/dictionary/30.3/excel/job_titles.html
90,Cleaner,Cleaning & Grounds,0.98,Very High,"Janitors and Cleaners, Except Maids and Housekeeping Cleaners",37-2011.00,https://www.onetcenter.org/dictionary/30.3/excel/job_titles.html
91,Cobbler,Manufacturing & Production,0.98,Very High,Shoe and Leather Workers and Repairers,51-6041.00,https://www.onetcenter.org/dictionary/30.3/excel/job_titles.html
92,Counsel,Law,0.98,Very High,Lawyers,23-1011.00,https://www.onetcenter.org/dictionary/30.3/excel/job_titles.html
93,Courier,Office & Administration,0.98,Very High,Couriers and Messengers,43-5021.00,https://www.onetcenter.org/dictionary/30.3/excel/job_titles.html
94,Crafter,"Arts, Media & Design",0.98,Very High,Craft Artists,27-1012.00,https://www.onetcenter.org/dictionary/30.3/excel/job_titles.html
95,Creeler,Manufacturing & Production,0.98,Very High,"Textile Winding, Twisting, and Drawing Out Machine Setters, Operators, and Tenders",51-6064.00,https://www.onetcenter.org/dictionary/30.3/excel/job_titles.html
96,Curator,Education & Library,0.98,Very High,Curators,25-4012.00,https://www.onetcenter.org/dictionary/30.3/excel/job_titles.html
97,Cyclist,"Arts, Media & Design",0.98,Very High,Athletes and Sports Competitors,27-2021.00,https://www.onetcenter.org/dictionary/30.3/excel/job_titles.html
98,Driller,Construction & Trades,0.98,Very High,"Rotary Drill Operators, Oil and Gas",47-5012.00,https://www.onetcenter.org/dictionary/30.3/excel/job_titles.html
99,Flagman,Public Safety,0.98,Very High,Crossing Guards and Flaggers,33-9091.00,https://www.onetcenter.org/dictionary/30.3/excel/job_titles.html
100,Flanger,Manufacturing & Production,0.98,Very High,"Rolling Machine Setters, Operators, and Tenders, Metal and Plastic",51-4023.00,https://www.onetcenter.org/dictionary/30.3/excel/job_titles.html
101,Florist,"Arts, Media & Design",0.98,Very High,Floral Designers,27-1023.00,https://www.onetcenter.org/dictionary/30.3/excel/job_titles.html
102,Foreman,Construction & Trades,0.98,Very High,First-Line Supervisors of Construction Trades and Extraction Workers,47-1011.00,https://www.onetcenter.org/dictionary/30.3/excel/job_titles.html
103,Grinder,Manufacturing & Production,0.98,Very High,"Grinding, Lapping, Polishing, and Buffing Machine Tool Setters, Operators, and Tenders, Metal and Plastic",51-4033.00,https://www.onetcenter.org/dictionary/30.3/excel/job_titles.html
104,Hostess,"Arts, Media & Design",0.98,Very High,Broadcast Announcers and Radio Disc Jockeys,27-3011.00,https://www.onetcenter.org/dictionary/30.3/excel/job_titles.html
105,Janitor,Cleaning & Grounds,0.98,Very High,"Janitors and Cleaners, Except Maids and Housekeeping Cleaners",37-2011.00,https://www.onetcenter.org/dictionary/30.3/excel/job_titles.html
106,Knitter,Manufacturing & Production,0.98,Very High,"Textile Knitting and Weaving Machine Setters, Operators, and Tenders",51-6063.00,https://www.onetcenter.org/dictionary/30.3/excel/job_titles.html
107,Lineman,"Installation, Maintenance & Repair",0.98,Very High,Electrical Power-Line Installers and Repairers,49-9051.00,https://www.onetcenter.org/dictionary/30.3/excel/job_titles.html
108,Orderly,Healthcare Support,0.98,Very High,Orderlies,31-1132.00,https://www.onetcenter.org/dictionary/30.3/excel/job_titles.html
109,Painter,Construction & Trades,0.98,Very High,"Painters, Construction and Maintenance",47-2141.00,https://www.onetcenter.org/dictionary/30.3/excel/job_titles.html
110,Presser,Manufacturing & Production,0.98,Very High,"Pressers, Textile, Garment, and Related Materials",51-6021.00,https://www.onetcenter.org/dictionary/30.3/excel/job_titles.html
111,Proctor,Education & Library,0.98,Very High,"Teaching Assistants, Postsecondary",25-9044.00,https://www.onetcenter.org/dictionary/30.3/excel/job_titles.html
112,Referee,"Arts, Media & Design",0.98,Very High,"Umpires, Referees, and Other Sports Officials",27-2023.00,https://www.onetcenter.org/dictionary/30.3/excel/job_titles.html
113,Roaster,Manufacturing & Production,0.98,Very High,"Food and Tobacco Roasting, Baking, and Drying Machine Operators and Tenders",51-3091.00,https://www.onetcenter.org/dictionary/30.3/excel/job_titles.html
114,Scanner,Manufacturing & Production,0.98,Very High,Prepress Technicians and Workers,51-5111.00,https://www.onetcenter.org/dictionary/30.3/excel/job_titles.html
115,Shipper,Office & Administration,0.98,Very High,"Shipping, Receiving, and Inventory Clerks",43-5071.00,https://www.onetcenter.org/dictionary/30.3/excel/job_titles.html
116,Spinner,Manufacturing & Production,0.98,Very High,"Textile Winding, Twisting, and Drawing Out Machine Setters, Operators, and Tenders",51-6064.00,https://www.onetcenter.org/dictionary/30.3/excel/job_titles.html
117,Splicer,"Installation, Maintenance & Repair",0.98,Very High,Telecommunications Line Installers and Repairers,49-9052.00,https://www.onetcenter.org/dictionary/30.3/excel/job_titles.html
118,Spooler,Manufacturing & Production,0.98,Very High,"Textile Winding, Twisting, and Drawing Out Machine Setters, Operators, and Tenders",51-6064.00,https://www.onetcenter.org/dictionary/30.3/excel/job_titles.html
119,Sprayer,Cleaning & Grounds,0.98,Very High,"Pesticide Handlers, Sprayers, and Applicators, Vegetation",37-3012.00,https://www.onetcenter.org/dictionary/30.3/excel/job_titles.html
120,Striper,Manufacturing & Production,0.98,Very High,"Painting, Coating, and Decorating Workers",51-9123.00,https://www.onetcenter.org/dictionary/30.3/excel/job_titles.html
121,Stylist,Personal Care & Services,0.98,Very High,"Hairdressers, Hairstylists, and Cosmetologists",39-5012.00,https://www.onetcenter.org/dictionary/30.3/excel/job_titles.html
122,Teacher,Education & Library,0.98,Very High,"Career/Technical Education Teachers, Postsecondary",25-1194.00,https://www.onetcenter.org/dictionary/30.3/excel/job_titles.html
123,Trimmer,Cleaning & Grounds,0.98,Very High,Tree Trimmers and Pruners,37-3013.00,https://www.onetcenter.org/dictionary/30.3/excel/job_titles.html
124,Twister,Manufacturing & Production,0.98,Very High,"Textile Winding, Twisting, and Drawing Out Machine Setters, Operators, and Tenders",51-6064.00,https://www.onetcenter.org/dictionary/30.3/excel/job_titles.html
125,Animator,"Arts, Media & Design",0.98,Very High,Special Effects Artists and Animators,27-1014.00,https://www.onetcenter.org/dictionary/30.3/excel/job_titles.html
126,Annealer,Manufacturing & Production,0.98,Very High,"Heat Treating Equipment Setters, Operators, and Tenders, Metal and Plastic",51-4191.00,https://www.onetcenter.org/dictionary/30.3/excel/job_titles.html
127,Anodizer,Manufacturing & Production,0.98,Very High,"Plating Machine Setters, Operators, and Tenders, Metal and Plastic",51-4193.00,https://www.onetcenter.org/dictionary/30.3/excel/job_titles.html
128,Attorney,Law,0.98,Very High,Lawyers,23-1011.00,https://www.onetcenter.org/dictionary/30.3/excel/job_titles.html
129,Bar Back,Food & Hospitality,0.98,Very High,Dining Room and Cafeteria Attendants and Bartender Helpers,35-9011.00,https://www.onetcenter.org/dictionary/30.3/excel/job_titles.html
130,Ceramist,Manufacturing & Production,0.98,Very High,Dental Laboratory Technicians,51-9081.00,https://www.onetcenter.org/dictionary/30.3/excel/job_titles.html
131,Chaplain,Community & Social Services,0.98,Very High,Clergy,21-2011.00,https://www.onetcenter.org/dictionary/30.3/excel/job_titles.html
132,Costumer,Personal Care & Services,0.98,Very High,Costume Attendants,39-3092.00,https://www.onetcenter.org/dictionary/30.3/excel/job_titles.html
133,Deburrer,Manufacturing & Production,0.98,Very High,"Grinding, Lapping, Polishing, and Buffing Machine Tool Setters, Operators, and Tenders, Metal and Plastic",51-4033.00,https://www.onetcenter.org/dictionary/30.3/excel/job_titles.html
134,Deckhand,Transportation & Logistics,0.98,Very High,Sailors and Marine Oilers,53-5011.00,https://www.onetcenter.org/dictionary/30.3/excel/job_titles.html
135,Detailer,Transportation & Logistics,0.98,Very High,Cleaners of Vehicles and Equipment,53-7061.00,https://www.onetcenter.org/dictionary/30.3/excel/job_titles.html
136,Engraver,Manufacturing & Production,0.98,Very High,Etchers and Engravers,51-9194.00,https://www.onetcenter.org/dictionary/30.3/excel/job_titles.html
137,Expander,Manufacturing & Production,0.98,Very High,"Forging Machine Setters, Operators, and Tenders, Metal and Plastic",51-4022.00,https://www.onetcenter.org/dictionary/30.3/excel/job_titles.html
138,Finisher,Manufacturing & Production,0.98,Very High,Furniture Finishers,51-7021.00,https://www.onetcenter.org/dictionary/30.3/excel/job_titles.html
139,Gardener,Cleaning & Grounds,0.98,Very High,Landscaping and Groundskeeping Workers,37-3011.00,https://www.onetcenter.org/dictionary/30.3/excel/job_titles.html
140,Herdsman,"Agriculture, Fishing & Forestry",0.98,Very High,"Farmworkers, Farm, Ranch, and Aquacultural Animals",45-2093.00,https://www.onetcenter.org/dictionary/30.3/excel/job_titles.html
141,Lapidary,Manufacturing & Production,0.98,Very High,Gem and Diamond Workers,51-9071.06,https://www.onetcenter.org/dictionary/30.3/excel/job_titles.html
142,Mechanic,"Installation, Maintenance & Repair",0.98,Very High,Farm Equipment Mechanics and Service Technicians,49-3041.00,https://www.onetcenter.org/dictionary/30.3/excel/job_titles.html
143,Mediator,Law,0.98,Very High,"Arbitrators, Mediators, and Conciliators",23-1022.00,https://www.onetcenter.org/dictionary/30.3/excel/job_titles.html
144,Minister,Community & Social Services,0.98,Very High,Clergy,21-2011.00,https://www.onetcenter.org/dictionary/30.3/excel/job_titles.html
145,Motorman,Transportation & Logistics,0.98,Very High,Locomotive Engineers,53-4011.00,https://www.onetcenter.org/dictionary/30.3/excel/job_titles.html
146,Optician,Healthcare,0.98,Very High,"Opticians, Dispensing",29-2081.00,https://www.onetcenter.org/dictionary/30.3/excel/job_titles.html
147,Packager,Transportation & Logistics,0.98,Very High,"Packers and Packagers, Hand",53-7064.00,https://www.onetcenter.org/dictionary/30.3/excel/job_titles.html
148,Polisher,Manufacturing & Production,0.98,Very High,"Grinding, Lapping, Polishing, and Buffing Machine Tool Setters, Operators, and Tenders, Metal and Plastic",51-4033.00,https://www.onetcenter.org/dictionary/30.3/excel/job_titles.html
149,Receiver,Office & Administration,0.98,Very High,Order Clerks,43-4151.00,https://www.onetcenter.org/dictionary/30.3/excel/job_titles.html
150,Rewinder,Manufacturing & Production,0.98,Very High,"Textile Winding, Twisting, and Drawing Out Machine Setters, Operators, and Tenders",51-6064.00,https://www.onetcenter.org/dictionary/30.3/excel/job_titles.html
151,Shuttler,"Installation, Maintenance & Repair",0.98,Very High,"Maintenance Workers, Machinery",49-9043.00,https://www.onetcenter.org/dictionary/30.3/excel/job_titles.html
152,Stitcher,Manufacturing & Production,0.98,Very High,Shoe Machine Operators and Tenders,51-6042.00,https://www.onetcenter.org/dictionary/30.3/excel/job_titles.html
153,Surveyor,Engineering & Architecture,0.98,Very High,Surveyors,17-1022.00,https://www.onetcenter.org/dictionary/30.3/excel/job_titles.html
154,Threader,Manufacturing & Production,0.98,Very High,"Textile Knitting and Weaving Machine Setters, Operators, and Tenders",51-6063.00,https://www.onetcenter.org/dictionary/30.3/excel/job_titles.html
155,Trackman,Construction & Trades,0.98,Very High,Rail-Track Laying and Maintenance Equipment Operators,47-4061.00,https://www.onetcenter.org/dictionary/30.3/excel/job_titles.html
156,Trainman,Transportation & Logistics,0.98,Very High,Locomotive Engineers,53-4011.00,https://www.onetcenter.org/dictionary/30.3/excel/job_titles.html
157,Wrangler,"Agriculture, Fishing & Forestry",0.98,Very High,"Farmworkers, Farm, Ranch, and Aquacultural Animals",45-2093.00,https://www.onetcenter.org/dictionary/30.3/excel/job_titles.html
158,Architect,Engineering & Architecture,0.98,Very High,"Architects, Except Landscape and Naval",17-1011.00,https://www.onetcenter.org/dictionary/30.3/excel/job_titles.html
159,Archivist,Education & Library,0.98,Very High,Archivists,25-4011.00,https://www.onetcenter.org/dictionary/30.3/excel/job_titles.html
160,Bartender,Food & Hospitality,0.98,Very High,Bartenders,35-3011.00,https://www.onetcenter.org/dictionary/30.3/excel/job_titles.html
161,Beekeeper,"Agriculture, Fishing & Forestry",0.98,Very High,"Farmworkers, Farm, Ranch, and Aquacultural Animals",45-2093.00,https://www.onetcenter.org/dictionary/30.3/excel/job_titles.html
162,Bellstaff,Personal Care & Services,0.98,Very High,Baggage Porters and Bellhops,39-6011.00,https://www.onetcenter.org/dictionary/30.3/excel/job_titles.html
163,Canvasser,Sales,0.98,Very High,"Door-to-Door Sales Workers, News and Street Vendors, and Related Workers",41-9091.00,https://www.onetcenter.org/dictionary/30.3/excel/job_titles.html
164,Caregiver,Healthcare Support,0.98,Very High,Personal Care Aides,31-1122.00,https://www.onetcenter.org/dictionary/30.3/excel/job_titles.html
165,Case Aide,Community & Social Services,0.98,Very High,Social and Human Service Assistants,21-1093.00,https://www.onetcenter.org/dictionary/30.3/excel/job_titles.html
166,Certifier,"Agriculture, Fishing & Forestry",0.98,Very High,Agricultural Inspectors,45-2011.00,https://www.onetcenter.org/dictionary/30.3/excel/job_titles.html
167,Concierge,Personal Care & Services,0.98,Very High,Concierges,39-6012.00,https://www.onetcenter.org/dictionary/30.3/excel/job_titles.html
168,Conductor,Transportation & Logistics,0.98,Very High,Railroad Conductors and Yardmasters,53-4031.00,https://www.onetcenter.org/dictionary/30.3/excel/job_titles.html
169,Custodian,Cleaning & Grounds,0.98,Very High,"Janitors and Cleaners, Except Maids and Housekeeping Cleaners",37-2011.00,https://www.onetcenter.org/dictionary/30.3/excel/job_titles.html
170,Decorator,Manufacturing & Production,0.98,Very High,"Painting, Coating, and Decorating Workers",51-9123.00,https://www.onetcenter.org/dictionary/30.3/excel/job_titles.html
171,Degreaser,Manufacturing & Production,0.98,Very High,"Cleaning, Washing, and Metal Pickling Equipment Operators and Tenders",51-9192.00,https://www.onetcenter.org/dictionary/30.3/excel/job_titles.html
172,Developer,Manufacturing & Production,0.98,Very High,Photographic Process Workers and Processing Machine Operators,51-9151.00,https://www.onetcenter.org/dictionary/30.3/excel/job_titles.html
173,Dietitian,Healthcare,0.98,Very High,Dietitians and Nutritionists,29-1031.00,https://www.onetcenter.org/dictionary/30.3/excel/job_titles.html
174,Drywaller,Construction & Trades,0.98,Very High,Drywall and Ceiling Tile Installers,47-2081.00,https://www.onetcenter.org/dictionary/30.3/excel/job_titles.html
175,Economist,Science,0.98,Very High,Economists,19-3011.00,https://www.onetcenter.org/dictionary/30.3/excel/job_titles.html
176,Enologist,Science,0.98,Very High,Food Scientists and Technologists,19-1012.00,https://www.onetcenter.org/dictionary/30.3/excel/job_titles.html
177,Estimator,Business & Finance,0.98,Very High,Cost Estimators,13-1051.00,https://www.onetcenter.org/dictionary/30.3/excel/job_titles.html
178,Expeditor,Office & Administration,0.98,Very High,"Production, Planning, and Expediting Clerks",43-5061.00,https://www.onetcenter.org/dictionary/30.3/excel/job_titles.html
179,Geologist,Science,0.98,Very High,"Geoscientists, Except Hydrologists and Geographers",19-2042.00,https://www.onetcenter.org/dictionary/30.3/excel/job_titles.html
180,Inspector,"Agriculture, Fishing & Forestry",0.98,Very High,Agricultural Inspectors,45-2011.00,https://www.onetcenter.org/dictionary/30.3/excel/job_titles.html
181,Internist,Healthcare,0.98,Very High,General Internal Medicine Physicians,29-1216.00,https://www.onetcenter.org/dictionary/30.3/excel/job_titles.html
182,Laminator,Manufacturing & Production,0.98,Very High,Fiberglass Laminators and Fabricators,51-2051.00,https://www.onetcenter.org/dictionary/30.3/excel/job_titles.html
183,Line Cook,Food & Hospitality,0.98,Very High,"Cooks, Restaurant",35-2014.00,https://www.onetcenter.org/dictionary/30.3/excel/job_titles.html
184,Locksmith,"Installation, Maintenance & Repair",0.98,Very High,Locksmiths and Safe Repairers,49-9094.00,https://www.onetcenter.org/dictionary/30.3/excel/job_titles.html
185,Machinist,Manufacturing & Production,0.98,Very High,Machinists,51-4041.00,https://www.onetcenter.org/dictionary/30.3/excel/job_titles.html
186,Mortician,Personal Care & Services,0.98,Very High,"Morticians, Undertakers, and Funeral Arrangers",39-4031.00,https://www.onetcenter.org/dictionary/30.3/excel/job_titles.html
187,Ombudsman,Law,0.98,Very High,"Arbitrators, Mediators, and Conciliators",23-1022.00,https://www.onetcenter.org/dictionary/30.3/excel/job_titles.html
188,Orthotist,Healthcare,0.98,Very High,Orthotists and Prosthetists,29-2091.00,https://www.onetcenter.org/dictionary/30.3/excel/job_titles.html
189,Paralegal,Law,0.98,Very High,Paralegals and Legal Assistants,23-2011.00,https://www.onetcenter.org/dictionary/30.3/excel/job_titles.html
190,Paramedic,Healthcare,0.98,Very High,Paramedics,29-2043.00,https://www.onetcenter.org/dictionary/30.3/excel/job_titles.html
191,Patroller,Public Safety,0.98,Very High,Transit and Railroad Police,33-3052.00,https://www.onetcenter.org/dictionary/30.3/excel/job_titles.html
192,Plasterer,Construction & Trades,0.98,Very High,Plasterers and Stucco Masons,47-2161.00,https://www.onetcenter.org/dictionary/30.3/excel/job_titles.html
193,Purchaser,Business & Finance,0.98,Very High,"Purchasing Agents, Except Wholesale, Retail, and Farm Products",13-1023.00,https://www.onetcenter.org/dictionary/30.3/excel/job_titles.html
194,Registrar,Management,0.98,Very High,"Education Administrators, Postsecondary",11-9033.00,https://www.onetcenter.org/dictionary/30.3/excel/job_titles.html
195,Rodbuster,Construction & Trades,0.98,Very High,Reinforcing Iron and Rebar Workers,47-2171.00,https://www.onetcenter.org/dictionary/30.3/excel/job_titles.html
196,Saw Filer,Manufacturing & Production,0.98,Very High,"Tool Grinders, Filers, and Sharpeners",51-4194.00,https://www.onetcenter.org/dictionary/30.3/excel/job_titles.html
197,Secretary,Office & Administration,0.98,Very High,"Secretaries and Administrative Assistants, Except Legal, Medical, and Executive",43-6014.00,https://www.onetcenter.org/dictionary/30.3/excel/job_titles.html
198,Shampooer,Personal Care & Services,0.98,Very High,Shampooers,39-5093.00,https://www.onetcenter.org/dictionary/30.3/excel/job_titles.html
199,Sharpener,Manufacturing & Production,0.98,Very High,"Tool Grinders, Filers, and Sharpeners",51-4194.00,https://www.onetcenter.org/dictionary/30.3/excel/job_titles.html
200,Sous Chef,Food & Hospitality,0.98,Very High,Chefs and Head Cooks,35-1011.00,https://www.onetcenter.org/dictionary/30.3/excel/job_titles.html
201,Tankerman,Transportation & Logistics,0.98,Very High,Sailors and Marine Oilers,53-5011.00,https://www.onetcenter.org/dictionary/30.3/excel/job_titles.html
202,Winemaker,Manufacturing & Production,0.98,Very High,"Separating, Filtering, Clarifying, Precipitating, and Still Machine Setters, Operators, and Tenders",51-9012.00,https://www.onetcenter.org/dictionary/30.3/excel/job_titles.html
203,Accountant,Business & Finance,0.98,Very High,Accountants and Auditors,13-2011.00,https://www.onetcenter.org/dictionary/30.3/excel/job_titles.html
204,Agronomist,Science,0.98,Very High,Soil and Plant Scientists,19-1013.00,https://www.onetcenter.org/dictionary/30.3/excel/job_titles.html
205,Arbitrator,Law,0.98,Very High,"Arbitrators, Mediators, and Conciliators",23-1022.00,https://www.onetcenter.org/dictionary/30.3/excel/job_titles.html
206,Batchmaker,Manufacturing & Production,0.98,Very High,"Mixing and Blending Machine Setters, Operators, and Tenders",51-9023.00,https://www.onetcenter.org/dictionary/30.3/excel/job_titles.html
207,Biochemist,Science,0.98,Very High,Biochemists and Biophysicists,19-1021.00,https://www.onetcenter.org/dictionary/30.3/excel/job_titles.html
208,Bookkeeper,Office & Administration,0.98,Very High,"Bookkeeping, Accounting, and Auditing Clerks",43-3031.00,https://www.onetcenter.org/dictionary/30.3/excel/job_titles.html
209,Bricklayer,Construction & Trades,0.98,Very High,Brickmasons and Blockmasons,47-2021.00,https://www.onetcenter.org/dictionary/30.3/excel/job_titles.html
210,Brickmason,Construction & Trades,0.98,Very High,Brickmasons and Blockmasons,47-2021.00,https://www.onetcenter.org/dictionary/30.3/excel/job_titles.html
211,Bus Person,Food & Hospitality,0.98,Very High,Dining Room and Cafeteria Attendants and Bartender Helpers,35-9011.00,https://www.onetcenter.org/dictionary/30.3/excel/job_titles.html
212,Car Washer,Transportation & Logistics,0.98,Very High,Cleaners of Vehicles and Equipment,53-7061.00,https://www.onetcenter.org/dictionary/30.3/excel/job_titles.html
213,Compositor,Manufacturing & Production,0.98,Very High,Prepress Technicians and Workers,51-5111.00,https://www.onetcenter.org/dictionary/30.3/excel/job_titles.html
214,Controller,Management,0.98,Very High,Treasurers and Controllers,11-3031.01,https://www.onetcenter.org/dictionary/30.3/excel/job_titles.html
215,Dishwasher,Food & Hospitality,0.98,Very High,Dishwashers,35-9021.00,https://www.onetcenter.org/dictionary/30.3/excel/job_titles.html
216,Egg Grader,"Agriculture, Fishing & Forestry",0.98,Very High,"Graders and Sorters, Agricultural Products",45-2041.00,https://www.onetcenter.org/dictionary/30.3/excel/job_titles.html
217,File Clerk,Office & Administration,0.98,Very High,File Clerks,43-4071.00,https://www.onetcenter.org/dictionary/30.3/excel/job_titles.html
218,Forecaster,Science,0.98,Very High,Atmospheric and Space Scientists,19-2021.00,https://www.onetcenter.org/dictionary/30.3/excel/job_titles.html
219,Formulator,Science,0.98,Very High,Chemical Technicians,19-4031.00,https://www.onetcenter.org/dictionary/30.3/excel/job_titles.html
220,Galvanizer,Manufacturing & Production,0.98,Very High,"Plating Machine Setters, Operators, and Tenders, Metal and Plastic",51-4193.00,https://www.onetcenter.org/dictionary/30.3/excel/job_titles.html
221,Geographer,Science,0.98,Very High,Geographers,19-3092.00,https://www.onetcenter.org/dictionary/30.3/excel/job_titles.html
222,Grill Cook,Food & Hospitality,0.98,Very High,"Cooks, Short Order",35-2015.00,https://www.onetcenter.org/dictionary/30.3/excel/job_titles.html
223,Groundsman,Cleaning & Grounds,0.98,Very High,Landscaping and Groundskeeping Workers,37-3011.00,https://www.onetcenter.org/dictionary/30.3/excel/job_titles.html
224,Hand Sewer,Manufacturing & Production,0.98,Very High,"Sewers, Hand",51-6051.00,https://www.onetcenter.org/dictionary/30.3/excel/job_titles.html
225,Horologist,"Installation, Maintenance & Repair",0.98,Very High,Watch and Clock Repairers,49-9064.00,https://www.onetcenter.org/dictionary/30.3/excel/job_titles.html
226,Landscaper,Cleaning & Grounds,0.98,Very High,Landscaping and Groundskeeping Workers,37-3011.00,https://www.onetcenter.org/dictionary/30.3/excel/job_titles.html
227,Lathe Hand,Manufacturing & Production,0.98,Very High,"Lathe and Turning Machine Tool Setters, Operators, and Tenders, Metal and Plastic",51-4034.00,https://www.onetcenter.org/dictionary/30.3/excel/job_titles.html
228,Lieutenant,Public Safety,0.98,Very High,First-Line Supervisors of Police and Detectives,33-1012.00,https://www.onetcenter.org/dictionary/30.3/excel/job_titles.html
229,Loadmaster,Transportation & Logistics,0.98,Very High,Aircraft Cargo Handling Supervisors,53-1041.00,https://www.onetcenter.org/dictionary/30.3/excel/job_titles.html
230,Log Scaler,"Agriculture, Fishing & Forestry",0.98,Very High,Log Graders and Scalers,45-4023.00,https://www.onetcenter.org/dictionary/30.3/excel/job_titles.html
231,Mail Agent,Office & Administration,0.98,Very High,Postal Service Clerks,43-5051.00,https://www.onetcenter.org/dictionary/30.3/excel/job_titles.html
232,Meat Clerk,Manufacturing & Production,0.98,Very High,Butchers and Meat Cutters,51-3021.00,https://www.onetcenter.org/dictionary/30.3/excel/job_titles.html
233,Naturalist,Science,0.98,Very High,Zoologists and Wildlife Biologists,19-1023.00,https://www.onetcenter.org/dictionary/30.3/excel/job_titles.html
234,Oil Pumper,Transportation & Logistics,0.98,Very High,Wellhead Pumpers,53-7073.00,https://www.onetcenter.org/dictionary/30.3/excel/job_titles.html
235,Pedicurist,Personal Care & Services,0.98,Very High,Manicurists and Pedicurists,39-5092.00,https://www.onetcenter.org/dictionary/30.3/excel/job_titles.html
236,Pedorthist,Healthcare,0.98,Very High,Orthotists and Prosthetists,29-2091.00,https://www.onetcenter.org/dictionary/30.3/excel/job_titles.html
237,Pipe Layer,Construction & Trades,0.98,Very High,Pipelayers,47-2151.00,https://www.onetcenter.org/dictionary/30.3/excel/job_titles.html
238,Platemaker,Manufacturing & Production,0.98,Very High,Prepress Technicians and Workers,51-5111.00,https://www.onetcenter.org/dictionary/30.3/excel/job_titles.html
239,Postmaster,Management,0.98,Very High,Postmasters and Mail Superintendents,11-9131.00,https://www.onetcenter.org/dictionary/30.3/excel/job_titles.html
240,Ranch Hand,"Agriculture, Fishing & Forestry",0.98,Very High,"Farmworkers, Farm, Ranch, and Aquacultural Animals",45-2093.00,https://www.onetcenter.org/dictionary/30.3/excel/job_titles.html
241,Rod Buster,Construction & Trades,0.98,Very High,Reinforcing Iron and Rebar Workers,47-2171.00,https://www.onetcenter.org/dictionary/30.3/excel/job_titles.html
242,Roustabout,Construction & Trades,0.98,Very High,"Roustabouts, Oil and Gas",47-5071.00,https://www.onetcenter.org/dictionary/30.3/excel/job_titles.html
243,Shipfitter,Manufacturing & Production,0.98,Very High,"Layout Workers, Metal and Plastic",51-4192.00,https://www.onetcenter.org/dictionary/30.3/excel/job_titles.html
244,Shoe Maker,Manufacturing & Production,0.98,Very High,Shoe and Leather Workers and Repairers,51-6041.00,https://www.onetcenter.org/dictionary/30.3/excel/job_titles.html
245,Steel Tier,Construction & Trades,0.98,Very High,Reinforcing Iron and Rebar Workers,47-2171.00,https://www.onetcenter.org/dictionary/30.3/excel/job_titles.html
246,Stonemason,Construction & Trades,0.98,Very High,Stonemasons,47-2022.00,https://www.onetcenter.org/dictionary/30.3/excel/job_titles.html
247,Test Pilot,Transportation & Logistics,0.98,Very High,Commercial Pilots,53-2012.00,https://www.onetcenter.org/dictionary/30.3/excel/job_titles.html
248,Tool Maker,Manufacturing & Production,0.98,Very High,Tool and Die Makers,51-4111.00,https://www.onetcenter.org/dictionary/30.3/excel/job_titles.html
249,Translator,"Arts, Media & Design",0.98,Very High,Interpreters and Translators,27-3091.00,https://www.onetcenter.org/dictionary/30.3/excel/job_titles.html
250,Watchmaker,"Installation, Maintenance & Repair",0.98,Very High,Watch and Clock Repairers,49-9064.00,https://www.onetcenter.org/dictionary/30.3/excel/job_titles.html
251,Adjudicator,Law,0.98,Very High,"Administrative Law Judges, Adjudicators, and Hearing Officers",23-1021.00,https://www.onetcenter.org/dictionary/30.3/excel/job_titles.html
252,Art Teacher,Education & Library,0.98,Very High,"Secondary School Teachers, Except Special and Career/Technical Education",25-2031.00,https://www.onetcenter.org/dictionary/30.3/excel/job_titles.html
253,Audiologist,Healthcare,0.98,Very High,Audiologists,29-1181.00,https://www.onetcenter.org/dictionary/30.3/excel/job_titles.html
254,Baby Sitter,Personal Care & Services,0.98,Very High,Childcare Workers,39-9011.00,https://www.onetcenter.org/dictionary/30.3/excel/job_titles.html
255,Boat Rigger,"Installation, Maintenance & Repair",0.98,Very High,Riggers,49-9096.00,https://www.onetcenter.org/dictionary/30.3/excel/job_titles.html
256,Boilermaker,Construction & Trades,0.98,Very High,Boilermakers,47-2011.00,https://www.onetcenter.org/dictionary/30.3/excel/job_titles.html
257,Brick Mason,Construction & Trades,0.98,Very High,Brickmasons and Blockmasons,47-2021.00,https://www.onetcenter.org/dictionary/30.3/excel/job_titles.html
258,Cargo Agent,Office & Administration,0.98,Very High,Cargo and Freight Agents,43-5011.00,https://www.onetcenter.org/dictionary/30.3/excel/job_titles.html
259,Coil Winder,Manufacturing & Production,0.98,Very High,"Coil Winders, Tapers, and Finishers",51-2021.00,https://www.onetcenter.org/dictionary/30.3/excel/job_titles.html
260,Color Mixer,Manufacturing & Production,0.98,Very High,"Mixing and Blending Machine Setters, Operators, and Tenders",51-9023.00,https://www.onetcenter.org/dictionary/30.3/excel/job_titles.html
261,Conservator,Education & Library,0.98,Very High,Museum Technicians and Conservators,25-4013.00,https://www.onetcenter.org/dictionary/30.3/excel/job_titles.html
262,Court Clerk,Office & Administration,0.98,Very High,"Court, Municipal, and License Clerks",43-4031.00,https://www.onetcenter.org/dictionary/30.3/excel/job_titles.html
263,Dog Groomer,Personal Care & Services,0.98,Very High,Animal Caretakers,39-2021.00,https://www.onetcenter.org/dictionary/30.3/excel/job_titles.html
264,Dog Handler,Personal Care & Services,0.98,Very High,Animal Trainers,39-2011.00,https://www.onetcenter.org/dictionary/30.3/excel/job_titles.html
265,Dog Trainer,Personal Care & Services,0.98,Very High,Animal Trainers,39-2011.00,https://www.onetcenter.org/dictionary/30.3/excel/job_titles.html
266,Dosimetrist,Healthcare,0.98,Very High,Radiation Therapists,29-1124.00,https://www.onetcenter.org/dictionary/30.3/excel/job_titles.html
267,Electrician,Construction & Trades,0.98,Very High,Electricians,47-2111.00,https://www.onetcenter.org/dictionary/30.3/excel/job_titles.html
268,Embroiderer,Manufacturing & Production,0.98,Very High,Sewing Machine Operators,51-6031.00,https://www.onetcenter.org/dictionary/30.3/excel/job_titles.html
269,Esthetician,Personal Care & Services,0.98,Very High,Skincare Specialists,39-5094.00,https://www.onetcenter.org/dictionary/30.3/excel/job_titles.html
270,Food Broker,Business & Finance,0.98,Very High,"Buyers and Purchasing Agents, Farm Products",13-1021.00,https://www.onetcenter.org/dictionary/30.3/excel/job_titles.html
271,Food Runner,Food & Hospitality,0.98,Very High,"Food Servers, Nonrestaurant",35-3041.00,https://www.onetcenter.org/dictionary/30.3/excel/job_titles.html
272,Food Server,Food & Hospitality,0.98,Very High,Waiters and Waitresses,35-3031.00,https://www.onetcenter.org/dictionary/30.3/excel/job_titles.html
273,Form Setter,Manufacturing & Production,0.98,Very High,Prepress Technicians and Workers,51-5111.00,https://www.onetcenter.org/dictionary/30.3/excel/job_titles.html
274,Genealogist,Science,0.98,Very High,Historians,19-3093.00,https://www.onetcenter.org/dictionary/30.3/excel/job_titles.html
275,Ghostwriter,"Arts, Media & Design",0.98,Very High,"Poets, Lyricists and Creative Writers",27-3043.05,https://www.onetcenter.org/dictionary/30.3/excel/job_titles.html
276,Hammersmith,Manufacturing & Production,0.98,Very High,"Forging Machine Setters, Operators, and Tenders, Metal and Plastic",51-4022.00,https://www.onetcenter.org/dictionary/30.3/excel/job_titles.html
277,Hand Weaver,Manufacturing & Production,0.98,Very High,"Sewers, Hand",51-6051.00,https://www.onetcenter.org/dictionary/30.3/excel/job_titles.html
278,Housekeeper,Cleaning & Grounds,0.98,Very High,Maids and Housekeeping Cleaners,37-2012.00,https://www.onetcenter.org/dictionary/30.3/excel/job_titles.html
279,Hydrologist,Science,0.98,Very High,Hydrologists,19-2043.00,https://www.onetcenter.org/dictionary/30.3/excel/job_titles.html
280,Loan Closer,Office & Administration,0.98,Very High,Loan Interviewers and Clerks,43-4131.00,https://www.onetcenter.org/dictionary/30.3/excel/job_titles.html
281,Logistician,Business & Finance,0.98,Very High,Logisticians,13-1081.00,https://www.onetcenter.org/dictionary/30.3/excel/job_titles.html
282,Mail Sorter,Office & Administration,0.98,Very High,"Mail Clerks and Mail Machine Operators, Except Postal Service",43-9051.00,https://www.onetcenter.org/dictionary/30.3/excel/job_titles.html
283,Mold Setter,Manufacturing & Production,0.98,Very High,"Molding, Coremaking, and Casting Machine Setters, Operators, and Tenders, Metal and Plastic",51-4072.00,https://www.onetcenter.org/dictionary/30.3/excel/job_titles.html
284,Optometrist,Healthcare,0.98,Very High,Optometrists,29-1041.00,https://www.onetcenter.org/dictionary/30.3/excel/job_titles.html
285,Order Taker,Office & Administration,0.98,Very High,Order Clerks,43-4151.00,https://www.onetcenter.org/dictionary/30.3/excel/job_titles.html
286,Paperhanger,Construction & Trades,0.98,Very High,Paperhangers,47-2142.00,https://www.onetcenter.org/dictionary/30.3/excel/job_titles.html
287,Parts Clerk,Sales,0.98,Very High,Parts Salespersons,41-2022.00,https://www.onetcenter.org/dictionary/30.3/excel/job_titles.html
288,Pastry Cook,Manufacturing & Production,0.98,Very High,Bakers,51-3011.00,https://www.onetcenter.org/dictionary/30.3/excel/job_titles.html
289,Pet Groomer,Personal Care & Services,0.98,Very High,Animal Caretakers,39-2021.00,https://www.onetcenter.org/dictionary/30.3/excel/job_titles.html
290,Pet Stylist,Personal Care & Services,0.98,Very High,Animal Caretakers,39-2021.00,https://www.onetcenter.org/dictionary/30.3/excel/job_titles.html
291,Plate Maker,Manufacturing & Production,0.98,Very High,Prepress Technicians and Workers,51-5111.00,https://www.onetcenter.org/dictionary/30.3/excel/job_titles.html
292,Proofreader,Office & Administration,0.98,Very High,Proofreaders and Copy Markers,43-9081.00,https://www.onetcenter.org/dictionary/30.3/excel/job_titles.html
293,Prosthetist,Healthcare,0.98,Very High,Orthotists and Prosthetists,29-2091.00,https://www.onetcenter.org/dictionary/30.3/excel/job_titles.html
294,Roll Tender,Manufacturing & Production,0.98,Very High,"Crushing, Grinding, and Polishing Machine Setters, Operators, and Tenders",51-9021.00,https://www.onetcenter.org/dictionary/30.3/excel/job_titles.html
295,Ship Fitter,Manufacturing & Production,0.98,Very High,"Layout Workers, Metal and Plastic",51-4192.00,https://www.onetcenter.org/dictionary/30.3/excel/job_titles.html
296,Sign Hanger,Construction & Trades,0.98,Very High,Structural Iron and Steel Workers,47-2221.00,https://www.onetcenter.org/dictionary/30.3/excel/job_titles.html
297,Sociologist,Science,0.98,Very High,Sociologists,19-3041.00,https://www.onetcenter.org/dictionary/30.3/excel/job_titles.html
298,Sonographer,Healthcare,0.98,Very High,Diagnostic Medical Sonographers,29-2032.00,https://www.onetcenter.org/dictionary/30.3/excel/job_titles.html
299,Sound Mixer,"Arts, Media & Design",0.98,Very High,Sound Engineering Technicians,27-4014.00,https://www.onetcenter.org/dictionary/30.3/excel/job_titles.html
300,Art Director,"Arts, Media & Design",0.98,Very High,Art Directors,27-1011.00,https://www.onetcenter.org/dictionary/30.3/excel/job_titles.html
301,Ballistician,Science,0.98,Very High,Forensic Science Technicians,19-4092.00,https://www.onetcenter.org/dictionary/30.3/excel/job_titles.html
302,Banquet Cook,Food & Hospitality,0.98,Very High,"Cooks, Restaurant",35-2014.00,https://www.onetcenter.org/dictionary/30.3/excel/job_titles.html
303,Bus Operator,Transportation & Logistics,0.98,Very High,"Bus Drivers, Transit and Intercity",53-3052.00,https://www.onetcenter.org/dictionary/30.3/excel/job_titles.html
304,Cabinetmaker,Manufacturing & Production,0.98,Very High,Cabinetmakers and Bench Carpenters,51-7011.00,https://www.onetcenter.org/dictionary/30.3/excel/job_titles.html
305,Cage Cashier,Office & Administration,0.98,Very High,Gambling Cage Workers,43-3041.00,https://www.onetcenter.org/dictionary/30.3/excel/job_titles.html
306,Chiropractor,Healthcare,0.98,Very High,Chiropractors,29-1011.00,https://www.onetcenter.org/dictionary/30.3/excel/job_titles.html
307,City Planner,Science,0.98,Very High,Urban and Regional Planners,19-3051.00,https://www.onetcenter.org/dictionary/30.3/excel/job_titles.html
308,Dam Operator,Transportation & Logistics,0.98,Very High,Bridge and Lock Tenders,53-6011.00,https://www.onetcenter.org/dictionary/30.3/excel/job_titles.html
309,Deaf Teacher,Education & Library,0.98,Very High,"Special Education Teachers, Middle School",25-2057.00,https://www.onetcenter.org/dictionary/30.3/excel/job_titles.html
310,Gas Operator,Transportation & Logistics,0.98,Very High,Gas Compressor and Gas Pumping Station Operators,53-7071.00,https://www.onetcenter.org/dictionary/30.3/excel/job_titles.html
311,Geophysicist,Science,0.98,Very High,"Geoscientists, Except Hydrologists and Geographers",19-2042.00,https://www.onetcenter.org/dictionary/30.3/excel/job_titles.html
312,Geoscientist,Science,0.98,Very High,"Geoscientists, Except Hydrologists and Geographers",19-2042.00,https://www.onetcenter.org/dictionary/30.3/excel/job_titles.html
313,Glass Blower,Manufacturing & Production,0.98,Very High,"Glass Blowers, Molders, Benders, and Finishers",51-9195.04,https://www.onetcenter.org/dictionary/30.3/excel/job_titles.html
314,Greenskeeper,Cleaning & Grounds,0.98,Very High,Landscaping and Groundskeeping Workers,37-3011.00,https://www.onetcenter.org/dictionary/30.3/excel/job_titles.html
315,Hair Stylist,Personal Care & Services,0.98,Very High,"Hairdressers, Hairstylists, and Cosmetologists",39-5012.00,https://www.onetcenter.org/dictionary/30.3/excel/job_titles.html
316,Heat Treater,Manufacturing & Production,0.98,Very High,"Heat Treating Equipment Setters, Operators, and Tenders, Metal and Plastic",51-4191.00,https://www.onetcenter.org/dictionary/30.3/excel/job_titles.html
317,Investigator,Public Safety,0.98,Very High,Private Detectives and Investigators,33-9021.00,https://www.onetcenter.org/dictionary/30.3/excel/job_titles.html
318,Land Planner,Engineering & Architecture,0.98,Very High,Landscape Architects,17-1012.00,https://www.onetcenter.org/dictionary/30.3/excel/job_titles.html
319,Leathersmith,Manufacturing & Production,0.98,Very High,Shoe and Leather Workers and Repairers,51-6041.00,https://www.onetcenter.org/dictionary/30.3/excel/job_titles.html
320,Library Aide,Office & Administration,0.98,Very High,"Library Assistants, Clerical",43-4121.00,https://www.onetcenter.org/dictionary/30.3/excel/job_titles.html
321,Loan Officer,Business & Finance,0.98,Very High,Loan Officers,13-2072.00,https://www.onetcenter.org/dictionary/30.3/excel/job_titles.html
322,Mail Carrier,Office & Administration,0.98,Very High,Postal Service Mail Carriers,43-5052.00,https://www.onetcenter.org/dictionary/30.3/excel/job_titles.html
323,Mason Helper,Construction & Trades,0.98,Very High,"Helpers--Brickmasons, Blockmasons, Stonemasons, and Tile and Marble Setters",47-3011.00,https://www.onetcenter.org/dictionary/30.3/excel/job_titles.html
324,Mason Tender,Construction & Trades,0.98,Very High,"Helpers--Brickmasons, Blockmasons, Stonemasons, and Tile and Marble Setters",47-3011.00,https://www.onetcenter.org/dictionary/30.3/excel/job_titles.html
325,Metallurgist,Engineering & Architecture,0.98,Very High,Materials Engineers,17-2131.00,https://www.onetcenter.org/dictionary/30.3/excel/job_titles.html
326,Motor Winder,Manufacturing & Production,0.98,Very High,"Coil Winders, Tapers, and Finishers",51-2021.00,https://www.onetcenter.org/dictionary/30.3/excel/job_titles.html
327,Nutritionist,Healthcare,0.98,Very High,Dietitians and Nutritionists,29-1031.00,https://www.onetcenter.org/dictionary/30.3/excel/job_titles.html
328,Office Clerk,Office & Administration,0.98,Very High,"Office Clerks, General",43-9061.00,https://www.onetcenter.org/dictionary/30.3/excel/job_titles.html
329,Oral Surgeon,Healthcare,0.98,Very High,Oral and Maxillofacial Surgeons,29-1022.00,https://www.onetcenter.org/dictionary/30.3/excel/job_titles.html
330,Orthodontist,Healthcare,0.98,Very High,Orthodontists,29-1023.00,https://www.onetcenter.org/dictionary/30.3/excel/job_titles.html
331,Patternmaker,Manufacturing & Production,0.98,Very High,"Patternmakers, Metal and Plastic",51-4062.00,https://www.onetcenter.org/dictionary/30.3/excel/job_titles.html
332,Pediatrician,Healthcare,0.98,Very High,"Pediatricians, General",29-1221.00,https://www.onetcenter.org/dictionary/30.3/excel/job_titles.html
333,Phlebotomist,Healthcare Support,0.98,Very High,Phlebotomists,31-9097.00,https://www.onetcenter.org/dictionary/30.3/excel/job_titles.html
334,Poker Dealer,Personal Care & Services,0.98,Very High,Gambling Dealers,39-3011.00,https://www.onetcenter.org/dictionary/30.3/excel/job_titles.html
335,Postal Clerk,Office & Administration,0.98,Very High,Postal Service Clerks,43-5051.00,https://www.onetcenter.org/dictionary/30.3/excel/job_titles.html
336,Press Feeder,Manufacturing & Production,0.98,Very High,Printing Press Operators,51-5112.00,https://www.onetcenter.org/dictionary/30.3/excel/job_titles.html
337,Psychiatrist,Healthcare,0.98,Very High,Psychiatrists,29-1223.00,https://www.onetcenter.org/dictionary/30.3/excel/job_titles.html
338,Receptionist,Office & Administration,0.98,Very High,Receptionists and Information Clerks,43-4171.00,https://www.onetcenter.org/dictionary/30.3/excel/job_titles.html
339,Route Driver,Transportation & Logistics,0.98,Very High,Light Truck Drivers,53-3033.00,https://www.onetcenter.org/dictionary/30.3/excel/job_titles.html
340,Saw Operator,Manufacturing & Production,0.98,Very High,"Cutting and Slicing Machine Setters, Operators, and Tenders",51-9032.00,https://www.onetcenter.org/dictionary/30.3/excel/job_titles.html
341,Set Designer,"Arts, Media & Design",0.98,Very High,Set and Exhibit Designers,27-1027.00,https://www.onetcenter.org/dictionary/30.3/excel/job_titles.html
342,Site Planner,Engineering & Architecture,0.98,Very High,Landscape Architects,17-1012.00,https://www.onetcenter.org/dictionary/30.3/excel/job_titles.html
343,Statistician,"Software, IT & Data",0.98,Very High,Statisticians,15-2041.00,https://www.onetcenter.org/dictionary/30.3/excel/job_titles.html
344,Talent Agent,Business & Finance,0.98,Very High,"Agents and Business Managers of Artists, Performers, and Athletes",13-1011.00,https://www.onetcenter.org/dictionary/30.3/excel/job_titles.html
345,Tax Examiner,Business & Finance,0.98,Very High,"Tax Examiners and Collectors, and Revenue Agents",13-2081.00,https://www.onetcenter.org/dictionary/30.3/excel/job_titles.html
346,Telemarketer,Sales,0.98,Very High,Telemarketers,41-9041.00,https://www.onetcenter.org/dictionary/30.3/excel/job_titles.html
347,Tennis Coach,"Arts, Media & Design",0.98,Very High,Coaches and Scouts,27-2022.00,https://www.onetcenter.org/dictionary/30.3/excel/job_titles.html
348,Ticket Taker,Personal Care & Services,0.98,Very High,"Ushers, Lobby Attendants, and Ticket Takers",39-3031.00,https://www.onetcenter.org/dictionary/30.3/excel/job_titles.html
349,Tool Grinder,Manufacturing & Production,0.98,Very High,"Tool Grinders, Filers, and Sharpeners",51-4194.00,https://www.onetcenter.org/dictionary/30.3/excel/job_titles.html
350,Travel Agent,Sales,0.98,Very High,Travel Agents,41-3041.00,https://www.onetcenter.org/dictionary/30.3/excel/job_titles.html
351,Travel Clerk,Office & Administration,0.98,Very High,Reservation and Transportation Ticket Agents and Travel Clerks,43-4181.00,https://www.onetcenter.org/dictionary/30.3/excel/job_titles.html
352,Truck Driver,Transportation & Logistics,0.98,Very High,Heavy and Tractor-Trailer Truck Drivers,53-3032.00,https://www.onetcenter.org/dictionary/30.3/excel/job_titles.html
353,Truck Washer,Transportation & Logistics,0.98,Very High,Cleaners of Vehicles and Equipment,53-7061.00,https://www.onetcenter.org/dictionary/30.3/excel/job_titles.html
354,Yoga Teacher,Personal Care & Services,0.98,Very High,Exercise Trainers and Group Fitness Instructors,39-9031.00,https://www.onetcenter.org/dictionary/30.3/excel/job_titles.html
355,Youth Pastor,Community & Social Services,0.98,Very High,Clergy,21-2011.00,https://www.onetcenter.org/dictionary/30.3/excel/job_titles.html
356,Agriculturist,Science,0.98,Very High,Soil and Plant Scientists,19-1013.00,https://www.onetcenter.org/dictionary/30.3/excel/job_titles.html
357,Airline Pilot,Transportation & Logistics,0.98,Very High,"Airline Pilots, Copilots, and Flight Engineers",53-2011.00,https://www.onetcenter.org/dictionary/30.3/excel/job_titles.html
358,Archaeologist,Science,0.98,Very High,Anthropologists and Archeologists,19-3091.00,https://www.onetcenter.org/dictionary/30.3/excel/job_titles.html
359,Bridge Tender,Transportation & Logistics,0.98,Very High,Bridge and Lock Tenders,53-6011.00,https://www.onetcenter.org/dictionary/30.3/excel/job_titles.html
360,Bus Attendant,Transportation & Logistics,0.98,Very High,Passenger Attendants,53-6061.00,https://www.onetcenter.org/dictionary/30.3/excel/job_titles.html
361,Cable Splicer,"Installation, Maintenance & Repair",0.98,Very High,Telecommunications Line Installers and Repairers,49-9052.00,https://www.onetcenter.org/dictionary/30.3/excel/job_titles.html
362,Cellar Worker,Manufacturing & Production,0.98,Very High,"Separating, Filtering, Clarifying, Precipitating, and Still Machine Setters, Operators, and Tenders",51-9012.00,https://www.onetcenter.org/dictionary/30.3/excel/job_titles.html
363,Choreographer,"Arts, Media & Design",0.98,Very High,Choreographers,27-2032.00,https://www.onetcenter.org/dictionary/30.3/excel/job_titles.html
364,Civil Drafter,Engineering & Architecture,0.98,Very High,Architectural and Civil Drafters,17-3011.00,https://www.onetcenter.org/dictionary/30.3/excel/job_titles.html
365,Color Blender,Manufacturing & Production,0.98,Very High,Textile Bleaching and Dyeing Machine Operators and Tenders,51-6061.00,https://www.onetcenter.org/dictionary/30.3/excel/job_titles.html
366,Color Matcher,Manufacturing & Production,0.98,Very High,Textile Bleaching and Dyeing Machine Operators and Tenders,51-6061.00,https://www.onetcenter.org/dictionary/30.3/excel/job_titles.html
367,Correspondent,Office & Administration,0.98,Very High,Correspondence Clerks,43-4021.00,https://www.onetcenter.org/dictionary/30.3/excel/job_titles.html
368,Cosmetologist,Personal Care & Services,0.98,Very High,"Hairdressers, Hairstylists, and Cosmetologists",39-5012.00,https://www.onetcenter.org/dictionary/30.3/excel/job_titles.html
369,Court Bailiff,Public Safety,0.98,Very High,Bailiffs,33-3011.00,https://www.onetcenter.org/dictionary/30.3/excel/job_titles.html
370,Drywall Taper,Construction & Trades,0.98,Very High,Tapers,47-2082.00,https://www.onetcenter.org/dictionary/30.3/excel/job_titles.html
371,Electroplater,Manufacturing & Production,0.98,Very High,"Plating Machine Setters, Operators, and Tenders, Metal and Plastic",51-4193.00,https://www.onetcenter.org/dictionary/30.3/excel/job_titles.html
372,Event Planner,Business & Finance,0.98,Very High,"Meeting, Convention, and Event Planners",13-1121.00,https://www.onetcenter.org/dictionary/30.3/excel/job_titles.html
373,Fashion Model,Sales,0.98,Very High,Models,41-9012.00,https://www.onetcenter.org/dictionary/30.3/excel/job_titles.html
374,Fence Builder,Construction & Trades,0.98,Very High,Fence Erectors,47-4031.00,https://www.onetcenter.org/dictionary/30.3/excel/job_titles.html
375,Fence Erector,Construction & Trades,0.98,Very High,Fence Erectors,47-4031.00,https://www.onetcenter.org/dictionary/30.3/excel/job_titles.html
376,Freight Agent,Office & Administration,0.98,Very High,Cargo and Freight Agents,43-5011.00,https://www.onetcenter.org/dictionary/30.3/excel/job_titles.html
377,Grain Sampler,"Agriculture, Fishing & Forestry",0.98,Very High,"Graders and Sorters, Agricultural Products",45-2041.00,https://www.onetcenter.org/dictionary/30.3/excel/job_titles.html
378,Groundskeeper,Cleaning & Grounds,0.98,Very High,Landscaping and Groundskeeping Workers,37-3011.00,https://www.onetcenter.org/dictionary/30.3/excel/job_titles.html
379,Hand Finisher,Manufacturing & Production,0.98,Very High,"Sewers, Hand",51-6051.00,https://www.onetcenter.org/dictionary/30.3/excel/job_titles.html
380,Hotel Manager,Management,0.98,Very High,Lodging Managers,11-9081.00,https://www.onetcenter.org/dictionary/30.3/excel/job_titles.html
381,House Cleaner,Cleaning & Grounds,0.98,Very High,Maids and Housekeeping Cleaners,37-2012.00,https://www.onetcenter.org/dictionary/30.3/excel/job_titles.html
382,Land Surveyor,Engineering & Architecture,0.98,Very High,Surveyors,17-1022.00,https://www.onetcenter.org/dictionary/30.3/excel/job_titles.html
383,Legal Counsel,Law,0.98,Very High,Lawyers,23-1011.00,https://www.onetcenter.org/dictionary/30.3/excel/job_titles.html
384,Library Clerk,Office & Administration,0.98,Very High,"Library Assistants, Clerical",43-4121.00,https://www.onetcenter.org/dictionary/30.3/excel/job_titles.html
385,Lock Operator,Transportation & Logistics,0.98,Very High,Bridge and Lock Tenders,53-6011.00,https://www.onetcenter.org/dictionary/30.3/excel/job_titles.html
386,Marine Rigger,"Installation, Maintenance & Repair",0.98,Very High,Riggers,49-9096.00,https://www.onetcenter.org/dictionary/30.3/excel/job_titles.html
387,Mathematician,"Software, IT & Data",0.98,Very High,Mathematicians,15-2021.00,https://www.onetcenter.org/dictionary/30.3/excel/job_titles.html
388,Meteorologist,Science,0.98,Very High,Atmospheric and Space Scientists,19-2021.00,https://www.onetcenter.org/dictionary/30.3/excel/job_titles.html
389,Mold Finisher,Manufacturing & Production,0.98,Very High,Foundry Mold and Coremakers,51-4071.00,https://www.onetcenter.org/dictionary/30.3/excel/job_titles.html
390,Mold Polisher,Manufacturing & Production,0.98,Very High,"Crushing, Grinding, and Polishing Machine Setters, Operators, and Tenders",51-9021.00,https://www.onetcenter.org/dictionary/30.3/excel/job_titles.html
391,Music Teacher,Education & Library,0.98,Very High,Self-Enrichment Teachers,25-3021.00,https://www.onetcenter.org/dictionary/30.3/excel/job_titles.html
392,Piano Teacher,Education & Library,0.98,Very High,Self-Enrichment Teachers,25-3021.00,https://www.onetcenter.org/dictionary/30.3/excel/job_titles.html
393,Plant Breeder,Science,0.98,Very High,Soil and Plant Scientists,19-1013.00,https://www.onetcenter.org/dictionary/30.3/excel/job_titles.html
394,Projectionist,Personal Care & Services,0.98,Very High,Motion Picture Projectionists,39-3021.00,https://www.onetcenter.org/dictionary/30.3/excel/job_titles.html
395,Quarry Worker,Construction & Trades,0.98,Very High,"Rock Splitters, Quarry",47-5051.00,https://www.onetcenter.org/dictionary/30.3/excel/job_titles.html
396,Reading Tutor,Education & Library,0.98,Very High,Tutors,25-3041.00,https://www.onetcenter.org/dictionary/30.3/excel/job_titles.html
397,Records Clerk,Office & Administration,0.98,Very High,File Clerks,43-4071.00,https://www.onetcenter.org/dictionary/30.3/excel/job_titles.html
398,Rock Splitter,Construction & Trades,0.98,Very High,"Rock Splitters, Quarry",47-5051.00,https://www.onetcenter.org/dictionary/30.3/excel/job_titles.html
399,Set Decorator,"Arts, Media & Design",0.98,Very High,Set and Exhibit Designers,27-1027.00,https://www.onetcenter.org/dictionary/30.3/excel/job_titles.html
400,Shirt Presser,Manufacturing & Production,0.98,Very High,"Pressers, Textile, Garment, and Related Materials",51-6021.00,https://www.onetcenter.org/dictionary/30.3/excel/job_titles.html
401,Spanish Tutor,Education & Library,0.98,Very High,Tutors,25-3041.00,https://www.onetcenter.org/dictionary/30.3/excel/job_titles.html
402,Station Agent,Office & Administration,0.98,Very High,Reservation and Transportation Ticket Agents and Travel Clerks,43-4181.00,https://www.onetcenter.org/dictionary/30.3/excel/job_titles.html
403,Steel Erector,Construction & Trades,0.98,Very High,Structural Iron and Steel Workers,47-2221.00,https://www.onetcenter.org/dictionary/30.3/excel/job_titles.html
404,Store Manager,Sales,0.98,Very High,First-Line Supervisors of Retail Sales Workers,41-1011.00,https://www.onetcenter.org/dictionary/30.3/excel/job_titles.html
405,Students Dean,Management,0.98,Very High,"Education Administrators, Postsecondary",11-9033.00,https://www.onetcenter.org/dictionary/30.3/excel/job_titles.html
406,Style Advisor,"Arts, Media & Design",0.98,Very High,Fashion Designers,27-1022.00,https://www.onetcenter.org/dictionary/30.3/excel/job_titles.html
407,Ticket Seller,Office & Administration,0.98,Very High,Reservation and Transportation Ticket Agents and Travel Clerks,43-4181.00,https://www.onetcenter.org/dictionary/30.3/excel/job_titles.html
408,Title Officer,Law,0.98,Very High,"Title Examiners, Abstractors, and Searchers",23-2093.00,https://www.onetcenter.org/dictionary/30.3/excel/job_titles.html
409,Track Laborer,Construction & Trades,0.98,Very High,Rail-Track Laying and Maintenance Equipment Operators,47-4061.00,https://www.onetcenter.org/dictionary/30.3/excel/job_titles.html
410,Wood Finisher,Manufacturing & Production,0.98,Very High,Furniture Finishers,51-7021.00,https://www.onetcenter.org/dictionary/30.3/excel/job_titles.html
411,Aircraft Pilot,Transportation & Logistics,0.98,Very High,"Airline Pilots, Copilots, and Flight Engineers",53-2011.00,https://www.onetcenter.org/dictionary/30.3/excel/job_titles.html
412,Art Preparator,Education & Library,0.98,Very High,Museum Technicians and Conservators,25-4013.00,https://www.onetcenter.org/dictionary/30.3/excel/job_titles.html
413,Astrophysicist,Science,0.98,Very High,Astronomers,19-2011.00,https://www.onetcenter.org/dictionary/30.3/excel/job_titles.html
414,Auto Inspector,Transportation & Logistics,0.98,Very High,"Transportation Vehicle, Equipment and Systems Inspectors, Except Aviation",53-6051.07,https://www.onetcenter.org/dictionary/30.3/excel/job_titles.html
415,Baler Operator,Manufacturing & Production,0.98,Very High,"Extruding, Forming, Pressing, and Compacting Machine Setters, Operators, and Tenders",51-9041.00,https://www.onetcenter.org/dictionary/30.3/excel/job_titles.html
416,Bindery Worker,Manufacturing & Production,0.98,Very High,Print Binding and Finishing Workers,51-5113.00,https://www.onetcenter.org/dictionary/30.3/excel/job_titles.html
417,Board Operator,"Arts, Media & Design",0.98,Very High,Broadcast Technicians,27-4012.00,https://www.onetcenter.org/dictionary/30.3/excel/job_titles.html
418,Budget Analyst,Business & Finance,0.98,Very High,Budget Analysts,13-2031.00,https://www.onetcenter.org/dictionary/30.3/excel/job_titles.html
419,Budget Officer,Business & Finance,0.98,Very High,Budget Analysts,13-2031.00,https://www.onetcenter.org/dictionary/30.3/excel/job_titles.html
420,Business Agent,Business & Finance,0.98,Very High,"Agents and Business Managers of Artists, Performers, and Athletes",13-1011.00,https://www.onetcenter.org/dictionary/30.3/excel/job_titles.html
421,Cable Operator,Transportation & Logistics,0.98,Very High,Hoist and Winch Operators,53-7041.00,https://www.onetcenter.org/dictionary/30.3/excel/job_titles.html
422,Camp Counselor,Personal Care & Services,0.98,Very High,Recreation Workers,39-9032.00,https://www.onetcenter.org/dictionary/30.3/excel/job_titles.html
423,Chemical Mixer,Manufacturing & Production,0.98,Very High,"Mixing and Blending Machine Setters, Operators, and Tenders",51-9023.00,https://www.onetcenter.org/dictionary/30.3/excel/job_titles.html
424,Civil Engineer,Engineering & Architecture,0.98,Very High,Civil Engineers,17-2051.00,https://www.onetcenter.org/dictionary/30.3/excel/job_titles.html
425,Claims Analyst,Business & Finance,0.98,Very High,"Claims Adjusters, Examiners, and Investigators",13-1031.00,https://www.onetcenter.org/dictionary/30.3/excel/job_titles.html
426,Coffee Roaster,Manufacturing & Production,0.98,Very High,"Food and Tobacco Roasting, Baking, and Drying Machine Operators and Tenders",51-3091.00,https://www.onetcenter.org/dictionary/30.3/excel/job_titles.html
427,Credit Analyst,Business & Finance,0.98,Very High,Credit Analysts,13-2041.00,https://www.onetcenter.org/dictionary/30.3/excel/job_titles.html
428,Crossing Guard,Public Safety,0.98,Very High,Crossing Guards and Flaggers,33-9091.00,https://www.onetcenter.org/dictionary/30.3/excel/job_titles.html
429,Debt Collector,Office & Administration,0.98,Very High,Bill and Account Collectors,43-3011.00,https://www.onetcenter.org/dictionary/30.3/excel/job_titles.html
430,Dental Officer,Healthcare,0.98,Very High,"Dentists, General",29-1021.00,https://www.onetcenter.org/dictionary/30.3/excel/job_titles.html
431,Design Drafter,Engineering & Architecture,0.98,Very High,Mechanical Drafters,17-3013.00,https://www.onetcenter.org/dictionary/30.3/excel/job_titles.html
432,Diamond Cutter,Manufacturing & Production,0.98,Very High,Gem and Diamond Workers,51-9071.06,https://www.onetcenter.org/dictionary/30.3/excel/job_titles.html
433,Diamond Setter,Manufacturing & Production,0.98,Very High,Gem and Diamond Workers,51-9071.06,https://www.onetcenter.org/dictionary/30.3/excel/job_titles.html
434,Dispatch Clerk,Office & Administration,0.98,Very High,"Dispatchers, Except Police, Fire, and Ambulance",43-5032.00,https://www.onetcenter.org/dictionary/30.3/excel/job_titles.html
435,Document Clerk,Office & Administration,0.98,Very High,File Clerks,43-4071.00,https://www.onetcenter.org/dictionary/30.3/excel/job_titles.html
436,Doughnut Fryer,Manufacturing & Production,0.98,Very High,Food Cooking Machine Operators and Tenders,51-3093.00,https://www.onetcenter.org/dictionary/30.3/excel/job_titles.html
437,Drywall Hanger,Construction & Trades,0.98,Very High,Drywall and Ceiling Tile Installers,47-2081.00,https://www.onetcenter.org/dictionary/30.3/excel/job_titles.html
438,Edger Operator,Manufacturing & Production,0.98,Very High,"Sawing Machine Setters, Operators, and Tenders, Wood",51-7041.00,https://www.onetcenter.org/dictionary/30.3/excel/job_titles.html
439,Engine Builder,Manufacturing & Production,0.98,Very High,Engine and Other Machine Assemblers,51-2031.00,https://www.onetcenter.org/dictionary/30.3/excel/job_titles.html
440,Epidemiologist,Science,0.98,Very High,Epidemiologists,19-1041.00,https://www.onetcenter.org/dictionary/30.3/excel/job_titles.html
441,Events Manager,Business & Finance,0.98,Very High,"Meeting, Convention, and Event Planners",13-1121.00,https://www.onetcenter.org/dictionary/30.3/excel/job_titles.html
442,Fast Food Cook,Food & Hospitality,0.98,Very High,"Cooks, Fast Food",35-2011.00,https://www.onetcenter.org/dictionary/30.3/excel/job_titles.html
443,Feeder Catcher,Transportation & Logistics,0.98,Very High,Machine Feeders and Offbearers,53-7063.00,https://www.onetcenter.org/dictionary/30.3/excel/job_titles.html
444,Field Examiner,Business & Finance,0.98,Very High,Environmental Compliance Inspectors,13-1041.01,https://www.onetcenter.org/dictionary/30.3/excel/job_titles.html
445,Fiscal Officer,Business & Finance,0.98,Very High,Budget Analysts,13-2031.00,https://www.onetcenter.org/dictionary/30.3/excel/job_titles.html
446,Fleet Mechanic,"Installation, Maintenance & Repair",0.98,Very High,Bus and Truck Mechanics and Diesel Engine Specialists,49-3031.00,https://www.onetcenter.org/dictionary/30.3/excel/job_titles.html
447,Floor Finisher,Construction & Trades,0.98,Very High,Floor Sanders and Finishers,47-2043.00,https://www.onetcenter.org/dictionary/30.3/excel/job_titles.html
448,Food Scientist,Science,0.98,Very High,Food Scientists and Technologists,19-1012.00,https://www.onetcenter.org/dictionary/30.3/excel/job_titles.html
449,Football Coach,"Arts, Media & Design",0.98,Very High,Coaches and Scouts,27-2022.00,https://www.onetcenter.org/dictionary/30.3/excel/job_titles.html
450,Forge Operator,Manufacturing & Production,0.98,Very High,"Forging Machine Setters, Operators, and Tenders, Metal and Plastic",51-4022.00,https://www.onetcenter.org/dictionary/30.3/excel/job_titles.html
451,Foundry Worker,Manufacturing & Production,0.98,Very High,Foundry Mold and Coremakers,51-4071.00,https://www.onetcenter.org/dictionary/30.3/excel/job_titles.html
452,Graphic Artist,"Arts, Media & Design",0.98,Very High,Graphic Designers,27-1024.00,https://www.onetcenter.org/dictionary/30.3/excel/job_titles.html
453,Grounds Worker,Cleaning & Grounds,0.98,Very High,Landscaping and Groundskeeping Workers,37-3011.00,https://www.onetcenter.org/dictionary/30.3/excel/job_titles.html
454,Health Actuary,"Software, IT & Data",0.98,Very High,Actuaries,15-2011.00,https://www.onetcenter.org/dictionary/30.3/excel/job_titles.html
455,Hydrogeologist,Science,0.98,Very High,Hydrologists,19-2043.00,https://www.onetcenter.org/dictionary/30.3/excel/job_titles.html
456,Judicial Clerk,Law,0.98,Very High,Judicial Law Clerks,23-1012.00,https://www.onetcenter.org/dictionary/30.3/excel/job_titles.html
457,Kitchen Helper,Food & Hospitality,0.98,Very High,Food Preparation Workers,35-2021.00,https://www.onetcenter.org/dictionary/30.3/excel/job_titles.html
458,Laser Engraver,Manufacturing & Production,0.98,Very High,Etchers and Engravers,51-9194.00,https://www.onetcenter.org/dictionary/30.3/excel/job_titles.html
459,Lathe Operator,Manufacturing & Production,0.98,Very High,"Lathe and Turning Machine Tool Setters, Operators, and Tenders, Metal and Plastic",51-4034.00,https://www.onetcenter.org/dictionary/30.3/excel/job_titles.html
460,Laundry Worker,Manufacturing & Production,0.98,Very High,Laundry and Dry-Cleaning Workers,51-6011.00,https://www.onetcenter.org/dictionary/30.3/excel/job_titles.html
461,Loan Processor,Office & Administration,0.98,Very High,Loan Interviewers and Clerks,43-4131.00,https://www.onetcenter.org/dictionary/30.3/excel/job_titles.html
462,Mailroom Clerk,Office & Administration,0.98,Very High,"Mail Clerks and Mail Machine Operators, Except Postal Service",43-9051.00,https://www.onetcenter.org/dictionary/30.3/excel/job_titles.html
463,Meat Processor,Manufacturing & Production,0.98,Very High,Slaughterers and Meat Packers,51-3023.00,https://www.onetcenter.org/dictionary/30.3/excel/job_titles.html
464,Medical Writer,"Arts, Media & Design",0.98,Very High,Technical Writers,27-3042.00,https://www.onetcenter.org/dictionary/30.3/excel/job_titles.html
465,Metal Finisher,Manufacturing & Production,0.98,Very High,"Grinding, Lapping, Polishing, and Buffing Machine Tool Setters, Operators, and Tenders, Metal and Plastic",51-4033.00,https://www.onetcenter.org/dictionary/30.3/excel/job_titles.html
466,Mixer Operator,Manufacturing & Production,0.98,Very High,"Mixing and Blending Machine Setters, Operators, and Tenders",51-9023.00,https://www.onetcenter.org/dictionary/30.3/excel/job_titles.html
467,Museum Curator,Education & Library,0.98,Very High,Curators,25-4012.00,https://www.onetcenter.org/dictionary/30.3/excel/job_titles.html
468,Music Minister,"Arts, Media & Design",0.98,Very High,Music Directors and Composers,27-2041.00,https://www.onetcenter.org/dictionary/30.3/excel/job_titles.html
469,Patient Escort,Healthcare Support,0.98,Very High,Orderlies,31-1132.00,https://www.onetcenter.org/dictionary/30.3/excel/job_titles.html
470,Pharmacy Clerk,Healthcare Support,0.98,Very High,Pharmacy Aides,31-9095.00,https://www.onetcenter.org/dictionary/30.3/excel/job_titles.html
471,Pipe Insulator,Construction & Trades,0.98,Very High,"Insulation Workers, Mechanical",47-2132.00,https://www.onetcenter.org/dictionary/30.3/excel/job_titles.html
472,Plant Engineer,Engineering & Architecture,0.98,Very High,Industrial Engineers,17-2112.00,https://www.onetcenter.org/dictionary/30.3/excel/job_titles.html
473,Plaster Tender,Construction & Trades,0.98,Very High,"Helpers--Painters, Paperhangers, Plasterers, and Stucco Masons",47-3014.00,https://www.onetcenter.org/dictionary/30.3/excel/job_titles.html
474,Plumber Helper,Construction & Trades,0.98,Very High,"Helpers--Pipelayers, Plumbers, Pipefitters, and Steamfitters",47-3015.00,https://www.onetcenter.org/dictionary/30.3/excel/job_titles.html
475,Police Captain,Public Safety,0.98,Very High,First-Line Supervisors of Police and Detectives,33-1012.00,https://www.onetcenter.org/dictionary/30.3/excel/job_titles.html
476,Press Operator,Manufacturing & Production,0.98,Very High,"Cutting, Punching, and Press Machine Setters, Operators, and Tenders, Metal and Plastic",51-4031.00,https://www.onetcenter.org/dictionary/30.3/excel/job_titles.html
477,Prosthodontist,Healthcare,0.98,Very High,Prosthodontists,29-1024.00,https://www.onetcenter.org/dictionary/30.3/excel/job_titles.html
478,Reservationist,Office & Administration,0.98,Very High,Reservation and Transportation Ticket Agents and Travel Clerks,43-4181.00,https://www.onetcenter.org/dictionary/30.3/excel/job_titles.html
479,Sales Director,Management,0.98,Very High,Sales Managers,11-2022.00,https://www.onetcenter.org/dictionary/30.3/excel/job_titles.html
480,Scale Operator,Office & Administration,0.98,Very High,"Weighers, Measurers, Checkers, and Samplers, Recordkeeping",43-5111.00,https://www.onetcenter.org/dictionary/30.3/excel/job_titles.html
481,Screen Printer,Manufacturing & Production,0.98,Very High,Printing Press Operators,51-5112.00,https://www.onetcenter.org/dictionary/30.3/excel/job_titles.html
482,Shipping Clerk,Office & Administration,0.98,Very High,"Shipping, Receiving, and Inventory Clerks",43-5071.00,https://www.onetcenter.org/dictionary/30.3/excel/job_titles.html
483,Sound Designer,"Arts, Media & Design",0.98,Very High,Sound Engineering Technicians,27-4014.00,https://www.onetcenter.org/dictionary/30.3/excel/job_titles.html
484,Sound Engineer,"Arts, Media & Design",0.98,Very High,Sound Engineering Technicians,27-4014.00,https://www.onetcenter.org/dictionary/30.3/excel/job_titles.html
485,Tax Accountant,Business & Finance,0.98,Very High,Accountants and Auditors,13-2011.00,https://www.onetcenter.org/dictionary/30.3/excel/job_titles.html
486,Tile Installer,Construction & Trades,0.98,Very High,Tile and Stone Setters,47-2044.00,https://www.onetcenter.org/dictionary/30.3/excel/job_titles.html
487,Title Examiner,Law,0.98,Very High,"Title Examiners, Abstractors, and Searchers",23-2093.00,https://www.onetcenter.org/dictionary/30.3/excel/job_titles.html
488,Tool Sharpener,Manufacturing & Production,0.98,Very High,"Tool Grinders, Filers, and Sharpeners",51-4194.00,https://www.onetcenter.org/dictionary/30.3/excel/job_titles.html
489,Trial Attorney,Law,0.98,Very High,Lawyers,23-1011.00,https://www.onetcenter.org/dictionary/30.3/excel/job_titles.html
490,Truck Mechanic,"Installation, Maintenance & Repair",0.98,Very High,"Mobile Heavy Equipment Mechanics, Except Engines",49-3042.00,https://www.onetcenter.org/dictionary/30.3/excel/job_titles.html
491,Urban Forester,Science,0.98,Very High,Foresters,19-1032.00,https://www.onetcenter.org/dictionary/30.3/excel/job_titles.html
492,Word Processor,Office & Administration,0.98,Very High,Word Processors and Typists,43-9022.00,https://www.onetcenter.org/dictionary/30.3/excel/job_titles.html
493,Activities Aide,Personal Care & Services,0.98,Very High,Recreation Workers,39-9032.00,https://www.onetcenter.org/dictionary/30.3/excel/job_titles.html
494,Admitting Clerk,Office & Administration,0.98,Very High,"Interviewers, Except Eligibility and Loan",43-4111.00,https://www.onetcenter.org/dictionary/30.3/excel/job_titles.html
495,Banquet Captain,Food & Hospitality,0.98,Very High,First-Line Supervisors of Food Preparation and Serving Workers,35-1012.00,https://www.onetcenter.org/dictionary/30.3/excel/job_titles.html
496,Boiler Operator,Manufacturing & Production,0.98,Very High,Stationary Engineers and Boiler Operators,51-8021.00,https://www.onetcenter.org/dictionary/30.3/excel/job_titles.html
497,Brand Inspector,"Agriculture, Fishing & Forestry",0.98,Very High,Agricultural Inspectors,45-2011.00,https://www.onetcenter.org/dictionary/30.3/excel/job_titles.html
498,Bridge Operator,Transportation & Logistics,0.98,Very High,Bridge and Lock Tenders,53-6011.00,https://www.onetcenter.org/dictionary/30.3/excel/job_titles.html
499,Cabinet Builder,Manufacturing & Production,0.98,Very High,Cabinetmakers and Bench Carpenters,51-7011.00,https://www.onetcenter.org/dictionary/30.3/excel/job_titles.html
500,Cement Finisher,Construction & Trades,0.98,Very High,Cement Masons and Concrete Finishers,47-2051.00,https://www.onetcenter.org/dictionary/30.3/excel/job_titles.html
501,Chef de Cuisine,Food & Hospitality,0.98,Very High,Chefs and Head Cooks,35-1011.00,https://www.onetcenter.org/dictionary/30.3/excel/job_titles.html
502,Cinematographer,"Arts, Media & Design",0.98,Very High,"Camera Operators, Television, Video, and Film",27-4031.00,https://www.onetcenter.org/dictionary/30.3/excel/job_titles.html
503,Cocktail Server,Food & Hospitality,0.98,Very High,Waiters and Waitresses,35-3031.00,https://www.onetcenter.org/dictionary/30.3/excel/job_titles.html
504,Cooker Operator,Manufacturing & Production,0.98,Very High,Food Cooking Machine Operators and Tenders,51-3093.00,https://www.onetcenter.org/dictionary/30.3/excel/job_titles.html
505,Cooler Operator,Manufacturing & Production,0.98,Very High,Cooling and Freezing Equipment Operators and Tenders,51-9193.00,https://www.onetcenter.org/dictionary/30.3/excel/job_titles.html
506,Corporate Pilot,Transportation & Logistics,0.98,Very High,Commercial Pilots,53-2012.00,https://www.onetcenter.org/dictionary/30.3/excel/job_titles.html
507,Cost Accountant,Business & Finance,0.98,Very High,Accountants and Auditors,13-2011.00,https://www.onetcenter.org/dictionary/30.3/excel/job_titles.html
508,Cutter Operator,Manufacturing & Production,0.98,Very High,"Cutting and Slicing Machine Setters, Operators, and Tenders",51-9032.00,https://www.onetcenter.org/dictionary/30.3/excel/job_titles.html
509,Dairy Inspector,"Agriculture, Fishing & Forestry",0.98,Very High,Agricultural Inspectors,45-2011.00,https://www.onetcenter.org/dictionary/30.3/excel/job_titles.html
510,Delivery Driver,Transportation & Logistics,0.98,Very High,Light Truck Drivers,53-3033.00,https://www.onetcenter.org/dictionary/30.3/excel/job_titles.html
511,Dental Ceramist,Manufacturing & Production,0.98,Very High,Dental Laboratory Technicians,51-9081.00,https://www.onetcenter.org/dictionary/30.3/excel/job_titles.html
512,Design Engineer,Engineering & Architecture,0.98,Very High,Aerospace Engineers,17-2011.00,https://www.onetcenter.org/dictionary/30.3/excel/job_titles.html
513,Diesel Mechanic,"Installation, Maintenance & Repair",0.98,Very High,Bus and Truck Mechanics and Diesel Engine Specialists,49-3031.00,https://www.onetcenter.org/dictionary/30.3/excel/job_titles.html
514,District Ranger,Public Safety,0.98,Very High,Forest Fire Inspectors and Prevention Specialists,33-2022.00,https://www.onetcenter.org/dictionary/30.3/excel/job_titles.html
515,Fashion Advisor,"Arts, Media & Design",0.98,Very High,Fashion Designers,27-1022.00,https://www.onetcenter.org/dictionary/30.3/excel/job_titles.html
516,Fence Installer,Construction & Trades,0.98,Very High,Fence Erectors,47-4031.00,https://www.onetcenter.org/dictionary/30.3/excel/job_titles.html
517,Filler Operator,Manufacturing & Production,0.98,Very High,Packaging and Filling Machine Operators and Tenders,51-9111.00,https://www.onetcenter.org/dictionary/30.3/excel/job_titles.html
518,Fitness Trainer,Personal Care & Services,0.98,Very High,Exercise Trainers and Group Fitness Instructors,39-9031.00,https://www.onetcenter.org/dictionary/30.3/excel/job_titles.html
519,Flaker Operator,Manufacturing & Production,0.98,Very High,"Food and Tobacco Roasting, Baking, and Drying Machine Operators and Tenders",51-3091.00,https://www.onetcenter.org/dictionary/30.3/excel/job_titles.html
520,Forklift Driver,Transportation & Logistics,0.98,Very High,Industrial Truck and Tractor Operators,53-7051.00,https://www.onetcenter.org/dictionary/30.3/excel/job_titles.html
521,Gaming Director,Management,0.98,Very High,Gambling Managers,11-9071.00,https://www.onetcenter.org/dictionary/30.3/excel/job_titles.html
522,Garment Presser,Manufacturing & Production,0.98,Very High,"Pressers, Textile, Garment, and Related Materials",51-6021.00,https://www.onetcenter.org/dictionary/30.3/excel/job_titles.html
523,General Counsel,Law,0.98,Very High,Lawyers,23-1011.00,https://www.onetcenter.org/dictionary/30.3/excel/job_titles.html
524,Glass Installer,Construction & Trades,0.98,Very High,Glaziers,47-2121.00,https://www.onetcenter.org/dictionary/30.3/excel/job_titles.html
525,Header Operator,Manufacturing & Production,0.98,Very High,"Forging Machine Setters, Operators, and Tenders, Metal and Plastic",51-4022.00,https://www.onetcenter.org/dictionary/30.3/excel/job_titles.html
526,Health Director,Management,0.98,Very High,Medical and Health Services Managers,11-9111.00,https://www.onetcenter.org/dictionary/30.3/excel/job_titles.html
527,Health Educator,Community & Social Services,0.98,Very High,Health Education Specialists,21-1091.00,https://www.onetcenter.org/dictionary/30.3/excel/job_titles.html
528,Hearing Officer,Law,0.98,Very High,"Administrative Law Judges, Adjudicators, and Hearing Officers",23-1021.00,https://www.onetcenter.org/dictionary/30.3/excel/job_titles.html
529,Insurance Agent,Sales,0.98,Very High,Insurance Sales Agents,41-3021.00,https://www.onetcenter.org/dictionary/30.3/excel/job_titles.html
530,Machine Builder,Manufacturing & Production,0.98,Very High,Engine and Other Machine Assemblers,51-2031.00,https://www.onetcenter.org/dictionary/30.3/excel/job_titles.html
531,Material Cutter,Manufacturing & Production,0.98,Very High,"Textile Cutting Machine Setters, Operators, and Tenders",51-6062.00,https://www.onetcenter.org/dictionary/30.3/excel/job_titles.html
532,Meat Specialist,Manufacturing & Production,0.98,Very High,Butchers and Meat Cutters,51-3021.00,https://www.onetcenter.org/dictionary/30.3/excel/job_titles.html
533,Meeting Planner,Business & Finance,0.98,Very High,"Meeting, Convention, and Event Planners",13-1121.00,https://www.onetcenter.org/dictionary/30.3/excel/job_titles.html
534,Meter Installer,"Installation, Maintenance & Repair",0.98,Very High,"Control and Valve Installers and Repairers, Except Mechanical Door",49-9012.00,https://www.onetcenter.org/dictionary/30.3/excel/job_titles.html
535,Mining Engineer,Engineering & Architecture,0.98,Very High,"Mining and Geological Engineers, Including Mining Safety Engineers",17-2151.00,https://www.onetcenter.org/dictionary/30.3/excel/job_titles.html
536,Molder Operator,Manufacturing & Production,0.98,Very High,"Woodworking Machine Setters, Operators, and Tenders, Except Sawing",51-7042.00,https://www.onetcenter.org/dictionary/30.3/excel/job_titles.html
537,Network Analyst,"Software, IT & Data",0.98,Very High,Computer Network Architects,15-1241.00,https://www.onetcenter.org/dictionary/30.3/excel/job_titles.html
538,Package Handler,Transportation & Logistics,0.98,Very High,"Laborers and Freight, Stock, and Material Movers, Hand",53-7062.00,https://www.onetcenter.org/dictionary/30.3/excel/job_titles.html
539,Photojournalist,"Arts, Media & Design",0.98,Very High,Photographers,27-4021.00,https://www.onetcenter.org/dictionary/30.3/excel/job_titles.html
540,Police Sergeant,Public Safety,0.98,Very High,First-Line Supervisors of Police and Detectives,33-1012.00,https://www.onetcenter.org/dictionary/30.3/excel/job_titles.html
541,Pricing Actuary,"Software, IT & Data",0.98,Very High,Actuaries,15-2011.00,https://www.onetcenter.org/dictionary/30.3/excel/job_titles.html
542,Receiving Clerk,Office & Administration,0.98,Very High,"Shipping, Receiving, and Inventory Clerks",43-5071.00,https://www.onetcenter.org/dictionary/30.3/excel/job_titles.html
543,Revenue Officer,Business & Finance,0.98,Very High,"Tax Examiners and Collectors, and Revenue Agents",13-2081.00,https://www.onetcenter.org/dictionary/30.3/excel/job_titles.html
544,Router Operator,Manufacturing & Production,0.98,Very High,"Woodworking Machine Setters, Operators, and Tenders, Except Sawing",51-7042.00,https://www.onetcenter.org/dictionary/30.3/excel/job_titles.html
545,Safety Engineer,Engineering & Architecture,0.98,Very High,"Mining and Geological Engineers, Including Mining Safety Engineers",17-2151.00,https://www.onetcenter.org/dictionary/30.3/excel/job_titles.html
546,Science Teacher,Education & Library,0.98,Very High,"Secondary School Teachers, Except Special and Career/Technical Education",25-2031.00,https://www.onetcenter.org/dictionary/30.3/excel/job_titles.html
547,Screed Operator,Construction & Trades,0.98,Very High,"Paving, Surfacing, and Tamping Equipment Operators",47-2071.00,https://www.onetcenter.org/dictionary/30.3/excel/job_titles.html
548,Service Manager,"Installation, Maintenance & Repair",0.98,Very High,"First-Line Supervisors of Mechanics, Installers, and Repairers",49-1011.00,https://www.onetcenter.org/dictionary/30.3/excel/job_titles.html
549,Spanish Teacher,Education & Library,0.98,Very High,"Foreign Language and Literature Teachers, Postsecondary",25-1124.00,https://www.onetcenter.org/dictionary/30.3/excel/job_titles.html
550,Stress Engineer,Engineering & Architecture,0.98,Very High,Aerospace Engineers,17-2011.00,https://www.onetcenter.org/dictionary/30.3/excel/job_titles.html
551,Student Advisor,Community & Social Services,0.98,Very High,"Educational, Guidance, and Career Counselors and Advisors",21-1012.00,https://www.onetcenter.org/dictionary/30.3/excel/job_titles.html
552,Surface Grinder,Manufacturing & Production,0.98,Very High,"Grinding, Lapping, Polishing, and Buffing Machine Tool Setters, Operators, and Tenders, Metal and Plastic",51-4033.00,https://www.onetcenter.org/dictionary/30.3/excel/job_titles.html
553,Teaching Fellow,Education & Library,0.98,Very High,"Teaching Assistants, Postsecondary",25-9044.00,https://www.onetcenter.org/dictionary/30.3/excel/job_titles.html
554,Tire Technician,"Installation, Maintenance & Repair",0.98,Very High,Tire Repairers and Changers,49-3093.00,https://www.onetcenter.org/dictionary/30.3/excel/job_titles.html
555,Train Conductor,Transportation & Logistics,0.98,Very High,Railroad Conductors and Yardmasters,53-4031.00,https://www.onetcenter.org/dictionary/30.3/excel/job_titles.html
556,Tugger Operator,Transportation & Logistics,0.98,Very High,Hoist and Winch Operators,53-7041.00,https://www.onetcenter.org/dictionary/30.3/excel/job_titles.html
557,Visual Designer,"Arts, Media & Design",0.98,Very High,Graphic Designers,27-1024.00,https://www.onetcenter.org/dictionary/30.3/excel/job_titles.html
558,Winder Operator,Manufacturing & Production,0.98,Very High,"Textile Winding, Twisting, and Drawing Out Machine Setters, Operators, and Tenders",51-6064.00,https://www.onetcenter.org/dictionary/30.3/excel/job_titles.html
559,Yoga Instructor,Personal Care & Services,0.98,Very High,Exercise Trainers and Group Fitness Instructors,39-9031.00,https://www.onetcenter.org/dictionary/30.3/excel/job_titles.html
560,Aircraft Cleaner,Transportation & Logistics,0.98,Very High,Cleaners of Vehicles and Equipment,53-7061.00,https://www.onetcenter.org/dictionary/30.3/excel/job_titles.html
561,Alarm Technician,"Installation, Maintenance & Repair",0.98,Very High,Security and Fire Alarm Systems Installers,49-2098.00,https://www.onetcenter.org/dictionary/30.3/excel/job_titles.html
562,Anesthesiologist,Healthcare,0.98,Very High,Anesthesiologists,29-1211.00,https://www.onetcenter.org/dictionary/30.3/excel/job_titles.html
563,Apparel Designer,"Arts, Media & Design",0.98,Very High,Fashion Designers,27-1022.00,https://www.onetcenter.org/dictionary/30.3/excel/job_titles.html
564,Appeals Examiner,Law,0.98,Very High,"Administrative Law Judges, Adjudicators, and Hearing Officers",23-1021.00,https://www.onetcenter.org/dictionary/30.3/excel/job_titles.html
565,Athletic Trainer,Healthcare,0.98,Very High,Athletic Trainers,29-9091.00,https://www.onetcenter.org/dictionary/30.3/excel/job_titles.html
566,Basketball Coach,"Arts, Media & Design",0.98,Very High,Coaches and Scouts,27-2022.00,https://www.onetcenter.org/dictionary/30.3/excel/job_titles.html
567,Benefits Analyst,Business & Finance,0.98,Very High,"Compensation, Benefits, and Job Analysis Specialists",13-1141.00,https://www.onetcenter.org/dictionary/30.3/excel/job_titles.html
568,Blackjack Dealer,Personal Care & Services,0.98,Very High,Gambling Dealers,39-3011.00,https://www.onetcenter.org/dictionary/30.3/excel/job_titles.html
569,Bridge Inspector,Construction & Trades,0.98,Very High,Construction and Building Inspectors,47-4011.00,https://www.onetcenter.org/dictionary/30.3/excel/job_titles.html
570,Buffet Attendant,Food & Hospitality,0.98,Very High,Dining Room and Cafeteria Attendants and Bartender Helpers,35-9011.00,https://www.onetcenter.org/dictionary/30.3/excel/job_titles.html
571,Business Analyst,Business & Finance,0.98,Very High,Management Analysts,13-1111.00,https://www.onetcenter.org/dictionary/30.3/excel/job_titles.html
572,Cabinet Finisher,Manufacturing & Production,0.98,Very High,Furniture Finishers,51-7021.00,https://www.onetcenter.org/dictionary/30.3/excel/job_titles.html
573,Cafeteria Worker,Food & Hospitality,0.98,Very High,Dining Room and Cafeteria Attendants and Bartender Helpers,35-9011.00,https://www.onetcenter.org/dictionary/30.3/excel/job_titles.html
574,Career Counselor,Community & Social Services,0.98,Very High,"Educational, Guidance, and Career Counselors and Advisors",21-1012.00,https://www.onetcenter.org/dictionary/30.3/excel/job_titles.html
575,Carpenter Helper,Construction & Trades,0.98,Very High,Helpers--Carpenters,47-3012.00,https://www.onetcenter.org/dictionary/30.3/excel/job_titles.html
576,Carpet Installer,Construction & Trades,0.98,Very High,Carpet Installers,47-2041.00,https://www.onetcenter.org/dictionary/30.3/excel/job_titles.html
577,Clothing Presser,Manufacturing & Production,0.98,Very High,"Pressers, Textile, Garment, and Related Materials",51-6021.00,https://www.onetcenter.org/dictionary/30.3/excel/job_titles.html
578,Commercial Diver,"Installation, Maintenance & Repair",0.98,Very High,Commercial Divers,49-9092.00,https://www.onetcenter.org/dictionary/30.3/excel/job_titles.html
579,Contract Analyst,Business & Finance,0.98,Very High,"Purchasing Agents, Except Wholesale, Retail, and Farm Products",13-1023.00,https://www.onetcenter.org/dictionary/30.3/excel/job_titles.html
580,Control Operator,"Arts, Media & Design",0.98,Very High,Broadcast Technicians,27-4012.00,https://www.onetcenter.org/dictionary/30.3/excel/job_titles.html
581,Data Entry Clerk,Office & Administration,0.98,Very High,Data Entry Keyers,43-9021.00,https://www.onetcenter.org/dictionary/30.3/excel/job_titles.html
582,Dental Hygienist,Healthcare,0.98,Very High,Dental Hygienists,29-1292.00,https://www.onetcenter.org/dictionary/30.3/excel/job_titles.html
583,District Manager,Management,0.98,Very High,General and Operations Managers,11-1021.00,https://www.onetcenter.org/dictionary/30.3/excel/job_titles.html
584,Drain Technician,Construction & Trades,0.98,Very High,Septic Tank Servicers and Sewer Pipe Cleaners,47-4071.00,https://www.onetcenter.org/dictionary/30.3/excel/job_titles.html
585,Drywall Finisher,Construction & Trades,0.98,Very High,Drywall and Ceiling Tile Installers,47-2081.00,https://www.onetcenter.org/dictionary/30.3/excel/job_titles.html
586,Family Counselor,Community & Social Services,0.98,Very High,Marriage and Family Therapists,21-1013.00,https://www.onetcenter.org/dictionary/30.3/excel/job_titles.html
587,Family Physician,Healthcare,0.98,Very High,Family Medicine Physicians,29-1215.00,https://www.onetcenter.org/dictionary/30.3/excel/job_titles.html
588,Family Therapist,Community & Social Services,0.98,Very High,Marriage and Family Therapists,21-1013.00,https://www.onetcenter.org/dictionary/30.3/excel/job_titles.html
589,Fashion Designer,"Arts, Media & Design",0.98,Very High,Fashion Designers,27-1022.00,https://www.onetcenter.org/dictionary/30.3/excel/job_titles.html
590,Florist Designer,"Arts, Media & Design",0.98,Very High,Floral Designers,27-1023.00,https://www.onetcenter.org/dictionary/30.3/excel/job_titles.html
591,Freezer Operator,Manufacturing & Production,0.98,Very High,Cooling and Freezing Equipment Operators and Tenders,51-9193.00,https://www.onetcenter.org/dictionary/30.3/excel/job_titles.html
592,Freight Receiver,Office & Administration,0.98,Very High,Cargo and Freight Agents,43-5011.00,https://www.onetcenter.org/dictionary/30.3/excel/job_titles.html
593,Front Desk Clerk,Office & Administration,0.98,Very High,"Hotel, Motel, and Resort Desk Clerks",43-4081.00,https://www.onetcenter.org/dictionary/30.3/excel/job_titles.html
594,Funeral Arranger,Personal Care & Services,0.98,Very High,"Morticians, Undertakers, and Funeral Arrangers",39-4031.00,https://www.onetcenter.org/dictionary/30.3/excel/job_titles.html
595,Funeral Director,Personal Care & Services,0.98,Very High,"Morticians, Undertakers, and Funeral Arrangers",39-4031.00,https://www.onetcenter.org/dictionary/30.3/excel/job_titles.html
596,Furnace Operator,Manufacturing & Production,0.98,Very High,Metal-Refining Furnace Operators and Tenders,51-4051.00,https://www.onetcenter.org/dictionary/30.3/excel/job_titles.html
597,Garage Attendant,Transportation & Logistics,0.98,Very High,Automotive and Watercraft Service Attendants,53-6031.00,https://www.onetcenter.org/dictionary/30.3/excel/job_titles.html
598,Granite Polisher,Manufacturing & Production,0.98,Very High,"Crushing, Grinding, and Polishing Machine Setters, Operators, and Tenders",51-9021.00,https://www.onetcenter.org/dictionary/30.3/excel/job_titles.html
599,Graphic Designer,"Arts, Media & Design",0.98,Very High,Graphic Designers,27-1024.00,https://www.onetcenter.org/dictionary/30.3/excel/job_titles.html
600,Grinder Operator,Manufacturing & Production,0.98,Very High,"Grinding, Lapping, Polishing, and Buffing Machine Tool Setters, Operators, and Tenders, Metal and Plastic",51-4033.00,https://www.onetcenter.org/dictionary/30.3/excel/job_titles.html
601,Health Physicist,Science,0.98,Very High,Physicists,19-2012.00,https://www.onetcenter.org/dictionary/30.3/excel/job_titles.html
602,Hearings Officer,Law,0.98,Very High,"Administrative Law Judges, Adjudicators, and Hearing Officers",23-1021.00,https://www.onetcenter.org/dictionary/30.3/excel/job_titles.html
603,Helicopter Pilot,Transportation & Logistics,0.98,Very High,Commercial Pilots,53-2012.00,https://www.onetcenter.org/dictionary/30.3/excel/job_titles.html
604,Interior Painter,Construction & Trades,0.98,Very High,"Painters, Construction and Maintenance",47-2141.00,https://www.onetcenter.org/dictionary/30.3/excel/job_titles.html
605,Jewelry Polisher,Manufacturing & Production,0.98,Very High,"Grinding and Polishing Workers, Hand",51-9022.00,https://www.onetcenter.org/dictionary/30.3/excel/job_titles.html
606,Kennel Attendant,Personal Care & Services,0.98,Very High,Animal Caretakers,39-2021.00,https://www.onetcenter.org/dictionary/30.3/excel/job_titles.html
607,Kitchen Designer,"Arts, Media & Design",0.98,Very High,Interior Designers,27-1025.00,https://www.onetcenter.org/dictionary/30.3/excel/job_titles.html
608,Knitter Operator,Manufacturing & Production,0.98,Very High,"Textile Knitting and Weaving Machine Setters, Operators, and Tenders",51-6063.00,https://www.onetcenter.org/dictionary/30.3/excel/job_titles.html
609,Material Handler,Transportation & Logistics,0.98,Very High,"Laborers and Freight, Stock, and Material Movers, Hand",53-7062.00,https://www.onetcenter.org/dictionary/30.3/excel/job_titles.html
610,Medical Director,Management,0.98,Very High,Medical and Health Services Managers,11-9111.00,https://www.onetcenter.org/dictionary/30.3/excel/job_titles.html
611,Nuclear Engineer,Engineering & Architecture,0.98,Very High,Nuclear Engineers,17-2161.00,https://www.onetcenter.org/dictionary/30.3/excel/job_titles.html
612,Package Designer,"Arts, Media & Design",0.98,Very High,Commercial and Industrial Designers,27-1021.00,https://www.onetcenter.org/dictionary/30.3/excel/job_titles.html
613,Personal Trainer,Personal Care & Services,0.98,Very High,Exercise Trainers and Group Fitness Instructors,39-9031.00,https://www.onetcenter.org/dictionary/30.3/excel/job_titles.html
614,Photogrammetrist,Engineering & Architecture,0.98,Very High,Cartographers and Photogrammetrists,17-1021.00,https://www.onetcenter.org/dictionary/30.3/excel/job_titles.html
615,Process Engineer,Engineering & Architecture,0.98,Very High,Chemical Engineers,17-2041.00,https://www.onetcenter.org/dictionary/30.3/excel/job_titles.html
616,Property Manager,Management,0.98,Very High,"Property, Real Estate, and Community Association Managers",11-9141.00,https://www.onetcenter.org/dictionary/30.3/excel/job_titles.html
617,Psychiatric Aide,Healthcare Support,0.98,Very High,Psychiatric Aides,31-1133.00,https://www.onetcenter.org/dictionary/30.3/excel/job_titles.html
618,Purchasing Agent,Business & Finance,0.98,Very High,"Wholesale and Retail Buyers, Except Farm Products",13-1022.00,https://www.onetcenter.org/dictionary/30.3/excel/job_titles.html
619,Purchasing Clerk,Office & Administration,0.98,Very High,Procurement Clerks,43-3061.00,https://www.onetcenter.org/dictionary/30.3/excel/job_titles.html
620,Refuse Collector,Transportation & Logistics,0.98,Very High,Refuse and Recyclable Material Collectors,53-7081.00,https://www.onetcenter.org/dictionary/30.3/excel/job_titles.html
621,Relay Technician,"Installation, Maintenance & Repair",0.98,Very High,"Electrical and Electronics Repairers, Powerhouse, Substation, and Relay",49-2095.00,https://www.onetcenter.org/dictionary/30.3/excel/job_titles.html
622,Sales Supervisor,Sales,0.98,Very High,First-Line Supervisors of Retail Sales Workers,41-1011.00,https://www.onetcenter.org/dictionary/30.3/excel/job_titles.html
623,School Counselor,Community & Social Services,0.98,Very High,"Educational, Guidance, and Career Counselors and Advisors",21-1012.00,https://www.onetcenter.org/dictionary/30.3/excel/job_titles.html
624,Security Officer,Public Safety,0.98,Very High,Gambling Surveillance Officers and Gambling Investigators,33-9031.00,https://www.onetcenter.org/dictionary/30.3/excel/job_titles.html
625,Sheeter Operator,Manufacturing & Production,0.98,Very High,"Cutting and Slicing Machine Setters, Operators, and Tenders",51-9032.00,https://www.onetcenter.org/dictionary/30.3/excel/job_titles.html
626,Sourcing Manager,Management,0.98,Very High,Purchasing Managers,11-3061.00,https://www.onetcenter.org/dictionary/30.3/excel/job_titles.html
627,Speech Therapist,Healthcare,0.98,Very High,Speech-Language Pathologists,29-1127.00,https://www.onetcenter.org/dictionary/30.3/excel/job_titles.html
628,Sprayer Operator,Manufacturing & Production,0.98,Very High,"Plating Machine Setters, Operators, and Tenders, Metal and Plastic",51-4193.00,https://www.onetcenter.org/dictionary/30.3/excel/job_titles.html
629,Technical Editor,"Arts, Media & Design",0.98,Very High,Editors,27-3041.00,https://www.onetcenter.org/dictionary/30.3/excel/job_titles.html
630,Technical Writer,"Arts, Media & Design",0.98,Very High,Technical Writers,27-3042.00,https://www.onetcenter.org/dictionary/30.3/excel/job_titles.html
631,Tooling Engineer,Engineering & Architecture,0.98,Very High,Mechanical Engineers,17-2141.00,https://www.onetcenter.org/dictionary/30.3/excel/job_titles.html
632,Track Maintainer,Construction & Trades,0.98,Very High,Rail-Track Laying and Maintenance Equipment Operators,47-4061.00,https://www.onetcenter.org/dictionary/30.3/excel/job_titles.html
633,Trailer Mechanic,"Installation, Maintenance & Repair",0.98,Very High,Bus and Truck Mechanics and Diesel Engine Specialists,49-3031.00,https://www.onetcenter.org/dictionary/30.3/excel/job_titles.html
634,Training Manager,Management,0.98,Very High,Training and Development Managers,11-3131.00,https://www.onetcenter.org/dictionary/30.3/excel/job_titles.html
635,Travel Counselor,Sales,0.98,Very High,Travel Agents,41-3041.00,https://www.onetcenter.org/dictionary/30.3/excel/job_titles.html
636,Ultrasonographer,Healthcare,0.98,Very High,Diagnostic Medical Sonographers,29-2032.00,https://www.onetcenter.org/dictionary/30.3/excel/job_titles.html
637,Wallpaper Hanger,Construction & Trades,0.98,Very High,Paperhangers,47-2142.00,https://www.onetcenter.org/dictionary/30.3/excel/job_titles.html
638,Warehouse Worker,Transportation & Logistics,0.98,Very High,"Laborers and Freight, Stock, and Material Movers, Hand",53-7062.00,https://www.onetcenter.org/dictionary/30.3/excel/job_titles.html
639,Welding Engineer,Engineering & Architecture,0.98,Very High,Materials Engineers,17-2131.00,https://www.onetcenter.org/dictionary/30.3/excel/job_titles.html
640,Window Installer,"Installation, Maintenance & Repair",0.98,Very High,Automotive Glass Installers and Repairers,49-3022.00,https://www.onetcenter.org/dictionary/30.3/excel/job_titles.html
641,Apartment Manager,Management,0.98,Very High,"Property, Real Estate, and Community Association Managers",11-9141.00,https://www.onetcenter.org/dictionary/30.3/excel/job_titles.html
642,Benefits Director,Management,0.98,Very High,Compensation and Benefits Managers,11-3111.00,https://www.onetcenter.org/dictionary/30.3/excel/job_titles.html
643,Bicycle Messenger,Office & Administration,0.98,Very High,Couriers and Messengers,43-5021.00,https://www.onetcenter.org/dictionary/30.3/excel/job_titles.html
644,Bricklayer Helper,Construction & Trades,0.98,Very High,"Helpers--Brickmasons, Blockmasons, Stonemasons, and Tile and Marble Setters",47-3011.00,https://www.onetcenter.org/dictionary/30.3/excel/job_titles.html
645,Chemical Operator,Manufacturing & Production,0.98,Very High,Chemical Equipment Operators and Tenders,51-9011.00,https://www.onetcenter.org/dictionary/30.3/excel/job_titles.html
646,Child Care Sitter,Personal Care & Services,0.98,Very High,Childcare Workers,39-9011.00,https://www.onetcenter.org/dictionary/30.3/excel/job_titles.html
647,Children's Pastor,Community & Social Services,0.98,Very High,Clergy,21-2011.00,https://www.onetcenter.org/dictionary/30.3/excel/job_titles.html
648,Circulation Clerk,Office & Administration,0.98,Very High,"Library Assistants, Clerical",43-4121.00,https://www.onetcenter.org/dictionary/30.3/excel/job_titles.html
649,Collections Clerk,Office & Administration,0.98,Very High,Bill and Account Collectors,43-3011.00,https://www.onetcenter.org/dictionary/30.3/excel/job_titles.html
650,Commercial Lender,Business & Finance,0.98,Very High,Loan Officers,13-2072.00,https://www.onetcenter.org/dictionary/30.3/excel/job_titles.html
651,Computer Engineer,Engineering & Architecture,0.98,Very High,Computer Hardware Engineers,17-2061.00,https://www.onetcenter.org/dictionary/30.3/excel/job_titles.html
652,Concrete Finisher,Construction & Trades,0.98,Very High,Cement Masons and Concrete Finishers,47-2051.00,https://www.onetcenter.org/dictionary/30.3/excel/job_titles.html
653,Copier Technician,"Installation, Maintenance & Repair",0.98,Very High,"Computer, Automated Teller, and Office Machine Repairers",49-2011.00,https://www.onetcenter.org/dictionary/30.3/excel/job_titles.html
654,Corporate Counsel,Law,0.98,Very High,Lawyers,23-1011.00,https://www.onetcenter.org/dictionary/30.3/excel/job_titles.html
655,Court Interpreter,"Arts, Media & Design",0.98,Very High,Interpreters and Translators,27-3091.00,https://www.onetcenter.org/dictionary/30.3/excel/job_titles.html
656,Desktop Publisher,Office & Administration,0.98,Very High,Desktop Publishers,43-9031.00,https://www.onetcenter.org/dictionary/30.3/excel/job_titles.html
657,Detention Officer,Public Safety,0.98,Very High,Correctional Officers and Jailers,33-3012.00,https://www.onetcenter.org/dictionary/30.3/excel/job_titles.html
658,Diabetes Educator,Community & Social Services,0.98,Very High,Health Education Specialists,21-1091.00,https://www.onetcenter.org/dictionary/30.3/excel/job_titles.html
659,Digital Archivist,Education & Library,0.98,Very High,Archivists,25-4011.00,https://www.onetcenter.org/dictionary/30.3/excel/job_titles.html
660,Drilling Engineer,Engineering & Architecture,0.98,Very High,Petroleum Engineers,17-2171.00,https://www.onetcenter.org/dictionary/30.3/excel/job_titles.html
661,Drywall Installer,Construction & Trades,0.98,Very High,Drywall and Ceiling Tile Installers,47-2081.00,https://www.onetcenter.org/dictionary/30.3/excel/job_titles.html
662,Electrical Helper,Construction & Trades,0.98,Very High,Helpers--Electricians,47-3013.00,https://www.onetcenter.org/dictionary/30.3/excel/job_titles.html
663,Extruder Operator,Manufacturing & Production,0.98,Very High,"Extruding, Forming, Pressing, and Compacting Machine Setters, Operators, and Tenders",51-9041.00,https://www.onetcenter.org/dictionary/30.3/excel/job_titles.html
664,Financial Advisor,Business & Finance,0.98,Very High,Personal Financial Advisors,13-2052.00,https://www.onetcenter.org/dictionary/30.3/excel/job_titles.html
665,Financial Planner,Business & Finance,0.98,Very High,Personal Financial Advisors,13-2052.00,https://www.onetcenter.org/dictionary/30.3/excel/job_titles.html
666,Food Technologist,Science,0.98,Very High,Food Scientists and Technologists,19-1012.00,https://www.onetcenter.org/dictionary/30.3/excel/job_titles.html
667,Forklift Mechanic,"Installation, Maintenance & Repair",0.98,Very High,"Mobile Heavy Equipment Mechanics, Except Engines",49-3042.00,https://www.onetcenter.org/dictionary/30.3/excel/job_titles.html
668,Forklift Operator,Transportation & Logistics,0.98,Very High,Industrial Truck and Tractor Operators,53-7051.00,https://www.onetcenter.org/dictionary/30.3/excel/job_titles.html
669,Freight Conductor,Transportation & Logistics,0.98,Very High,Railroad Conductors and Yardmasters,53-4031.00,https://www.onetcenter.org/dictionary/30.3/excel/job_titles.html
670,Funeral Attendant,Personal Care & Services,0.98,Very High,Funeral Attendants,39-4021.00,https://www.onetcenter.org/dictionary/30.3/excel/job_titles.html
671,Hearings Examiner,Law,0.98,Very High,"Administrative Law Judges, Adjudicators, and Hearing Officers",23-1021.00,https://www.onetcenter.org/dictionary/30.3/excel/job_titles.html
672,Help Desk Analyst,"Software, IT & Data",0.98,Very High,Computer User Support Specialists,15-1232.00,https://www.onetcenter.org/dictionary/30.3/excel/job_titles.html
673,Interior Designer,"Arts, Media & Design",0.98,Very High,Interior Designers,27-1025.00,https://www.onetcenter.org/dictionary/30.3/excel/job_titles.html
674,Landscape Laborer,Cleaning & Grounds,0.98,Very High,Landscaping and Groundskeeping Workers,37-3011.00,https://www.onetcenter.org/dictionary/30.3/excel/job_titles.html
675,Laundry Attendant,Manufacturing & Production,0.98,Very High,Laundry and Dry-Cleaning Workers,51-6011.00,https://www.onetcenter.org/dictionary/30.3/excel/job_titles.html
676,Licensed Embalmer,Personal Care & Services,0.98,Very High,Embalmers,39-4011.00,https://www.onetcenter.org/dictionary/30.3/excel/job_titles.html
677,Logistics Manager,Management,0.98,Very High,"Transportation, Storage, and Distribution Managers",11-3071.00,https://www.onetcenter.org/dictionary/30.3/excel/job_titles.html
678,Logistics Planner,Business & Finance,0.98,Very High,Logisticians,13-1081.00,https://www.onetcenter.org/dictionary/30.3/excel/job_titles.html
679,Marine Technician,"Installation, Maintenance & Repair",0.98,Very High,Motorboat Mechanics and Service Technicians,49-3051.00,https://www.onetcenter.org/dictionary/30.3/excel/job_titles.html
680,Marketing Analyst,Business & Finance,0.98,Very High,Market Research Analysts and Marketing Specialists,13-1161.00,https://www.onetcenter.org/dictionary/30.3/excel/job_titles.html
681,Marketing Manager,Management,0.98,Very High,Marketing Managers,11-2021.00,https://www.onetcenter.org/dictionary/30.3/excel/job_titles.html
682,Massage Therapist,Healthcare Support,0.98,Very High,Massage Therapists,31-9011.00,https://www.onetcenter.org/dictionary/30.3/excel/job_titles.html
683,Materials Manager,Management,0.98,Very High,Purchasing Managers,11-3061.00,https://www.onetcenter.org/dictionary/30.3/excel/job_titles.html
684,Medical Physicist,Science,0.98,Very High,Physicists,19-2012.00,https://www.onetcenter.org/dictionary/30.3/excel/job_titles.html
685,Network Architect,"Software, IT & Data",0.98,Very High,Computer Network Architects,15-1241.00,https://www.onetcenter.org/dictionary/30.3/excel/job_titles.html
686,News Photographer,"Arts, Media & Design",0.98,Very High,Photographers,27-4021.00,https://www.onetcenter.org/dictionary/30.3/excel/job_titles.html
687,Newspaper Carrier,Sales,0.98,Very High,"Door-to-Door Sales Workers, News and Street Vendors, and Related Workers",41-9091.00,https://www.onetcenter.org/dictionary/30.3/excel/job_titles.html
688,Nurse Anesthetist,Healthcare,0.98,Very High,Nurse Anesthetists,29-1151.00,https://www.onetcenter.org/dictionary/30.3/excel/job_titles.html
689,Office Supervisor,Office & Administration,0.98,Very High,First-Line Supervisors of Office and Administrative Support Workers,43-1011.00,https://www.onetcenter.org/dictionary/30.3/excel/job_titles.html
690,Optical Dispenser,Healthcare,0.98,Very High,"Opticians, Dispensing",29-2081.00,https://www.onetcenter.org/dictionary/30.3/excel/job_titles.html
691,Parking Attendant,Transportation & Logistics,0.98,Very High,Parking Attendants,53-6021.00,https://www.onetcenter.org/dictionary/30.3/excel/job_titles.html
692,Police Lieutenant,Public Safety,0.98,Very High,First-Line Supervisors of Police and Detectives,33-1012.00,https://www.onetcenter.org/dictionary/30.3/excel/job_titles.html
693,Preschool Teacher,Education & Library,0.98,Very High,"Preschool Teachers, Except Special Education",25-2011.00,https://www.onetcenter.org/dictionary/30.3/excel/job_titles.html
694,Probation Officer,Community & Social Services,0.98,Very High,Probation Officers and Correctional Treatment Specialists,21-1092.00,https://www.onetcenter.org/dictionary/30.3/excel/job_titles.html
695,Procurement Clerk,Office & Administration,0.98,Very High,Procurement Clerks,43-3061.00,https://www.onetcenter.org/dictionary/30.3/excel/job_titles.html
696,Production Helper,Manufacturing & Production,0.98,Very High,Helpers--Production Workers,51-9198.00,https://www.onetcenter.org/dictionary/30.3/excel/job_titles.html
697,Quality Inspector,Manufacturing & Production,0.98,Very High,"Inspectors, Testers, Sorters, Samplers, and Weighers",51-9061.00,https://www.onetcenter.org/dictionary/30.3/excel/job_titles.html
698,Rail Car Mechanic,"Installation, Maintenance & Repair",0.98,Very High,Rail Car Repairers,49-3043.00,https://www.onetcenter.org/dictionary/30.3/excel/job_titles.html
699,Recreation Leader,Personal Care & Services,0.98,Very High,Recreation Workers,39-9032.00,https://www.onetcenter.org/dictionary/30.3/excel/job_titles.html
700,Reservation Agent,Office & Administration,0.98,Very High,Reservation and Transportation Ticket Agents and Travel Clerks,43-4181.00,https://www.onetcenter.org/dictionary/30.3/excel/job_titles.html
701,Restaurant Server,Food & Hospitality,0.98,Very High,Waiters and Waitresses,35-3031.00,https://www.onetcenter.org/dictionary/30.3/excel/job_titles.html
702,Sanitation Worker,Transportation & Logistics,0.98,Very High,Refuse and Recyclable Material Collectors,53-7081.00,https://www.onetcenter.org/dictionary/30.3/excel/job_titles.html
703,Service Attendant,Transportation & Logistics,0.98,Very High,Automotive and Watercraft Service Attendants,53-6031.00,https://www.onetcenter.org/dictionary/30.3/excel/job_titles.html
704,Signal Maintainer,"Installation, Maintenance & Repair",0.98,Very High,Signal and Track Switch Repairers,49-9097.00,https://www.onetcenter.org/dictionary/30.3/excel/job_titles.html
705,Software Engineer,"Software, IT & Data",0.98,Very High,Software Developers,15-1252.00,https://www.onetcenter.org/dictionary/30.3/excel/job_titles.html
706,Station Attendant,Transportation & Logistics,0.98,Very High,Automotive and Watercraft Service Attendants,53-6031.00,https://www.onetcenter.org/dictionary/30.3/excel/job_titles.html
707,Statistical Clerk,Office & Administration,0.98,Very High,Statistical Assistants,43-9111.00,https://www.onetcenter.org/dictionary/30.3/excel/job_titles.html
708,Studio Technician,"Arts, Media & Design",0.98,Very High,Broadcast Technicians,27-4012.00,https://www.onetcenter.org/dictionary/30.3/excel/job_titles.html
709,Survey Researcher,Science,0.98,Very High,Survey Researchers,19-3022.00,https://www.onetcenter.org/dictionary/30.3/excel/job_titles.html
710,Training Director,Management,0.98,Very High,Training and Development Managers,11-3131.00,https://www.onetcenter.org/dictionary/30.3/excel/job_titles.html
711,Travel Consultant,Sales,0.98,Very High,Travel Agents,41-3041.00,https://www.onetcenter.org/dictionary/30.3/excel/job_titles.html
712,Warehouse Manager,Management,0.98,Very High,"Transportation, Storage, and Distribution Managers",11-3071.00,https://www.onetcenter.org/dictionary/30.3/excel/job_titles.html
713,Wood Patternmaker,Manufacturing & Production,0.98,Very High,"Patternmakers, Wood",51-7032.00,https://www.onetcenter.org/dictionary/30.3/excel/job_titles.html
714,Aerospace Engineer,Engineering & Architecture,0.98,Very High,Aerospace Engineers,17-2011.00,https://www.onetcenter.org/dictionary/30.3/excel/job_titles.html
715,Agricultural Agent,Education & Library,0.98,Very High,Farm and Home Management Educators,25-9021.00,https://www.onetcenter.org/dictionary/30.3/excel/job_titles.html
716,Analytical Chemist,Science,0.98,Very High,Chemists,19-2031.00,https://www.onetcenter.org/dictionary/30.3/excel/job_titles.html
717,Blow Mold Operator,Manufacturing & Production,0.98,Very High,"Molding, Coremaking, and Casting Machine Setters, Operators, and Tenders, Metal and Plastic",51-4072.00,https://www.onetcenter.org/dictionary/30.3/excel/job_titles.html
718,Budget Coordinator,Business & Finance,0.98,Very High,Budget Analysts,13-2031.00,https://www.onetcenter.org/dictionary/30.3/excel/job_titles.html
719,Building Inspector,Construction & Trades,0.98,Very High,Construction and Building Inspectors,47-4011.00,https://www.onetcenter.org/dictionary/30.3/excel/job_titles.html
720,Car Wash Attendant,Transportation & Logistics,0.98,Very High,Cleaners of Vehicles and Equipment,53-7061.00,https://www.onetcenter.org/dictionary/30.3/excel/job_titles.html
721,Chemical Processor,Manufacturing & Production,0.98,Very High,Chemical Equipment Operators and Tenders,51-9011.00,https://www.onetcenter.org/dictionary/30.3/excel/job_titles.html
722,Clinical Dietitian,Healthcare,0.98,Very High,Dietitians and Nutritionists,29-1031.00,https://www.onetcenter.org/dictionary/30.3/excel/job_titles.html
723,Commercial Cleaner,Cleaning & Grounds,0.98,Very High,"Janitors and Cleaners, Except Maids and Housekeeping Cleaners",37-2011.00,https://www.onetcenter.org/dictionary/30.3/excel/job_titles.html
724,Computer Scientist,"Software, IT & Data",0.98,Very High,Computer and Information Research Scientists,15-1221.00,https://www.onetcenter.org/dictionary/30.3/excel/job_titles.html
725,Corporate Attorney,Law,0.98,Very High,Lawyers,23-1011.00,https://www.onetcenter.org/dictionary/30.3/excel/job_titles.html
726,Department Manager,Sales,0.98,Very High,First-Line Supervisors of Retail Sales Workers,41-1011.00,https://www.onetcenter.org/dictionary/30.3/excel/job_titles.html
727,Equipment Mechanic,"Installation, Maintenance & Repair",0.98,Very High,"Mobile Heavy Equipment Mechanics, Except Engines",49-3042.00,https://www.onetcenter.org/dictionary/30.3/excel/job_titles.html
728,Furniture Finisher,Manufacturing & Production,0.98,Very High,Furniture Finishers,51-7021.00,https://www.onetcenter.org/dictionary/30.3/excel/job_titles.html
729,Guidance Counselor,Community & Social Services,0.98,Very High,"Educational, Guidance, and Career Counselors and Advisors",21-1012.00,https://www.onetcenter.org/dictionary/30.3/excel/job_titles.html
730,Harvester Operator,"Agriculture, Fishing & Forestry",0.98,Very High,Agricultural Equipment Operators,45-2091.00,https://www.onetcenter.org/dictionary/30.3/excel/job_titles.html
731,Highway Technician,Engineering & Architecture,0.98,Very High,Civil Engineering Technologists and Technicians,17-3022.00,https://www.onetcenter.org/dictionary/30.3/excel/job_titles.html
732,Investment Advisor,Business & Finance,0.98,Very High,Personal Financial Advisors,13-2052.00,https://www.onetcenter.org/dictionary/30.3/excel/job_titles.html
733,Kitchen Supervisor,Food & Hospitality,0.98,Very High,First-Line Supervisors of Food Preparation and Serving Workers,35-1012.00,https://www.onetcenter.org/dictionary/30.3/excel/job_titles.html
734,Landscape Designer,Engineering & Architecture,0.98,Very High,Landscape Architects,17-1012.00,https://www.onetcenter.org/dictionary/30.3/excel/job_titles.html
735,Maintenance Worker,Cleaning & Grounds,0.98,Very High,Landscaping and Groundskeeping Workers,37-3011.00,https://www.onetcenter.org/dictionary/30.3/excel/job_titles.html
736,Management Analyst,Business & Finance,0.98,Very High,Management Analysts,13-1111.00,https://www.onetcenter.org/dictionary/30.3/excel/job_titles.html
737,Marketing Director,Management,0.98,Very High,Marketing Managers,11-2021.00,https://www.onetcenter.org/dictionary/30.3/excel/job_titles.html
738,Mechanical Drafter,Engineering & Architecture,0.98,Very High,Mechanical Drafters,17-3013.00,https://www.onetcenter.org/dictionary/30.3/excel/job_titles.html
739,Mortgage Processor,Office & Administration,0.98,Very High,Loan Interviewers and Clerks,43-4131.00,https://www.onetcenter.org/dictionary/30.3/excel/job_titles.html
740,Network Specialist,"Software, IT & Data",0.98,Very High,Computer Network Support Specialists,15-1231.00,https://www.onetcenter.org/dictionary/30.3/excel/job_titles.html
741,Network Technician,"Software, IT & Data",0.98,Very High,Computer Network Support Specialists,15-1231.00,https://www.onetcenter.org/dictionary/30.3/excel/job_titles.html
742,Nuclear Technician,Science,0.98,Very High,Nuclear Monitoring Technicians,19-4051.02,https://www.onetcenter.org/dictionary/30.3/excel/job_titles.html
743,Oil Field Operator,Transportation & Logistics,0.98,Very High,Wellhead Pumpers,53-7073.00,https://www.onetcenter.org/dictionary/30.3/excel/job_titles.html
744,Operations Manager,Management,0.98,Very High,General and Operations Managers,11-1021.00,https://www.onetcenter.org/dictionary/30.3/excel/job_titles.html
745,Optical Technician,Manufacturing & Production,0.98,Very High,Ophthalmic Laboratory Technicians,51-9083.00,https://www.onetcenter.org/dictionary/30.3/excel/job_titles.html
746,Orthopedic Surgeon,Healthcare,0.98,Very High,"Orthopedic Surgeons, Except Pediatric",29-1242.00,https://www.onetcenter.org/dictionary/30.3/excel/job_titles.html
747,Packaging Engineer,Engineering & Architecture,0.98,Very High,Industrial Engineers,17-2112.00,https://www.onetcenter.org/dictionary/30.3/excel/job_titles.html
748,Payroll Supervisor,Office & Administration,0.98,Very High,First-Line Supervisors of Office and Administrative Support Workers,43-1011.00,https://www.onetcenter.org/dictionary/30.3/excel/job_titles.html
749,Petroleum Engineer,Engineering & Architecture,0.98,Very High,Petroleum Engineers,17-2171.00,https://www.onetcenter.org/dictionary/30.3/excel/job_titles.html
750,Preschool Director,Management,0.98,Very High,"Education and Childcare Administrators, Preschool and Daycare",11-9031.00,https://www.onetcenter.org/dictionary/30.3/excel/job_titles.html
751,Purchasing Manager,Management,0.98,Very High,Purchasing Managers,11-3061.00,https://www.onetcenter.org/dictionary/30.3/excel/job_titles.html
752,Real Estate Broker,Sales,0.98,Very High,Real Estate Brokers,41-9021.00,https://www.onetcenter.org/dictionary/30.3/excel/job_titles.html
753,Realtime Captioner,"Arts, Media & Design",0.98,Very High,Court Reporters and Simultaneous Captioners,27-3092.00,https://www.onetcenter.org/dictionary/30.3/excel/job_titles.html
754,Restaurant Manager,Management,0.98,Very High,Food Service Managers,11-9051.00,https://www.onetcenter.org/dictionary/30.3/excel/job_titles.html
755,Sandblast Operator,Manufacturing & Production,0.98,Very High,"Crushing, Grinding, and Polishing Machine Setters, Operators, and Tenders",51-9021.00,https://www.onetcenter.org/dictionary/30.3/excel/job_titles.html
756,Service Supervisor,"Installation, Maintenance & Repair",0.98,Very High,"First-Line Supervisors of Mechanics, Installers, and Repairers",49-1011.00,https://www.onetcenter.org/dictionary/30.3/excel/job_titles.html
757,Shampoo Technician,Personal Care & Services,0.98,Very High,Shampooers,39-5093.00,https://www.onetcenter.org/dictionary/30.3/excel/job_titles.html
758,Sheet Metal Worker,Construction & Trades,0.98,Very High,Sheet Metal Workers,47-2211.00,https://www.onetcenter.org/dictionary/30.3/excel/job_titles.html
759,Streetcar Operator,Transportation & Logistics,0.98,Very High,Subway and Streetcar Operators,53-4041.00,https://www.onetcenter.org/dictionary/30.3/excel/job_titles.html
760,Structural Drafter,Engineering & Architecture,0.98,Very High,Architectural and Civil Drafters,17-3011.00,https://www.onetcenter.org/dictionary/30.3/excel/job_titles.html
761,Systems Programmer,"Software, IT & Data",0.98,Very High,Computer Programmers,15-1251.00,https://www.onetcenter.org/dictionary/30.3/excel/job_titles.html
762,Table Games Dealer,Personal Care & Services,0.98,Very High,Gambling Dealers,39-3011.00,https://www.onetcenter.org/dictionary/30.3/excel/job_titles.html
763,Termite Technician,Cleaning & Grounds,0.98,Very High,Pest Control Workers,37-2021.00,https://www.onetcenter.org/dictionary/30.3/excel/job_titles.html
764,Theology Professor,Education & Library,0.98,Very High,"Philosophy and Religion Teachers, Postsecondary",25-1126.00,https://www.onetcenter.org/dictionary/30.3/excel/job_titles.html
765,Wardrobe Attendant,Personal Care & Services,0.98,Very High,Costume Attendants,39-3092.00,https://www.onetcenter.org/dictionary/30.3/excel/job_titles.html
766,Weather Forecaster,Science,0.98,Very High,Atmospheric and Space Scientists,19-2021.00,https://www.onetcenter.org/dictionary/30.3/excel/job_titles.html
767,Welding Instructor,Education & Library,0.98,Very High,"Career/Technical Education Teachers, Postsecondary",25-1194.00,https://www.onetcenter.org/dictionary/30.3/excel/job_titles.html
768,Wildlife Biologist,Science,0.98,Very High,Zoologists and Wildlife Biologists,19-1023.00,https://www.onetcenter.org/dictionary/30.3/excel/job_titles.html
769,Activities Director,Personal Care & Services,0.98,Very High,Recreation Workers,39-9032.00,https://www.onetcenter.org/dictionary/30.3/excel/job_titles.html
770,Addiction Counselor,Community & Social Services,0.98,Very High,Substance Abuse and Behavioral Disorder Counselors,21-1011.00,https://www.onetcenter.org/dictionary/30.3/excel/job_titles.html
771,Admissions Director,Management,0.98,Very High,"Education Administrators, Postsecondary",11-9033.00,https://www.onetcenter.org/dictionary/30.3/excel/job_titles.html
772,Aircraft Loadmaster,Transportation & Logistics,0.98,Very High,Aircraft Cargo Handling Supervisors,53-1041.00,https://www.onetcenter.org/dictionary/30.3/excel/job_titles.html
773,Ambulance Attendant,Transportation & Logistics,0.98,Very High,"Ambulance Drivers and Attendants, Except Emergency Medical Technicians",53-3011.00,https://www.onetcenter.org/dictionary/30.3/excel/job_titles.html
774,Appliance Installer,"Installation, Maintenance & Repair",0.98,Very High,Home Appliance Repairers,49-9031.00,https://www.onetcenter.org/dictionary/30.3/excel/job_titles.html
775,Benefits Specialist,Business & Finance,0.98,Very High,"Compensation, Benefits, and Job Analysis Specialists",13-1141.00,https://www.onetcenter.org/dictionary/30.3/excel/job_titles.html
776,Billboard Installer,Construction & Trades,0.98,Very High,Structural Iron and Steel Workers,47-2221.00,https://www.onetcenter.org/dictionary/30.3/excel/job_titles.html
777,Biomedical Engineer,Engineering & Architecture,0.98,Very High,Bioengineers and Biomedical Engineers,17-2031.00,https://www.onetcenter.org/dictionary/30.3/excel/job_titles.html
778,Business Consultant,Business & Finance,0.98,Very High,Management Analysts,13-1111.00,https://www.onetcenter.org/dictionary/30.3/excel/job_titles.html
779,Cafeteria Attendant,Food & Hospitality,0.98,Very High,Dining Room and Cafeteria Attendants and Bartender Helpers,35-9011.00,https://www.onetcenter.org/dictionary/30.3/excel/job_titles.html
780,Chemical Compounder,Manufacturing & Production,0.98,Very High,Chemical Equipment Operators and Tenders,51-9011.00,https://www.onetcenter.org/dictionary/30.3/excel/job_titles.html
781,Chemical Technician,Science,0.98,Very High,Chemical Technicians,19-4031.00,https://www.onetcenter.org/dictionary/30.3/excel/job_titles.html
782,Chemistry Professor,Education & Library,0.98,Very High,"Chemistry Teachers, Postsecondary",25-1052.00,https://www.onetcenter.org/dictionary/30.3/excel/job_titles.html
783,Clinical Pharmacist,Healthcare,0.98,Very High,Pharmacists,29-1051.00,https://www.onetcenter.org/dictionary/30.3/excel/job_titles.html
784,Computer Programmer,"Software, IT & Data",0.98,Very High,Computer Programmers,15-1251.00,https://www.onetcenter.org/dictionary/30.3/excel/job_titles.html
785,Construction Worker,Construction & Trades,0.98,Very High,Construction Laborers,47-2061.00,https://www.onetcenter.org/dictionary/30.3/excel/job_titles.html
786,Contract Specialist,Business & Finance,0.98,Very High,"Purchasing Agents, Except Wholesale, Retail, and Farm Products",13-1023.00,https://www.onetcenter.org/dictionary/30.3/excel/job_titles.html
787,Corporate Recruiter,Business & Finance,0.98,Very High,Human Resources Specialists,13-1071.00,https://www.onetcenter.org/dictionary/30.3/excel/job_titles.html
788,Corrugator Operator,Manufacturing & Production,0.98,Very High,"Paper Goods Machine Setters, Operators, and Tenders",51-9196.00,https://www.onetcenter.org/dictionary/30.3/excel/job_titles.html
789,Credit Risk Analyst,Business & Finance,0.98,Very High,Credit Analysts,13-2041.00,https://www.onetcenter.org/dictionary/30.3/excel/job_titles.html
790,Data Entry Operator,Office & Administration,0.98,Very High,Data Entry Keyers,43-9021.00,https://www.onetcenter.org/dictionary/30.3/excel/job_titles.html
791,Electrical Engineer,Engineering & Architecture,0.98,Very High,Electrical Engineers,17-2071.00,https://www.onetcenter.org/dictionary/30.3/excel/job_titles.html
792,Family Practitioner,Healthcare,0.98,Very High,Family Medicine Physicians,29-1215.00,https://www.onetcenter.org/dictionary/30.3/excel/job_titles.html
793,Financial Counselor,Business & Finance,0.98,Very High,Personal Financial Advisors,13-2052.00,https://www.onetcenter.org/dictionary/30.3/excel/job_titles.html
794,Financial Economist,Science,0.98,Very High,Economists,19-3011.00,https://www.onetcenter.org/dictionary/30.3/excel/job_titles.html
795,Fleet Service Clerk,Office & Administration,0.98,Very High,Reservation and Transportation Ticket Agents and Travel Clerks,43-4181.00,https://www.onetcenter.org/dictionary/30.3/excel/job_titles.html
796,Heat Treat Operator,Manufacturing & Production,0.98,Very High,"Heat Treating Equipment Setters, Operators, and Tenders, Metal and Plastic",51-4191.00,https://www.onetcenter.org/dictionary/30.3/excel/job_titles.html
797,High School Teacher,Education & Library,0.98,Very High,"Secondary School Teachers, Except Special and Career/Technical Education",25-2031.00,https://www.onetcenter.org/dictionary/30.3/excel/job_titles.html
798,Hospital Pharmacist,Healthcare,0.98,Very High,Pharmacists,29-1051.00,https://www.onetcenter.org/dictionary/30.3/excel/job_titles.html
799,Industrial Mechanic,"Installation, Maintenance & Repair",0.98,Very High,Industrial Machinery Mechanics,49-9041.00,https://www.onetcenter.org/dictionary/30.3/excel/job_titles.html
800,Landscape Architect,Engineering & Architecture,0.98,Very High,Landscape Architects,17-1012.00,https://www.onetcenter.org/dictionary/30.3/excel/job_titles.html
801,Marketing Professor,Education & Library,0.98,Very High,"Business Teachers, Postsecondary",25-1011.00,https://www.onetcenter.org/dictionary/30.3/excel/job_titles.html
802,Materials Scientist,Science,0.98,Very High,Materials Scientists,19-2032.00,https://www.onetcenter.org/dictionary/30.3/excel/job_titles.html
803,Mechanical Designer,Engineering & Architecture,0.98,Very High,Mechanical Drafters,17-3013.00,https://www.onetcenter.org/dictionary/30.3/excel/job_titles.html
804,Mechanical Engineer,Engineering & Architecture,0.98,Very High,Mechanical Engineers,17-2141.00,https://www.onetcenter.org/dictionary/30.3/excel/job_titles.html
805,Medical Transcriber,Healthcare Support,0.98,Very High,Medical Transcriptionists,31-9094.00,https://www.onetcenter.org/dictionary/30.3/excel/job_titles.html
806,Palletizer Operator,Transportation & Logistics,0.98,Very High,Conveyor Operators and Tenders,53-7011.00,https://www.onetcenter.org/dictionary/30.3/excel/job_titles.html
807,Patient Transporter,Healthcare Support,0.98,Very High,Orderlies,31-1132.00,https://www.onetcenter.org/dictionary/30.3/excel/job_titles.html
808,Printing Technician,Manufacturing & Production,0.98,Very High,Prepress Technicians and Workers,51-5111.00,https://www.onetcenter.org/dictionary/30.3/excel/job_titles.html
809,Procurement Manager,Management,0.98,Very High,Purchasing Managers,11-3061.00,https://www.onetcenter.org/dictionary/30.3/excel/job_titles.html
810,Production Engineer,Engineering & Architecture,0.98,Very High,Industrial Engineers,17-2112.00,https://www.onetcenter.org/dictionary/30.3/excel/job_titles.html
811,Production Packager,Manufacturing & Production,0.98,Very High,Packaging and Filling Machine Operators and Tenders,51-9111.00,https://www.onetcenter.org/dictionary/30.3/excel/job_titles.html
812,Residential Advisor,Personal Care & Services,0.98,Very High,Residential Advisors,39-9041.00,https://www.onetcenter.org/dictionary/30.3/excel/job_titles.html
813,School Photographer,"Arts, Media & Design",0.98,Very High,Photographers,27-4021.00,https://www.onetcenter.org/dictionary/30.3/excel/job_titles.html
814,School Psychologist,Science,0.98,Very High,School Psychologists,19-3034.00,https://www.onetcenter.org/dictionary/30.3/excel/job_titles.html
815,Statistical Analyst,"Software, IT & Data",0.98,Very High,Statisticians,15-2041.00,https://www.onetcenter.org/dictionary/30.3/excel/job_titles.html
816,Structural Engineer,Engineering & Architecture,0.98,Very High,Civil Engineers,17-2051.00,https://www.onetcenter.org/dictionary/30.3/excel/job_titles.html
817,Substation Operator,Manufacturing & Production,0.98,Very High,Power Distributors and Dispatchers,51-8012.00,https://www.onetcenter.org/dictionary/30.3/excel/job_titles.html
818,Training Specialist,Business & Finance,0.98,Very High,Training and Development Specialists,13-1151.00,https://www.onetcenter.org/dictionary/30.3/excel/job_titles.html
819,Wildlife Technician,Science,0.98,Very High,Biological Technicians,19-4021.00,https://www.onetcenter.org/dictionary/30.3/excel/job_titles.html
820,Accounting Professor,Education & Library,0.98,Very High,"Business Teachers, Postsecondary",25-1011.00,https://www.onetcenter.org/dictionary/30.3/excel/job_titles.html
821,Acoustical Installer,Construction & Trades,0.98,Very High,Tile and Stone Setters,47-2044.00,https://www.onetcenter.org/dictionary/30.3/excel/job_titles.html
822,Activities Therapist,Healthcare,0.98,Very High,Recreational Therapists,29-1125.00,https://www.onetcenter.org/dictionary/30.3/excel/job_titles.html
823,Aerospace Technician,Engineering & Architecture,0.98,Very High,Aerospace Engineering and Operations Technologists and Technicians,17-3021.00,https://www.onetcenter.org/dictionary/30.3/excel/job_titles.html
824,Applications Analyst,"Software, IT & Data",0.98,Very High,Computer Systems Analysts,15-1211.00,https://www.onetcenter.org/dictionary/30.3/excel/job_titles.html
825,Bag Machine Operator,Manufacturing & Production,0.98,Very High,"Paper Goods Machine Setters, Operators, and Tenders",51-9196.00,https://www.onetcenter.org/dictionary/30.3/excel/job_titles.html
826,Box Machine Operator,Manufacturing & Production,0.98,Very High,"Paper Goods Machine Setters, Operators, and Tenders",51-9196.00,https://www.onetcenter.org/dictionary/30.3/excel/job_titles.html
827,Clinical Audiologist,Healthcare,0.98,Very High,Audiologists,29-1181.00,https://www.onetcenter.org/dictionary/30.3/excel/job_titles.html
828,Cold Header Operator,Manufacturing & Production,0.98,Very High,"Forging Machine Setters, Operators, and Tenders, Metal and Plastic",51-4022.00,https://www.onetcenter.org/dictionary/30.3/excel/job_titles.html
829,Compensation Analyst,Business & Finance,0.98,Very High,"Compensation, Benefits, and Job Analysis Specialists",13-1141.00,https://www.onetcenter.org/dictionary/30.3/excel/job_titles.html
830,Construction Laborer,Construction & Trades,0.98,Very High,Construction Laborers,47-2061.00,https://www.onetcenter.org/dictionary/30.3/excel/job_titles.html
831,Construction Manager,Management,0.98,Very High,Construction Managers,11-9021.00,https://www.onetcenter.org/dictionary/30.3/excel/job_titles.html
832,Contracts Negotiator,Law,0.98,Very High,"Arbitrators, Mediators, and Conciliators",23-1022.00,https://www.onetcenter.org/dictionary/30.3/excel/job_titles.html
833,Correspondence Clerk,Office & Administration,0.98,Very High,Correspondence Clerks,43-4021.00,https://www.onetcenter.org/dictionary/30.3/excel/job_titles.html
834,Custodial Supervisor,Cleaning & Grounds,0.98,Very High,First-Line Supervisors of Housekeeping and Janitorial Workers,37-1011.00,https://www.onetcenter.org/dictionary/30.3/excel/job_titles.html
835,Electrical Assembler,Manufacturing & Production,0.98,Very High,Electrical and Electronic Equipment Assemblers,51-2022.00,https://www.onetcenter.org/dictionary/30.3/excel/job_titles.html
836,Electrical Estimator,Business & Finance,0.98,Very High,Cost Estimators,13-1051.00,https://www.onetcenter.org/dictionary/30.3/excel/job_titles.html
837,Electronic Assembler,Manufacturing & Production,0.98,Very High,Electrical and Electronic Equipment Assemblers,51-2022.00,https://www.onetcenter.org/dictionary/30.3/excel/job_titles.html
838,Fiberglass Laminator,Manufacturing & Production,0.98,Very High,Fiberglass Laminators and Fabricators,51-2051.00,https://www.onetcenter.org/dictionary/30.3/excel/job_titles.html
839,Financial Consultant,Business & Finance,0.98,Very High,Personal Financial Advisors,13-2052.00,https://www.onetcenter.org/dictionary/30.3/excel/job_titles.html
840,First Aid Instructor,Education & Library,0.98,Very High,Self-Enrichment Teachers,25-3021.00,https://www.onetcenter.org/dictionary/30.3/excel/job_titles.html
841,Food Service Manager,Management,0.98,Very High,Food Service Managers,11-9051.00,https://www.onetcenter.org/dictionary/30.3/excel/job_titles.html
842,Funeral Home Manager,Management,0.98,Very High,Funeral Home Managers,11-9171.00,https://www.onetcenter.org/dictionary/30.3/excel/job_titles.html
843,Furniture Refinisher,Manufacturing & Production,0.98,Very High,Furniture Finishers,51-7021.00,https://www.onetcenter.org/dictionary/30.3/excel/job_titles.html
844,Help Desk Specialist,"Software, IT & Data",0.98,Very High,Computer User Support Specialists,15-1232.00,https://www.onetcenter.org/dictionary/30.3/excel/job_titles.html
845,Industrial Hygienist,Science,0.98,Very High,Occupational Health and Safety Specialists,19-5011.00,https://www.onetcenter.org/dictionary/30.3/excel/job_titles.html
846,Insulation Installer,Construction & Trades,0.98,Very High,"Insulation Workers, Floor, Ceiling, and Wall",47-2131.00,https://www.onetcenter.org/dictionary/30.3/excel/job_titles.html
847,Life Insurance Agent,Sales,0.98,Very High,Insurance Sales Agents,41-3021.00,https://www.onetcenter.org/dictionary/30.3/excel/job_titles.html
848,Logistics Specialist,Business & Finance,0.98,Very High,Logisticians,13-1081.00,https://www.onetcenter.org/dictionary/30.3/excel/job_titles.html
849,Maintenance Mechanic,"Installation, Maintenance & Repair",0.98,Very High,Industrial Machinery Mechanics,49-9041.00,https://www.onetcenter.org/dictionary/30.3/excel/job_titles.html
850,Management Professor,Education & Library,0.98,Very High,"Business Teachers, Postsecondary",25-1011.00,https://www.onetcenter.org/dictionary/30.3/excel/job_titles.html
851,Marketing Specialist,Business & Finance,0.98,Very High,Market Research Analysts and Marketing Specialists,13-1161.00,https://www.onetcenter.org/dictionary/30.3/excel/job_titles.html
852,Microwave Technician,"Installation, Maintenance & Repair",0.98,Very High,"Electrical and Electronics Repairers, Commercial and Industrial Equipment",49-2094.00,https://www.onetcenter.org/dictionary/30.3/excel/job_titles.html
853,Motor Coach Operator,Transportation & Logistics,0.98,Very High,"Bus Drivers, Transit and Intercity",53-3052.00,https://www.onetcenter.org/dictionary/30.3/excel/job_titles.html
854,Press Brake Operator,Manufacturing & Production,0.98,Very High,"Cutting, Punching, and Press Machine Setters, Operators, and Tenders, Metal and Plastic",51-4031.00,https://www.onetcenter.org/dictionary/30.3/excel/job_titles.html
855,Private Investigator,Public Safety,0.98,Very High,Private Detectives and Investigators,33-9021.00,https://www.onetcenter.org/dictionary/30.3/excel/job_titles.html
856,Processing Archivist,Education & Library,0.98,Very High,Archivists,25-4011.00,https://www.onetcenter.org/dictionary/30.3/excel/job_titles.html
857,Production Scheduler,Office & Administration,0.98,Very High,"Production, Planning, and Expediting Clerks",43-5061.00,https://www.onetcenter.org/dictionary/30.3/excel/job_titles.html
858,Psychology Professor,Education & Library,0.98,Very High,"Psychology Teachers, Postsecondary",25-1066.00,https://www.onetcenter.org/dictionary/30.3/excel/job_titles.html
859,Real Estate Attorney,Law,0.98,Very High,Lawyers,23-1011.00,https://www.onetcenter.org/dictionary/30.3/excel/job_titles.html
860,Recreation Attendant,Personal Care & Services,0.98,Very High,Amusement and Recreation Attendants,39-3091.00,https://www.onetcenter.org/dictionary/30.3/excel/job_titles.html
861,Retail Store Manager,Sales,0.98,Very High,First-Line Supervisors of Retail Sales Workers,41-1011.00,https://www.onetcenter.org/dictionary/30.3/excel/job_titles.html
862,School Social Worker,Community & Social Services,0.98,Very High,"Child, Family, and School Social Workers",21-1021.00,https://www.onetcenter.org/dictionary/30.3/excel/job_titles.html
863,Sheet Metal Mechanic,Construction & Trades,0.98,Very High,Sheet Metal Workers,47-2211.00,https://www.onetcenter.org/dictionary/30.3/excel/job_titles.html
864,Snowboard Instructor,Education & Library,0.98,Very High,Self-Enrichment Teachers,25-3021.00,https://www.onetcenter.org/dictionary/30.3/excel/job_titles.html
865,Soil Conservationist,Science,0.98,Very High,Conservation Scientists,19-1031.00,https://www.onetcenter.org/dictionary/30.3/excel/job_titles.html
866,Staffing Coordinator,Business & Finance,0.98,Very High,Human Resources Specialists,13-1071.00,https://www.onetcenter.org/dictionary/30.3/excel/job_titles.html
867,Warehouse Supervisor,Transportation & Logistics,0.98,Very High,"First-Line Supervisors of Helpers, Laborers, and Material Movers, Hand",53-1042.00,https://www.onetcenter.org/dictionary/30.3/excel/job_titles.html
868,Wedding Photographer,"Arts, Media & Design",0.98,Very High,Photographers,27-4021.00,https://www.onetcenter.org/dictionary/30.3/excel/job_titles.html
869,Wildland Firefighter,Public Safety,0.98,Very High,Firefighters,33-2011.00,https://www.onetcenter.org/dictionary/30.3/excel/job_titles.html
870,Aeronautical Engineer,Engineering & Architecture,0.98,Very High,Aerospace Engineers,17-2011.00,https://www.onetcenter.org/dictionary/30.3/excel/job_titles.html
871,Compensation Director,Management,0.98,Very High,Compensation and Benefits Managers,11-3111.00,https://www.onetcenter.org/dictionary/30.3/excel/job_titles.html
872,Construction Engineer,Engineering & Architecture,0.98,Very High,Civil Engineers,17-2051.00,https://www.onetcenter.org/dictionary/30.3/excel/job_titles.html
873,Control Room Operator,Manufacturing & Production,0.98,Very High,Power Distributors and Dispatchers,51-8012.00,https://www.onetcenter.org/dictionary/30.3/excel/job_titles.html
874,Criminal Investigator,Public Safety,0.98,Very High,Detectives and Criminal Investigators,33-3021.00,https://www.onetcenter.org/dictionary/30.3/excel/job_titles.html
875,Department Supervisor,Sales,0.98,Very High,First-Line Supervisors of Retail Sales Workers,41-1011.00,https://www.onetcenter.org/dictionary/30.3/excel/job_titles.html
876,Electrical Technician,"Installation, Maintenance & Repair",0.98,Very High,"Electric Motor, Power Tool, and Related Repairers",49-2092.00,https://www.onetcenter.org/dictionary/30.3/excel/job_titles.html
877,Engineering Geologist,Science,0.98,Very High,"Geoscientists, Except Hydrologists and Geographers",19-2042.00,https://www.onetcenter.org/dictionary/30.3/excel/job_titles.html
878,Executive Housekeeper,Cleaning & Grounds,0.98,Very High,First-Line Supervisors of Housekeeping and Janitorial Workers,37-1011.00,https://www.onetcenter.org/dictionary/30.3/excel/job_titles.html
879,Fertilizer Applicator,"Agriculture, Fishing & Forestry",0.98,Very High,Agricultural Equipment Operators,45-2091.00,https://www.onetcenter.org/dictionary/30.3/excel/job_titles.html
880,Food Service Director,Management,0.98,Very High,Food Service Managers,11-9051.00,https://www.onetcenter.org/dictionary/30.3/excel/job_titles.html
881,Gas Station Attendant,Transportation & Logistics,0.98,Very High,Automotive and Watercraft Service Attendants,53-6031.00,https://www.onetcenter.org/dictionary/30.3/excel/job_titles.html
882,Geotechnical Engineer,Engineering & Architecture,0.98,Very High,Civil Engineers,17-2051.00,https://www.onetcenter.org/dictionary/30.3/excel/job_titles.html
883,Harvesting Contractor,Business & Finance,0.98,Very High,Farm Labor Contractors,13-1074.00,https://www.onetcenter.org/dictionary/30.3/excel/job_titles.html
884,Insurance Underwriter,Business & Finance,0.98,Very High,Insurance Underwriters,13-2053.00,https://www.onetcenter.org/dictionary/30.3/excel/job_titles.html
885,Laboratory Technician,Science,0.98,Very High,Biological Technicians,19-4021.00,https://www.onetcenter.org/dictionary/30.3/excel/job_titles.html
886,Materials Coordinator,Office & Administration,0.98,Very High,"Production, Planning, and Expediting Clerks",43-5061.00,https://www.onetcenter.org/dictionary/30.3/excel/job_titles.html
887,Mathematics Professor,Education & Library,0.98,Very High,"Mathematical Science Teachers, Postsecondary",25-1022.00,https://www.onetcenter.org/dictionary/30.3/excel/job_titles.html
888,Maxillofacial Surgeon,Healthcare,0.98,Very High,Oral and Maxillofacial Surgeons,29-1022.00,https://www.onetcenter.org/dictionary/30.3/excel/job_titles.html
889,Medical Social Worker,Community & Social Services,0.98,Very High,Healthcare Social Workers,21-1022.00,https://www.onetcenter.org/dictionary/30.3/excel/job_titles.html
890,Motorcycle Technician,"Installation, Maintenance & Repair",0.98,Very High,Motorcycle Mechanics,49-3052.00,https://www.onetcenter.org/dictionary/30.3/excel/job_titles.html
891,Operations Supervisor,Management,0.98,Very High,General and Operations Managers,11-1021.00,https://www.onetcenter.org/dictionary/30.3/excel/job_titles.html
892,Parking Lot Attendant,Transportation & Logistics,0.98,Very High,Parking Attendants,53-6021.00,https://www.onetcenter.org/dictionary/30.3/excel/job_titles.html
893,Phlebotomy Technician,Healthcare Support,0.98,Very High,Phlebotomists,31-9097.00,https://www.onetcenter.org/dictionary/30.3/excel/job_titles.html
894,Production Supervisor,Manufacturing & Production,0.98,Very High,First-Line Supervisors of Production and Operating Workers,51-1011.00,https://www.onetcenter.org/dictionary/30.3/excel/job_titles.html
895,Residential Counselor,Personal Care & Services,0.98,Very High,Residential Advisors,39-9041.00,https://www.onetcenter.org/dictionary/30.3/excel/job_titles.html
896,Restaurant Supervisor,Food & Hospitality,0.98,Very High,First-Line Supervisors of Food Preparation and Serving Workers,35-1012.00,https://www.onetcenter.org/dictionary/30.3/excel/job_titles.html
897,School Crossing Guard,Public Safety,0.98,Very High,Crossing Guards and Flaggers,33-9091.00,https://www.onetcenter.org/dictionary/30.3/excel/job_titles.html
898,Sheet Metal Installer,Construction & Trades,0.98,Very High,Sheet Metal Workers,47-2211.00,https://www.onetcenter.org/dictionary/30.3/excel/job_titles.html
899,Social Work Professor,Education & Library,0.98,Very High,"Social Work Teachers, Postsecondary",25-1113.00,https://www.onetcenter.org/dictionary/30.3/excel/job_titles.html
900,Technical Illustrator,"Arts, Media & Design",0.98,Very High,"Fine Artists, Including Painters, Sculptors, and Illustrators",27-1013.00,https://www.onetcenter.org/dictionary/30.3/excel/job_titles.html
901,Accounts Payable Clerk,Office & Administration,0.98,Very High,"Bookkeeping, Accounting, and Auditing Clerks",43-3031.00,https://www.onetcenter.org/dictionary/30.3/excel/job_titles.html
902,Activities Coordinator,Personal Care & Services,0.98,Very High,Recreation Workers,39-9032.00,https://www.onetcenter.org/dictionary/30.3/excel/job_titles.html
903,Agricultural Economist,Science,0.98,Very High,Economists,19-3011.00,https://www.onetcenter.org/dictionary/30.3/excel/job_titles.html
904,Animal Care Technician,Personal Care & Services,0.98,Very High,Animal Caretakers,39-2021.00,https://www.onetcenter.org/dictionary/30.3/excel/job_titles.html
905,Architecture Professor,Education & Library,0.98,Very High,"Architecture Teachers, Postsecondary",25-1031.00,https://www.onetcenter.org/dictionary/30.3/excel/job_titles.html
906,Construction Estimator,Business & Finance,0.98,Very High,Cost Estimators,13-1051.00,https://www.onetcenter.org/dictionary/30.3/excel/job_titles.html
907,Construction Inspector,Construction & Trades,0.98,Very High,Construction and Building Inspectors,47-4011.00,https://www.onetcenter.org/dictionary/30.3/excel/job_titles.html
908,District Sales Manager,Management,0.98,Very High,Sales Managers,11-2022.00,https://www.onetcenter.org/dictionary/30.3/excel/job_titles.html
909,Environmental Engineer,Engineering & Architecture,0.98,Very High,Environmental Engineers,17-2081.00,https://www.onetcenter.org/dictionary/30.3/excel/job_titles.html
910,Garage Door Technician,"Installation, Maintenance & Repair",0.98,Very High,Mechanical Door Repairers,49-9011.00,https://www.onetcenter.org/dictionary/30.3/excel/job_titles.html
911,Maintenance Millwright,"Installation, Maintenance & Repair",0.98,Very High,Millwrights,49-9044.00,https://www.onetcenter.org/dictionary/30.3/excel/job_titles.html
912,Maintenance Supervisor,"Installation, Maintenance & Repair",0.98,Very High,"First-Line Supervisors of Mechanics, Installers, and Repairers",49-1011.00,https://www.onetcenter.org/dictionary/30.3/excel/job_titles.html
913,Metallurgical Engineer,Engineering & Architecture,0.98,Very High,Materials Engineers,17-2131.00,https://www.onetcenter.org/dictionary/30.3/excel/job_titles.html
914,Operations Coordinator,Transportation & Logistics,0.98,Very High,Airfield Operations Specialists,53-2022.00,https://www.onetcenter.org/dictionary/30.3/excel/job_titles.html
915,Production Coordinator,Office & Administration,0.98,Very High,"Production, Planning, and Expediting Clerks",43-5061.00,https://www.onetcenter.org/dictionary/30.3/excel/job_titles.html
916,Property Administrator,Management,0.98,Very High,"Property, Real Estate, and Community Association Managers",11-9141.00,https://www.onetcenter.org/dictionary/30.3/excel/job_titles.html
917,Regional Sales Manager,Management,0.98,Very High,Sales Managers,11-2022.00,https://www.onetcenter.org/dictionary/30.3/excel/job_titles.html
918,Saddle Stitch Operator,Manufacturing & Production,0.98,Very High,Print Binding and Finishing Workers,51-5113.00,https://www.onetcenter.org/dictionary/30.3/excel/job_titles.html
919,Sheet Metal Fabricator,Construction & Trades,0.98,Very High,Sheet Metal Workers,47-2211.00,https://www.onetcenter.org/dictionary/30.3/excel/job_titles.html
920,Social Studies Teacher,Education & Library,0.98,Very High,"Middle School Teachers, Except Special and Career/Technical Education",25-2022.00,https://www.onetcenter.org/dictionary/30.3/excel/job_titles.html
921,Software Test Engineer,"Software, IT & Data",0.98,Very High,Software Quality Assurance Analysts and Testers,15-1253.00,https://www.onetcenter.org/dictionary/30.3/excel/job_titles.html
922,Transportation Manager,Management,0.98,Very High,"Transportation, Storage, and Distribution Managers",11-3071.00,https://www.onetcenter.org/dictionary/30.3/excel/job_titles.html
923,Adult Education Teacher,Education & Library,0.98,Very High,"Adult Basic Education, Adult Secondary Education, and English as a Second Language Instructors",25-3011.00,https://www.onetcenter.org/dictionary/30.3/excel/job_titles.html
924,Applications Programmer,"Software, IT & Data",0.98,Very High,Computer Programmers,15-1251.00,https://www.onetcenter.org/dictionary/30.3/excel/job_titles.html
925,Asphalt Roller Operator,Construction & Trades,0.98,Very High,"Paving, Surfacing, and Tamping Equipment Operators",47-2071.00,https://www.onetcenter.org/dictionary/30.3/excel/job_titles.html
926,Bindery Cutter Operator,Manufacturing & Production,0.98,Very High,Print Binding and Finishing Workers,51-5113.00,https://www.onetcenter.org/dictionary/30.3/excel/job_titles.html
927,Communication Professor,Education & Library,0.98,Very High,"Communications Teachers, Postsecondary",25-1122.00,https://www.onetcenter.org/dictionary/30.3/excel/job_titles.html
928,Construction Supervisor,Construction & Trades,0.98,Very High,First-Line Supervisors of Construction Trades and Extraction Workers,47-1011.00,https://www.onetcenter.org/dictionary/30.3/excel/job_titles.html
929,Court Recording Monitor,"Arts, Media & Design",0.98,Very High,Court Reporters and Simultaneous Captioners,27-3092.00,https://www.onetcenter.org/dictionary/30.3/excel/job_titles.html
930,Critical Care Physician,Healthcare,0.98,Very High,Emergency Medicine Physicians,29-1214.00,https://www.onetcenter.org/dictionary/30.3/excel/job_titles.html
931,Early Childhood Teacher,Education & Library,0.98,Very High,"Preschool Teachers, Except Special Education",25-2011.00,https://www.onetcenter.org/dictionary/30.3/excel/job_titles.html
932,Environmental Geologist,Science,0.98,Very High,"Geoscientists, Except Hydrologists and Geographers",19-2042.00,https://www.onetcenter.org/dictionary/30.3/excel/job_titles.html
933,Environmental Scientist,Science,0.98,Very High,"Environmental Scientists and Specialists, Including Health",19-2041.00,https://www.onetcenter.org/dictionary/30.3/excel/job_titles.html
934,Farm Equipment Mechanic,"Installation, Maintenance & Repair",0.98,Very High,Farm Equipment Mechanics and Service Technicians,49-3041.00,https://www.onetcenter.org/dictionary/30.3/excel/job_titles.html
935,Farm Equipment Operator,"Agriculture, Fishing & Forestry",0.98,Very High,Agricultural Equipment Operators,45-2091.00,https://www.onetcenter.org/dictionary/30.3/excel/job_titles.html
936,Feller Buncher Operator,"Agriculture, Fishing & Forestry",0.98,Very High,Logging Equipment Operators,45-4022.00,https://www.onetcenter.org/dictionary/30.3/excel/job_titles.html
937,Food Service Supervisor,Food & Hospitality,0.98,Very High,First-Line Supervisors of Food Preparation and Serving Workers,35-1012.00,https://www.onetcenter.org/dictionary/30.3/excel/job_titles.html
938,Horticulture Instructor,Education & Library,0.98,Very High,"Agricultural Sciences Teachers, Postsecondary",25-1041.00,https://www.onetcenter.org/dictionary/30.3/excel/job_titles.html
939,Maintenance Electrician,Construction & Trades,0.98,Very High,Electricians,47-2111.00,https://www.onetcenter.org/dictionary/30.3/excel/job_titles.html
940,Market Research Analyst,Business & Finance,0.98,Very High,Market Research Analysts and Marketing Specialists,13-1161.00,https://www.onetcenter.org/dictionary/30.3/excel/job_titles.html
941,Martial Arts Instructor,Education & Library,0.98,Very High,Self-Enrichment Teachers,25-3021.00,https://www.onetcenter.org/dictionary/30.3/excel/job_titles.html
942,Mental Health Counselor,Community & Social Services,0.98,Very High,Mental Health Counselors,21-1014.00,https://www.onetcenter.org/dictionary/30.3/excel/job_titles.html
943,Microbiology Technician,Science,0.98,Very High,Biological Technicians,19-4021.00,https://www.onetcenter.org/dictionary/30.3/excel/job_titles.html
944,Pharmaceutical Operator,Manufacturing & Production,0.98,Very High,Chemical Plant and System Operators,51-8091.00,https://www.onetcenter.org/dictionary/30.3/excel/job_titles.html
945,Reservation Sales Agent,Office & Administration,0.98,Very High,Reservation and Transportation Ticket Agents and Travel Clerks,43-4181.00,https://www.onetcenter.org/dictionary/30.3/excel/job_titles.html
946,Territory Sales Manager,Management,0.98,Very High,Sales Managers,11-2022.00,https://www.onetcenter.org/dictionary/30.3/excel/job_titles.html
947,Wind Turbine Technician,"Installation, Maintenance & Repair",0.98,Very High,Wind Turbine Service Technicians,49-9081.00,https://www.onetcenter.org/dictionary/30.3/excel/job_titles.html
948,Business Systems Analyst,"Software, IT & Data",0.98,Very High,Computer Systems Analysts,15-1211.00,https://www.onetcenter.org/dictionary/30.3/excel/job_titles.html
949,Camera Repair Technician,"Installation, Maintenance & Repair",0.98,Very High,Camera and Photographic Equipment Repairers,49-9061.00,https://www.onetcenter.org/dictionary/30.3/excel/job_titles.html
950,Customer Service Manager,Office & Administration,0.98,Very High,First-Line Supervisors of Office and Administrative Support Workers,43-1011.00,https://www.onetcenter.org/dictionary/30.3/excel/job_titles.html
951,Group Fitness Instructor,Personal Care & Services,0.98,Very High,Exercise Trainers and Group Fitness Instructors,39-9031.00,https://www.onetcenter.org/dictionary/30.3/excel/job_titles.html
952,Heavy Equipment Mechanic,"Installation, Maintenance & Repair",0.98,Very High,"Mobile Heavy Equipment Mechanics, Except Engines",49-3042.00,https://www.onetcenter.org/dictionary/30.3/excel/job_titles.html
953,Medical Transcriptionist,Healthcare Support,0.98,Very High,Medical Transcriptionists,31-9094.00,https://www.onetcenter.org/dictionary/30.3/excel/job_titles.html
954,Nuclear Reactor Operator,Manufacturing & Production,0.98,Very High,Nuclear Power Reactor Operators,51-8011.00,https://www.onetcenter.org/dictionary/30.3/excel/job_titles.html
955,Personal Fitness Trainer,Personal Care & Services,0.98,Very High,Exercise Trainers and Group Fitness Instructors,39-9031.00,https://www.onetcenter.org/dictionary/30.3/excel/job_titles.html
956,Registered Land Surveyor,Engineering & Architecture,0.98,Very High,Surveyors,17-1022.00,https://www.onetcenter.org/dictionary/30.3/excel/job_titles.html
957,Social Services Director,Management,0.98,Very High,Social and Community Service Managers,11-9151.00,https://www.onetcenter.org/dictionary/30.3/excel/job_titles.html
958,Accounts Receivable Clerk,Office & Administration,0.98,Very High,"Bookkeeping, Accounting, and Auditing Clerks",43-3031.00,https://www.onetcenter.org/dictionary/30.3/excel/job_titles.html
959,Certified Orthotic Fitter,Healthcare,0.98,Very High,Orthotists and Prosthetists,29-2091.00,https://www.onetcenter.org/dictionary/30.3/excel/job_titles.html
960,Chemical Process Engineer,Engineering & Architecture,0.98,Very High,Chemical Engineers,17-2041.00,https://www.onetcenter.org/dictionary/30.3/excel/job_titles.html
961,Childcare Center Director,Management,0.98,Very High,"Education and Childcare Administrators, Preschool and Daycare",11-9031.00,https://www.onetcenter.org/dictionary/30.3/excel/job_titles.html
962,Elementary School Teacher,Education & Library,0.98,Very High,"Elementary School Teachers, Except Special Education",25-2021.00,https://www.onetcenter.org/dictionary/30.3/excel/job_titles.html
963,Family Medicine Physician,Healthcare,0.98,Very High,Family Medicine Physicians,29-1215.00,https://www.onetcenter.org/dictionary/30.3/excel/job_titles.html
964,Group Exercise Instructor,Personal Care & Services,0.98,Very High,Exercise Trainers and Group Fitness Instructors,39-9031.00,https://www.onetcenter.org/dictionary/30.3/excel/job_titles.html
965,Medical Supply Technician,Healthcare Support,0.98,Very High,Medical Equipment Preparers,31-9093.00,https://www.onetcenter.org/dictionary/30.3/excel/job_titles.html
966,Youth Ministries Director,Community & Social Services,0.98,Very High,"Directors, Religious Activities and Education",21-2021.00,https://www.onetcenter.org/dictionary/30.3/excel/job_titles.html
967,Business Education Teacher,Education & Library,0.98,Very High,"Business Teachers, Postsecondary",25-1011.00,https://www.onetcenter.org/dictionary/30.3/excel/job_titles.html
968,Certified Personal Trainer,Personal Care & Services,0.98,Very High,Exercise Trainers and Group Fitness Instructors,39-9031.00,https://www.onetcenter.org/dictionary/30.3/excel/job_titles.html
969,Collections Representative,Office & Administration,0.98,Very High,Bill and Account Collectors,43-3011.00,https://www.onetcenter.org/dictionary/30.3/excel/job_titles.html
970,Criminal Justice Professor,Education & Library,0.98,Very High,"Criminal Justice and Law Enforcement Teachers, Postsecondary",25-1111.00,https://www.onetcenter.org/dictionary/30.3/excel/job_titles.html
971,Desktop Support Specialist,"Software, IT & Data",0.98,Very High,Computer User Support Specialists,15-1232.00,https://www.onetcenter.org/dictionary/30.3/excel/job_titles.html
972,Electrical Design Engineer,Engineering & Architecture,0.98,Very High,Electrical Engineers,17-2071.00,https://www.onetcenter.org/dictionary/30.3/excel/job_titles.html
973,Employee Relations Manager,Management,0.98,Very High,Human Resources Managers,11-3121.00,https://www.onetcenter.org/dictionary/30.3/excel/job_titles.html
974,Juvenile Probation Officer,Community & Social Services,0.98,Very High,Probation Officers and Correctional Treatment Specialists,21-1092.00,https://www.onetcenter.org/dictionary/30.3/excel/job_titles.html
975,Mechanical Design Engineer,Engineering & Architecture,0.98,Very High,Mechanical Engineers,17-2141.00,https://www.onetcenter.org/dictionary/30.3/excel/job_titles.html
976,Network Support Technician,"Software, IT & Data",0.98,Very High,Computer Network Support Specialists,15-1231.00,https://www.onetcenter.org/dictionary/30.3/excel/job_titles.html
977,Packaging Machine Operator,Manufacturing & Production,0.98,Very High,Packaging and Filling Machine Operators and Tenders,51-9111.00,https://www.onetcenter.org/dictionary/30.3/excel/job_titles.html
978,Security Systems Installer,"Installation, Maintenance & Repair",0.98,Very High,Security and Fire Alarm Systems Installers,49-2098.00,https://www.onetcenter.org/dictionary/30.3/excel/job_titles.html
979,Accounts Payable Supervisor,Office & Administration,0.98,Very High,First-Line Supervisors of Office and Administrative Support Workers,43-1011.00,https://www.onetcenter.org/dictionary/30.3/excel/job_titles.html
980,Compressor Station Operator,Transportation & Logistics,0.98,Very High,Gas Compressor and Gas Pumping Station Operators,53-7071.00,https://www.onetcenter.org/dictionary/30.3/excel/job_titles.html
981,Conference Services Manager,Business & Finance,0.98,Very High,"Meeting, Convention, and Event Planners",13-1121.00,https://www.onetcenter.org/dictionary/30.3/excel/job_titles.html
982,Construction Superintendent,Management,0.98,Very High,Construction Managers,11-9021.00,https://www.onetcenter.org/dictionary/30.3/excel/job_titles.html
983,Embroidery Machine Operator,Manufacturing & Production,0.98,Very High,Sewing Machine Operators,51-6031.00,https://www.onetcenter.org/dictionary/30.3/excel/job_titles.html
984,Emergency Services Director,Management,0.98,Very High,Emergency Management Directors,11-9161.00,https://www.onetcenter.org/dictionary/30.3/excel/job_titles.html
985,Aircraft Structures Mechanic,"Installation, Maintenance & Repair",0.98,Very High,Aircraft Mechanics and Service Technicians,49-3011.00,https://www.onetcenter.org/dictionary/30.3/excel/job_titles.html
986,Equal Opportunity Specialist,Business & Finance,0.98,Very High,Equal Opportunity Representatives and Officers,13-1041.03,https://www.onetcenter.org/dictionary/30.3/excel/job_titles.html
987,Information Security Analyst,"Software, IT & Data",0.98,Very High,Information Security Analysts,15-1212.00,https://www.onetcenter.org/dictionary/30.3/excel/job_titles.html
988,Mobile Electronics Installer,"Installation, Maintenance & Repair",0.98,Very High,"Electronic Equipment Installers and Repairers, Motor Vehicles",49-2096.00,https://www.onetcenter.org/dictionary/30.3/excel/job_titles.html
989,Natural Resources Technician,Science,0.98,Very High,Forest and Conservation Technicians,19-4071.00,https://www.onetcenter.org/dictionary/30.3/excel/job_titles.html
990,Religious Education Director,Community & Social Services,0.98,Very High,"Directors, Religious Activities and Education",21-2021.00,https://www.onetcenter.org/dictionary/30.3/excel/job_titles.html
991,Technical Support Specialist,"Software, IT & Data",0.98,Very High,Computer User Support Specialists,15-1232.00,https://www.onetcenter.org/dictionary/30.3/excel/job_titles.html
992,Desktop Publishing Specialist,Office & Administration,0.98,Very High,Desktop Publishers,43-9031.00,https://www.onetcenter.org/dictionary/30.3/excel/job_titles.html
993,Employee Relations Specialist,Business & Finance,0.98,Very High,Labor Relations Specialists,13-1075.00,https://www.onetcenter.org/dictionary/30.3/excel/job_titles.html
994,Flight Operations Coordinator,Transportation & Logistics,0.98,Very High,Airfield Operations Specialists,53-2022.00,https://www.onetcenter.org/dictionary/30.3/excel/job_titles.html
995,Public Safety Telecommunicator,Office & Administration,0.98,Very High,Public Safety Telecommunicators,43-5031.00,https://www.onetcenter.org/dictionary/30.3/excel/job_titles.html
996,Economic Development Specialist,Science,0.98,Very High,Economists,19-3011.00,https://www.onetcenter.org/dictionary/30.3/excel/job_titles.html
997,Religious Education Coordinator,Community & Social Services,0.98,Very High,"Directors, Religious Activities and Education",21-2021.00,https://www.onetcenter.org/dictionary/30.3/excel/job_titles.html
998,Electronic Publishing Specialist,Office & Administration,0.98,Very High,Desktop Publishers,43-9031.00,https://www.onetcenter.org/dictionary/30.3/excel/job_titles.html
999,Correctional Treatment Specialist,Community & Social Services,0.98,Very High,Probation Officers and Correctional Treatment Specialists,21-1092.00,https://www.onetcenter.org/dictionary/30.3/excel/job_titles.html
1000,Pharmaceutical Sales Representative,Sales,0.98,Very High,"Sales Representatives, Wholesale and Manufacturing, Technical and Scientific Products",41-4011.00,https://www.onetcenter.org/dictionary/30.3/excel/job_titles.html
1001,Aide,Healthcare Support,0.97,Very High,Physical Therapist Aides,31-2022.00,https://www.onetcenter.org/dictionary/30.3/excel/job_titles.html
1002,Chef,Food & Hospitality,0.97,Very High,Chefs and Head Cooks,35-1011.00,https://www.onetcenter.org/dictionary/30.3/excel/job_titles.html
1003,Actor,"Arts, Media & Design",0.97,Very High,Actors,27-2011.00,https://www.onetcenter.org/dictionary/30.3/excel/job_titles.html
1004,Caser,Manufacturing & Production,0.97,Very High,Shoe Machine Operators and Tenders,51-6042.00,https://www.onetcenter.org/dictionary/30.3/excel/job_titles.html
1005,Doula,Healthcare,0.97,Very High,Midwives,29-9099.01,https://www.onetcenter.org/dictionary/30.3/excel/job_titles.html
1006,Gamer,"Arts, Media & Design",0.97,Very High,Athletes and Sports Competitors,27-2021.00,https://www.onetcenter.org/dictionary/30.3/excel/job_titles.html
1007,Guard,Public Safety,0.97,Very High,Crossing Guards and Flaggers,33-9091.00,https://www.onetcenter.org/dictionary/30.3/excel/job_titles.html
1008,Judge,Law,0.97,Very High,"Judges, Magistrate Judges, and Magistrates",23-1023.00,https://www.onetcenter.org/dictionary/30.3/excel/job_titles.html
1009,Maker,Manufacturing & Production,0.97,Very High,Food Batchmakers,51-3092.00,https://www.onetcenter.org/dictionary/30.3/excel/job_titles.html
1010,Mason,Construction & Trades,0.97,Very High,Stonemasons,47-2022.00,https://www.onetcenter.org/dictionary/30.3/excel/job_titles.html
1011,Miner,Construction & Trades,0.97,Very High,Continuous Mining Machine Operators,47-5041.00,https://www.onetcenter.org/dictionary/30.3/excel/job_titles.html
1012,Nanny,Personal Care & Services,0.97,Very High,Nannies,39-9011.01,https://www.onetcenter.org/dictionary/30.3/excel/job_titles.html
1013,Paver,Construction & Trades,0.97,Very High,Segmental Pavers,47-4091.00,https://www.onetcenter.org/dictionary/30.3/excel/job_titles.html
1014,Sewer,Manufacturing & Production,0.97,Very High,Sewing Machine Operators,51-6031.00,https://www.onetcenter.org/dictionary/30.3/excel/job_titles.html
1015,Tuner,"Installation, Maintenance & Repair",0.97,Very High,Musical Instrument Repairers and Tuners,49-9063.00,https://www.onetcenter.org/dictionary/30.3/excel/job_titles.html
1016,Tutor,Education & Library,0.97,Very High,Tutors,25-3041.00,https://www.onetcenter.org/dictionary/30.3/excel/job_titles.html
1017,Valet,Transportation & Logistics,0.97,Very High,Parking Attendants,53-6021.00,https://www.onetcenter.org/dictionary/30.3/excel/job_titles.html
1018,Waxer,Manufacturing & Production,0.97,Very High,"Painting, Coating, and Decorating Workers",51-9123.00,https://www.onetcenter.org/dictionary/30.3/excel/job_titles.html
1019,Artist,"Arts, Media & Design",0.97,Very High,"Fine Artists, Including Painters, Sculptors, and Illustrators",27-1013.00,https://www.onetcenter.org/dictionary/30.3/excel/job_titles.html
1020,Banker,Office & Administration,0.97,Very High,Tellers,43-3071.00,https://www.onetcenter.org/dictionary/30.3/excel/job_titles.html
1021,Bather,Personal Care & Services,0.97,Very High,Animal Caretakers,39-2021.00,https://www.onetcenter.org/dictionary/30.3/excel/job_titles.html
1022,Bender,Manufacturing & Production,0.97,Very High,"Glass Blowers, Molders, Benders, and Finishers",51-9195.04,https://www.onetcenter.org/dictionary/30.3/excel/job_titles.html
1023,Blower,Manufacturing & Production,0.97,Very High,"Glass Blowers, Molders, Benders, and Finishers",51-9195.04,https://www.onetcenter.org/dictionary/30.3/excel/job_titles.html
1024,Bonder,Manufacturing & Production,0.97,Very High,Adhesive Bonding Machine Operators and Tenders,51-9191.00,https://www.onetcenter.org/dictionary/30.3/excel/job_titles.html
1025,Buffer,Manufacturing & Production,0.97,Very High,"Grinding, Lapping, Polishing, and Buffing Machine Tool Setters, Operators, and Tenders, Metal and Plastic",51-4033.00,https://www.onetcenter.org/dictionary/30.3/excel/job_titles.html
1026,Buster,Transportation & Logistics,0.97,Very High,Automotive and Watercraft Service Attendants,53-6031.00,https://www.onetcenter.org/dictionary/30.3/excel/job_titles.html
1027,Caller,Personal Care & Services,0.97,Very High,Gambling and Sports Book Writers and Runners,39-3012.00,https://www.onetcenter.org/dictionary/30.3/excel/job_titles.html
1028,Carver,Manufacturing & Production,0.97,Very High,"Stone Cutters and Carvers, Manufacturing",51-9195.03,https://www.onetcenter.org/dictionary/30.3/excel/job_titles.html
1029,Cooker,Manufacturing & Production,0.97,Very High,Food Cooking Machine Operators and Tenders,51-3093.00,https://www.onetcenter.org/dictionary/30.3/excel/job_titles.html
1030,Cooler,Manufacturing & Production,0.97,Very High,Cooling and Freezing Equipment Operators and Tenders,51-9193.00,https://www.onetcenter.org/dictionary/30.3/excel/job_titles.html
1031,Dealer,Personal Care & Services,0.97,Very High,Gambling Dealers,39-3011.00,https://www.onetcenter.org/dictionary/30.3/excel/job_titles.html
1032,Doctor,Healthcare,0.97,Very High,Orthodontists,29-1023.00,https://www.onetcenter.org/dictionary/30.3/excel/job_titles.html
1033,Draper,Personal Care & Services,0.97,Very High,Costume Attendants,39-3092.00,https://www.onetcenter.org/dictionary/30.3/excel/job_titles.html
1034,Escort,Personal Care & Services,0.97,Very High,Tour Guides and Escorts,39-7011.00,https://www.onetcenter.org/dictionary/30.3/excel/job_titles.html
1035,Farmer,Management,0.97,Very High,"Farmers, Ranchers, and Other Agricultural Managers",11-9013.00,https://www.onetcenter.org/dictionary/30.3/excel/job_titles.html
1036,Fitter,Manufacturing & Production,0.97,Very High,Structural Metal Fabricators and Fitters,51-2041.00,https://www.onetcenter.org/dictionary/30.3/excel/job_titles.html
1037,Folder,Transportation & Logistics,0.97,Very High,Machine Feeders and Offbearers,53-7063.00,https://www.onetcenter.org/dictionary/30.3/excel/job_titles.html
1038,Framer,"Arts, Media & Design",0.97,Very High,Craft Artists,27-1012.00,https://www.onetcenter.org/dictionary/30.3/excel/job_titles.html
1039,Gaffer,Manufacturing & Production,0.97,Very High,"Glass Blowers, Molders, Benders, and Finishers",51-9195.04,https://www.onetcenter.org/dictionary/30.3/excel/job_titles.html
1040,Grader,"Agriculture, Fishing & Forestry",0.97,Very High,"Graders and Sorters, Agricultural Products",45-2041.00,https://www.onetcenter.org/dictionary/30.3/excel/job_titles.html
1041,Grower,Management,0.97,Very High,"Farmers, Ranchers, and Other Agricultural Managers",11-9013.00,https://www.onetcenter.org/dictionary/30.3/excel/job_titles.html
1042,Helper,Construction & Trades,0.97,Very High,Construction Laborers,47-2061.00,https://www.onetcenter.org/dictionary/30.3/excel/job_titles.html
1043,Jogger,Manufacturing & Production,0.97,Very High,Etchers and Engravers,51-9194.00,https://www.onetcenter.org/dictionary/30.3/excel/job_titles.html
1044,Lofter,Manufacturing & Production,0.97,Very High,"Model Makers, Wood",51-7031.00,https://www.onetcenter.org/dictionary/30.3/excel/job_titles.html
1045,Masker,Manufacturing & Production,0.97,Very High,"Painting, Coating, and Decorating Workers",51-9123.00,https://www.onetcenter.org/dictionary/30.3/excel/job_titles.html
1046,Picker,"Agriculture, Fishing & Forestry",0.97,Very High,Agricultural Equipment Operators,45-2091.00,https://www.onetcenter.org/dictionary/30.3/excel/job_titles.html
1047,Player,"Arts, Media & Design",0.97,Very High,Athletes and Sports Competitors,27-2021.00,https://www.onetcenter.org/dictionary/30.3/excel/job_titles.html
1048,Poster,Construction & Trades,0.97,Very High,Paperhangers,47-2142.00,https://www.onetcenter.org/dictionary/30.3/excel/job_titles.html
1049,Racker,Manufacturing & Production,0.97,Very High,"Plating Machine Setters, Operators, and Tenders, Metal and Plastic",51-4193.00,https://www.onetcenter.org/dictionary/30.3/excel/job_titles.html
1050,Ranger,Science,0.97,Very High,Park Naturalists,19-1031.03,https://www.onetcenter.org/dictionary/30.3/excel/job_titles.html
1051,Rector,Community & Social Services,0.97,Very High,"Directors, Religious Activities and Education",21-2021.00,https://www.onetcenter.org/dictionary/30.3/excel/job_titles.html
1052,Rigger,"Installation, Maintenance & Repair",0.97,Very High,Riggers,49-9096.00,https://www.onetcenter.org/dictionary/30.3/excel/job_titles.html
1053,Router,Manufacturing & Production,0.97,Very High,"Woodworking Machine Setters, Operators, and Tenders, Except Sawing",51-7042.00,https://www.onetcenter.org/dictionary/30.3/excel/job_titles.html
1054,Scorer,Manufacturing & Production,0.97,Very High,"Cutting and Slicing Machine Setters, Operators, and Tenders",51-9032.00,https://www.onetcenter.org/dictionary/30.3/excel/job_titles.html
1055,Server,Food & Hospitality,0.97,Very High,Baristas,35-3023.01,https://www.onetcenter.org/dictionary/30.3/excel/job_titles.html
1056,Setter,Manufacturing & Production,0.97,Very High,"Rolling Machine Setters, Operators, and Tenders, Metal and Plastic",51-4023.00,https://www.onetcenter.org/dictionary/30.3/excel/job_titles.html
1057,Sitter,Personal Care & Services,0.97,Very High,Childcare Workers,39-9011.00,https://www.onetcenter.org/dictionary/30.3/excel/job_titles.html
1058,Tailor,Manufacturing & Production,0.97,Very High,"Tailors, Dressmakers, and Custom Sewers",51-6052.00,https://www.onetcenter.org/dictionary/30.3/excel/job_titles.html
1059,Teller,Office & Administration,0.97,Very High,Tellers,43-3071.00,https://www.onetcenter.org/dictionary/30.3/excel/job_titles.html
1060,Tinter,"Installation, Maintenance & Repair",0.97,Very High,Automotive Glass Installers and Repairers,49-3022.00,https://www.onetcenter.org/dictionary/30.3/excel/job_titles.html
1061,Tugger,Transportation & Logistics,0.97,Very High,Hoist and Winch Operators,53-7041.00,https://www.onetcenter.org/dictionary/30.3/excel/job_titles.html
1062,Vendor,Sales,0.97,Very High,"Door-to-Door Sales Workers, News and Street Vendors, and Related Workers",41-9091.00,https://www.onetcenter.org/dictionary/30.3/excel/job_titles.html
1063,Walker,Personal Care & Services,0.97,Very High,Animal Caretakers,39-2021.00,https://www.onetcenter.org/dictionary/30.3/excel/job_titles.html
1064,Writer,"Arts, Media & Design",0.97,Very High,"Poets, Lyricists and Creative Writers",27-3043.05,https://www.onetcenter.org/dictionary/30.3/excel/job_titles.html
1065,Analyst,Business & Finance,0.97,Very High,Financial Quantitative Analysts,13-2099.01,https://www.onetcenter.org/dictionary/30.3/excel/job_titles.html
1066,Artisan,"Arts, Media & Design",0.97,Very High,Craft Artists,27-1012.00,https://www.onetcenter.org/dictionary/30.3/excel/job_titles.html
1067,Barista,Food & Hospitality,0.97,Very High,Baristas,35-3023.01,https://www.onetcenter.org/dictionary/30.3/excel/job_titles.html
1068,Batcher,Manufacturing & Production,0.97,Very High,"Mixing and Blending Machine Setters, Operators, and Tenders",51-9023.00,https://www.onetcenter.org/dictionary/30.3/excel/job_titles.html
1069,Blaster,Manufacturing & Production,0.97,Very High,"Molding, Coremaking, and Casting Machine Setters, Operators, and Tenders, Metal and Plastic",51-4072.00,https://www.onetcenter.org/dictionary/30.3/excel/job_titles.html
1070,Blogger,"Arts, Media & Design",0.97,Very High,"Poets, Lyricists and Creative Writers",27-3043.05,https://www.onetcenter.org/dictionary/30.3/excel/job_titles.html
1071,Breeder,"Agriculture, Fishing & Forestry",0.97,Very High,Animal Breeders,45-2021.00,https://www.onetcenter.org/dictionary/30.3/excel/job_titles.html
1072,Builder,Manufacturing & Production,0.97,Very High,"Welding, Soldering, and Brazing Machine Setters, Operators, and Tenders",51-4122.00,https://www.onetcenter.org/dictionary/30.3/excel/job_titles.html
1073,Caterer,Food & Hospitality,0.97,Very High,Food Preparation Workers,35-2021.00,https://www.onetcenter.org/dictionary/30.3/excel/job_titles.html
1074,Chemist,Science,0.97,Very High,Biochemists and Biophysicists,19-1021.00,https://www.onetcenter.org/dictionary/30.3/excel/job_titles.html
1075,Chipper,Manufacturing & Production,0.97,Very High,"Crushing, Grinding, and Polishing Machine Setters, Operators, and Tenders",51-9021.00,https://www.onetcenter.org/dictionary/30.3/excel/job_titles.html
1076,Coroner,Business & Finance,0.97,Very High,Coroners,13-1041.06,https://www.onetcenter.org/dictionary/30.3/excel/job_titles.html
1077,Creator,"Arts, Media & Design",0.97,Very High,Set and Exhibit Designers,27-1027.00,https://www.onetcenter.org/dictionary/30.3/excel/job_titles.html
1078,Deboner,Manufacturing & Production,0.97,Very High,Slaughterers and Meat Packers,51-3023.00,https://www.onetcenter.org/dictionary/30.3/excel/job_titles.html
1079,Dentist,Healthcare,0.97,Very High,"Dentists, General",29-1021.00,https://www.onetcenter.org/dictionary/30.3/excel/job_titles.html
1080,Doorman,Personal Care & Services,0.97,Very High,Baggage Porters and Bellhops,39-6011.00,https://www.onetcenter.org/dictionary/30.3/excel/job_titles.html
1081,Drafter,Engineering & Architecture,0.97,Very High,Mechanical Drafters,17-3013.00,https://www.onetcenter.org/dictionary/30.3/excel/job_titles.html
1082,Erector,Construction & Trades,0.97,Very High,Structural Iron and Steel Workers,47-2221.00,https://www.onetcenter.org/dictionary/30.3/excel/job_titles.html
1083,Flagger,Construction & Trades,0.97,Very High,Highway Maintenance Workers,47-4051.00,https://www.onetcenter.org/dictionary/30.3/excel/job_titles.html
1084,Floorer,Construction & Trades,0.97,Very High,Floor Sanders and Finishers,47-2043.00,https://www.onetcenter.org/dictionary/30.3/excel/job_titles.html
1085,Freezer,Manufacturing & Production,0.97,Very High,Cooling and Freezing Equipment Operators and Tenders,51-9193.00,https://www.onetcenter.org/dictionary/30.3/excel/job_titles.html
1086,Glazier,Construction & Trades,0.97,Very High,Glaziers,47-2121.00,https://www.onetcenter.org/dictionary/30.3/excel/job_titles.html
1087,Greeter,Personal Care & Services,0.97,Very High,"Ushers, Lobby Attendants, and Ticket Takers",39-3031.00,https://www.onetcenter.org/dictionary/30.3/excel/job_titles.html
1088,Groomer,Personal Care & Services,0.97,Very High,Animal Caretakers,39-2021.00,https://www.onetcenter.org/dictionary/30.3/excel/job_titles.html
1089,Handler,Personal Care & Services,0.97,Very High,Animal Trainers,39-2011.00,https://www.onetcenter.org/dictionary/30.3/excel/job_titles.html
1090,Hostler,Transportation & Logistics,0.97,Very High,"Rail Yard Engineers, Dinkey Operators, and Hostlers",53-4013.00,https://www.onetcenter.org/dictionary/30.3/excel/job_titles.html
1091,Jeweler,Manufacturing & Production,0.97,Very High,Jewelers and Precious Stone and Metal Workers,51-9071.00,https://www.onetcenter.org/dictionary/30.3/excel/job_titles.html
1092,Laborer,Construction & Trades,0.97,Very High,Construction Laborers,47-2061.00,https://www.onetcenter.org/dictionary/30.3/excel/job_titles.html
1093,Locator,Construction & Trades,0.97,Very High,"Rotary Drill Operators, Oil and Gas",47-5012.00,https://www.onetcenter.org/dictionary/30.3/excel/job_titles.html
1094,Luthier,"Arts, Media & Design",0.97,Very High,Craft Artists,27-1012.00,https://www.onetcenter.org/dictionary/30.3/excel/job_titles.html
1095,Modeler,"Arts, Media & Design",0.97,Very High,Craft Artists,27-1012.00,https://www.onetcenter.org/dictionary/30.3/excel/job_titles.html
1096,Monitor,Public Safety,0.97,Very High,Crossing Guards and Flaggers,33-9091.00,https://www.onetcenter.org/dictionary/30.3/excel/job_titles.html
1097,Officer,Public Safety,0.97,Very High,Transit and Railroad Police,33-3052.00,https://www.onetcenter.org/dictionary/30.3/excel/job_titles.html
1098,Planner,Business & Finance,0.97,Very High,"Wholesale and Retail Buyers, Except Farm Products",13-1022.00,https://www.onetcenter.org/dictionary/30.3/excel/job_titles.html
1099,Scraper,Construction & Trades,0.97,Very High,Floor Sanders and Finishers,47-2043.00,https://www.onetcenter.org/dictionary/30.3/excel/job_titles.html
1100,Shelver,Education & Library,0.97,Very High,Library Technicians,25-4031.00,https://www.onetcenter.org/dictionary/30.3/excel/job_titles.html
1101,Shucker,Manufacturing & Production,0.97,Very High,"Meat, Poultry, and Fish Cutters and Trimmers",51-3022.00,https://www.onetcenter.org/dictionary/30.3/excel/job_titles.html
1102,Slitter,Manufacturing & Production,0.97,Very High,"Cutters and Trimmers, Hand",51-9031.00,https://www.onetcenter.org/dictionary/30.3/excel/job_titles.html
1103,Spotter,Manufacturing & Production,0.97,Very High,Photographic Process Workers and Processing Machine Operators,51-9151.00,https://www.onetcenter.org/dictionary/30.3/excel/job_titles.html
1104,Stacker,"Agriculture, Fishing & Forestry",0.97,Very High,Logging Equipment Operators,45-4022.00,https://www.onetcenter.org/dictionary/30.3/excel/job_titles.html
1105,Steward,Food & Hospitality,0.97,Very High,Food Preparation Workers,35-2021.00,https://www.onetcenter.org/dictionary/30.3/excel/job_titles.html
1106,Stopper,"Installation, Maintenance & Repair",0.97,Very High,"Refractory Materials Repairers, Except Brickmasons",49-9045.00,https://www.onetcenter.org/dictionary/30.3/excel/job_titles.html
1107,Tracker,Science,0.97,Very High,Atmospheric and Space Scientists,19-2021.00,https://www.onetcenter.org/dictionary/30.3/excel/job_titles.html
1108,Trainer,Management,0.97,Very High,Fitness and Wellness Coordinators,11-9179.01,https://www.onetcenter.org/dictionary/30.3/excel/job_titles.html
1109,Tumbler,Manufacturing & Production,0.97,Very High,"Furnace, Kiln, Oven, Drier, and Kettle Operators and Tenders",51-9051.00,https://www.onetcenter.org/dictionary/30.3/excel/job_titles.html
1110,Wireman,"Installation, Maintenance & Repair",0.97,Very High,"Electrical and Electronics Repairers, Commercial and Industrial Equipment",49-2094.00,https://www.onetcenter.org/dictionary/30.3/excel/job_titles.html
1111,Advocate,Community & Social Services,0.97,Very High,Social and Human Service Assistants,21-1093.00,https://www.onetcenter.org/dictionary/30.3/excel/job_titles.html
1112,Aquarist,Science,0.97,Very High,Zoologists and Wildlife Biologists,19-1023.00,https://www.onetcenter.org/dictionary/30.3/excel/job_titles.html
1113,Arborist,"Agriculture, Fishing & Forestry",0.97,Very High,Fallers,45-4021.00,https://www.onetcenter.org/dictionary/30.3/excel/job_titles.html
1114,Arranger,Personal Care & Services,0.97,Very High,"Morticians, Undertakers, and Funeral Arrangers",39-4031.00,https://www.onetcenter.org/dictionary/30.3/excel/job_titles.html
1115,Botanist,Science,0.97,Very High,Soil and Plant Scientists,19-1013.00,https://www.onetcenter.org/dictionary/30.3/excel/job_titles.html
1116,Bus Aide,Transportation & Logistics,0.97,Very High,Passenger Attendants,53-6061.00,https://www.onetcenter.org/dictionary/30.3/excel/job_titles.html
1117,Clothier,Manufacturing & Production,0.97,Very High,"Sewers, Hand",51-6051.00,https://www.onetcenter.org/dictionary/30.3/excel/job_titles.html
1118,Delimber,"Agriculture, Fishing & Forestry",0.97,Very High,Logging Equipment Operators,45-4022.00,https://www.onetcenter.org/dictionary/30.3/excel/job_titles.html
1119,Designer,"Arts, Media & Design",0.97,Very High,Fashion Designers,27-1022.00,https://www.onetcenter.org/dictionary/30.3/excel/job_titles.html
1120,Educator,Community & Social Services,0.97,Very High,Health Education Specialists,21-1091.00,https://www.onetcenter.org/dictionary/30.3/excel/job_titles.html
1121,Embalmer,Personal Care & Services,0.97,Very High,Embalmers,39-4011.00,https://www.onetcenter.org/dictionary/30.3/excel/job_titles.html
1122,Engineer,Business & Finance,0.97,Very High,Logistics Engineers,13-1081.01,https://www.onetcenter.org/dictionary/30.3/excel/job_titles.html
1123,Examiner,Business & Finance,0.97,Very High,Coroners,13-1041.06,https://www.onetcenter.org/dictionary/30.3/excel/job_titles.html
1124,Extruder,Manufacturing & Production,0.97,Very High,"Extruding, Forming, Pressing, and Compacting Machine Setters, Operators, and Tenders",51-9041.00,https://www.onetcenter.org/dictionary/30.3/excel/job_titles.html
1125,Forester,Science,0.97,Very High,Foresters,19-1032.00,https://www.onetcenter.org/dictionary/30.3/excel/job_titles.html
1126,Handyman,"Installation, Maintenance & Repair",0.97,Very High,Home Appliance Repairers,49-9031.00,https://www.onetcenter.org/dictionary/30.3/excel/job_titles.html
1127,Leverman,Transportation & Logistics,0.97,Very High,Bridge and Lock Tenders,53-6011.00,https://www.onetcenter.org/dictionary/30.3/excel/job_titles.html
1128,Linguist,"Arts, Media & Design",0.97,Very High,Interpreters and Translators,27-3091.00,https://www.onetcenter.org/dictionary/30.3/excel/job_titles.html
1129,Operator,Office & Administration,0.97,Very High,"Switchboard Operators, Including Answering Service",43-2011.00,https://www.onetcenter.org/dictionary/30.3/excel/job_titles.html
1130,Plongeur,"Installation, Maintenance & Repair",0.97,Very High,Commercial Divers,49-9092.00,https://www.onetcenter.org/dictionary/30.3/excel/job_titles.html
1131,Pressman,Manufacturing & Production,0.97,Very High,Printing Press Operators,51-5112.00,https://www.onetcenter.org/dictionary/30.3/excel/job_titles.html
1132,Recorder,"Arts, Media & Design",0.97,Very High,Court Reporters and Simultaneous Captioners,27-3092.00,https://www.onetcenter.org/dictionary/30.3/excel/job_titles.html
1133,Recycler,Transportation & Logistics,0.97,Very High,Refuse and Recyclable Material Collectors,53-7081.00,https://www.onetcenter.org/dictionary/30.3/excel/job_titles.html
1134,Repairer,Manufacturing & Production,0.97,Very High,Shoe and Leather Workers and Repairers,51-6041.00,https://www.onetcenter.org/dictionary/30.3/excel/job_titles.html
1135,Screener,Public Safety,0.97,Very High,Transportation Security Screeners,33-9093.00,https://www.onetcenter.org/dictionary/30.3/excel/job_titles.html
1136,Shingler,Construction & Trades,0.97,Very High,Roofers,47-2181.00,https://www.onetcenter.org/dictionary/30.3/excel/job_titles.html
1137,Spackler,Construction & Trades,0.97,Very High,Tapers,47-2082.00,https://www.onetcenter.org/dictionary/30.3/excel/job_titles.html
1138,Spreader,Manufacturing & Production,0.97,Very High,"Cutters and Trimmers, Hand",51-9031.00,https://www.onetcenter.org/dictionary/30.3/excel/job_titles.html
1139,Surfacer,Construction & Trades,0.97,Very High,Floor Sanders and Finishers,47-2043.00,https://www.onetcenter.org/dictionary/30.3/excel/job_titles.html
1140,Switcher,Transportation & Logistics,0.97,Very High,"Rail Yard Engineers, Dinkey Operators, and Hostlers",53-4013.00,https://www.onetcenter.org/dictionary/30.3/excel/job_titles.html
1141,Unloader,"Agriculture, Fishing & Forestry",0.97,Very High,Logging Equipment Operators,45-4022.00,https://www.onetcenter.org/dictionary/30.3/excel/job_titles.html
1142,Unracker,Manufacturing & Production,0.97,Very High,"Plating Machine Setters, Operators, and Tenders, Metal and Plastic",51-4193.00,https://www.onetcenter.org/dictionary/30.3/excel/job_titles.html
1143,Allergist,Healthcare,0.97,Very High,Allergists and Immunologists,29-1229.01,https://www.onetcenter.org/dictionary/30.3/excel/job_titles.html
1144,Announcer,"Arts, Media & Design",0.97,Very High,Broadcast Announcers and Radio Disc Jockeys,27-3011.00,https://www.onetcenter.org/dictionary/30.3/excel/job_titles.html
1145,Appraiser,Business & Finance,0.97,Very High,"Insurance Appraisers, Auto Damage",13-1032.00,https://www.onetcenter.org/dictionary/30.3/excel/job_titles.html
1146,Art Model,Sales,0.97,Very High,Models,41-9012.00,https://www.onetcenter.org/dictionary/30.3/excel/job_titles.html
1147,Assembler,Manufacturing & Production,0.97,Very High,"Aircraft Structure, Surfaces, Rigging, and Systems Assemblers",51-2011.00,https://www.onetcenter.org/dictionary/30.3/excel/job_titles.html
1148,Attendant,Personal Care & Services,0.97,Very High,Amusement and Recreation Attendants,39-3091.00,https://www.onetcenter.org/dictionary/30.3/excel/job_titles.html
1149,Bath Aide,Transportation & Logistics,0.97,Very High,Passenger Attendants,53-6061.00,https://www.onetcenter.org/dictionary/30.3/excel/job_titles.html
1150,Biologist,Science,0.97,Very High,Molecular and Cellular Biologists,19-1029.02,https://www.onetcenter.org/dictionary/30.3/excel/job_titles.html
1151,Carpenter,Construction & Trades,0.97,Very High,Carpenters,47-2031.00,https://www.onetcenter.org/dictionary/30.3/excel/job_titles.html
1152,Clinician,Community & Social Services,0.97,Very High,Mental Health and Substance Abuse Social Workers,21-1023.00,https://www.onetcenter.org/dictionary/30.3/excel/job_titles.html
1153,Collector,Office & Administration,0.97,Very High,Bill and Account Collectors,43-3011.00,https://www.onetcenter.org/dictionary/30.3/excel/job_titles.html
1154,Connector,Manufacturing & Production,0.97,Very High,"Coil Winders, Tapers, and Finishers",51-2021.00,https://www.onetcenter.org/dictionary/30.3/excel/job_titles.html
1155,Coremaker,Manufacturing & Production,0.97,Very High,Foundry Mold and Coremakers,51-4071.00,https://www.onetcenter.org/dictionary/30.3/excel/job_titles.html
1156,Counselor,Community & Social Services,0.97,Very High,Mental Health Counselors,21-1014.00,https://www.onetcenter.org/dictionary/30.3/excel/job_titles.html
1157,Craftsman,"Arts, Media & Design",0.97,Very High,Craft Artists,27-1012.00,https://www.onetcenter.org/dictionary/30.3/excel/job_titles.html
1158,Die Maker,Manufacturing & Production,0.97,Very High,Tool and Die Makers,51-4111.00,https://www.onetcenter.org/dictionary/30.3/excel/job_titles.html
1159,Diet Aide,Healthcare,0.97,Very High,Dietetic Technicians,29-2051.00,https://www.onetcenter.org/dictionary/30.3/excel/job_titles.html
1160,Draftsman,Engineering & Architecture,0.97,Very High,Architectural and Civil Drafters,17-3011.00,https://www.onetcenter.org/dictionary/30.3/excel/job_titles.html
1161,Excavator,Science,0.97,Very High,Anthropologists and Archeologists,19-3091.00,https://www.onetcenter.org/dictionary/30.3/excel/job_titles.html
1162,Exhibitor,"Arts, Media & Design",0.97,Very High,Set and Exhibit Designers,27-1027.00,https://www.onetcenter.org/dictionary/30.3/excel/job_titles.html
1163,Filmmaker,"Arts, Media & Design",0.97,Very High,"Camera Operators, Television, Video, and Film",27-4031.00,https://www.onetcenter.org/dictionary/30.3/excel/job_titles.html
1164,Fit Model,Sales,0.97,Very High,Models,41-9012.00,https://www.onetcenter.org/dictionary/30.3/excel/job_titles.html
1165,Flavorist,Science,0.97,Very High,Food Scientists and Technologists,19-1012.00,https://www.onetcenter.org/dictionary/30.3/excel/job_titles.html
1166,Floorhand,Construction & Trades,0.97,Very High,"Rotary Drill Operators, Oil and Gas",47-5012.00,https://www.onetcenter.org/dictionary/30.3/excel/job_titles.html
1167,Harvester,"Agriculture, Fishing & Forestry",0.97,Very High,Agricultural Equipment Operators,45-2091.00,https://www.onetcenter.org/dictionary/30.3/excel/job_titles.html
1168,Historian,Science,0.97,Very High,Historians,19-3093.00,https://www.onetcenter.org/dictionary/30.3/excel/job_titles.html
1169,Hygienist,Healthcare,0.97,Very High,Dental Hygienists,29-1292.00,https://www.onetcenter.org/dictionary/30.3/excel/job_titles.html
1170,Installer,Construction & Trades,0.97,Very High,"Floor Layers, Except Carpet, Wood, and Hard Tiles",47-2042.00,https://www.onetcenter.org/dictionary/30.3/excel/job_titles.html
1171,Insulator,Construction & Trades,0.97,Very High,"Insulation Workers, Mechanical",47-2132.00,https://www.onetcenter.org/dictionary/30.3/excel/job_titles.html
1172,Law Clerk,Law,0.97,Very High,Judicial Law Clerks,23-1012.00,https://www.onetcenter.org/dictionary/30.3/excel/job_titles.html
1173,Lifeguard,Public Safety,0.97,Very High,"Lifeguards, Ski Patrol, and Other Recreational Protective Service Workers",33-9092.00,https://www.onetcenter.org/dictionary/30.3/excel/job_titles.html
1174,Messenger,Office & Administration,0.97,Very High,Couriers and Messengers,43-5021.00,https://www.onetcenter.org/dictionary/30.3/excel/job_titles.html
1175,Navigator,Community & Social Services,0.97,Very High,Community Health Workers,21-1094.00,https://www.onetcenter.org/dictionary/30.3/excel/job_titles.html
1176,Paginator,Office & Administration,0.97,Very High,Desktop Publishers,43-9031.00,https://www.onetcenter.org/dictionary/30.3/excel/job_titles.html
1177,Park Aide,Science,0.97,Very High,Park Naturalists,19-1031.03,https://www.onetcenter.org/dictionary/30.3/excel/job_titles.html
1178,Performer,"Arts, Media & Design",0.97,Very High,Actors,27-2011.00,https://www.onetcenter.org/dictionary/30.3/excel/job_titles.html
1179,Physician,Healthcare,0.97,Very High,Podiatrists,29-1081.00,https://www.onetcenter.org/dictionary/30.3/excel/job_titles.html
1180,Physicist,Science,0.97,Very High,Physicists,19-2012.00,https://www.onetcenter.org/dictionary/30.3/excel/job_titles.html
1181,Pipelayer,Construction & Trades,0.97,Very High,Pipelayers,47-2151.00,https://www.onetcenter.org/dictionary/30.3/excel/job_titles.html
1182,Pipeliner,Transportation & Logistics,0.97,Very High,"Pump Operators, Except Wellhead Pumpers",53-7072.00,https://www.onetcenter.org/dictionary/30.3/excel/job_titles.html
1183,Podcaster,"Arts, Media & Design",0.97,Very High,Broadcast Announcers and Radio Disc Jockeys,27-3011.00,https://www.onetcenter.org/dictionary/30.3/excel/job_titles.html
1184,President,Management,0.97,Very High,Chief Executives,11-1011.00,https://www.onetcenter.org/dictionary/30.3/excel/job_titles.html
1185,Processor,Office & Administration,0.97,Very High,"Postal Service Mail Sorters, Processors, and Processing Machine Operators",43-5053.00,https://www.onetcenter.org/dictionary/30.3/excel/job_titles.html
1186,Professor,Education & Library,0.97,Very High,"Engineering Teachers, Postsecondary",25-1032.00,https://www.onetcenter.org/dictionary/30.3/excel/job_titles.html
1187,Publisher,Office & Administration,0.97,Very High,Desktop Publishers,43-9031.00,https://www.onetcenter.org/dictionary/30.3/excel/job_titles.html
1188,Recruiter,Business & Finance,0.97,Very High,Human Resources Specialists,13-1071.00,https://www.onetcenter.org/dictionary/30.3/excel/job_titles.html
1189,Remodeler,Construction & Trades,0.97,Very High,Construction Laborers,47-2061.00,https://www.onetcenter.org/dictionary/30.3/excel/job_titles.html
1190,Responder,Healthcare,0.97,Very High,Paramedics,29-2043.00,https://www.onetcenter.org/dictionary/30.3/excel/job_titles.html
1191,Retoucher,Manufacturing & Production,0.97,Very High,Photographic Process Workers and Processing Machine Operators,51-9151.00,https://www.onetcenter.org/dictionary/30.3/excel/job_titles.html
1192,Sanitizer,Manufacturing & Production,0.97,Very High,"Cleaning, Washing, and Metal Pickling Equipment Operators and Tenders",51-9192.00,https://www.onetcenter.org/dictionary/30.3/excel/job_titles.html
1193,Scheduler,Business & Finance,0.97,Very High,Logisticians,13-1081.00,https://www.onetcenter.org/dictionary/30.3/excel/job_titles.html
1194,Scientist,"Software, IT & Data",0.97,Very High,Computer and Information Research Scientists,15-1221.00,https://www.onetcenter.org/dictionary/30.3/excel/job_titles.html
1195,Stagehand,"Arts, Media & Design",0.97,Very High,Lighting Technicians,27-4015.00,https://www.onetcenter.org/dictionary/30.3/excel/job_titles.html
1196,Therapist,Community & Social Services,0.97,Very High,Marriage and Family Therapists,21-1013.00,https://www.onetcenter.org/dictionary/30.3/excel/job_titles.html
1197,Tightener,Manufacturing & Production,0.97,Very High,Gem and Diamond Workers,51-9071.06,https://www.onetcenter.org/dictionary/30.3/excel/job_titles.html
1198,Urologist,Healthcare,0.97,Very High,Urologists,29-1229.03,https://www.onetcenter.org/dictionary/30.3/excel/job_titles.html
1199,Van Owner,Transportation & Logistics,0.97,Very High,Taxi Drivers,53-3054.00,https://www.onetcenter.org/dictionary/30.3/excel/job_titles.html
1200,Webmaster,"Software, IT & Data",0.97,Very High,Web Administrators,15-1299.01,https://www.onetcenter.org/dictionary/30.3/excel/job_titles.html
1201,Abstractor,"Software, IT & Data",0.97,Very High,Clinical Data Managers,15-2051.02,https://www.onetcenter.org/dictionary/30.3/excel/job_titles.html
1202,Applicator,Cleaning & Grounds,0.97,Very High,"Pesticide Handlers, Sprayers, and Applicators, Vegetation",37-3012.00,https://www.onetcenter.org/dictionary/30.3/excel/job_titles.html
1203,Babysitter,Personal Care & Services,0.97,Very High,Nannies,39-9011.01,https://www.onetcenter.org/dictionary/30.3/excel/job_titles.html
1204,Beautician,Personal Care & Services,0.97,Very High,Skincare Specialists,39-5094.00,https://www.onetcenter.org/dictionary/30.3/excel/job_titles.html
1205,Bulk Clerk,Office & Administration,0.97,Very High,Postal Service Clerks,43-5051.00,https://www.onetcenter.org/dictionary/30.3/excel/job_titles.html
1206,Bus Driver,Transportation & Logistics,0.97,Very High,"Bus Drivers, Transit and Intercity",53-3052.00,https://www.onetcenter.org/dictionary/30.3/excel/job_titles.html
1207,Car Loader,Transportation & Logistics,0.97,Very High,"Tank Car, Truck, and Ship Loaders",53-7121.00,https://www.onetcenter.org/dictionary/30.3/excel/job_titles.html
1208,Caseworker,Community & Social Services,0.97,Very High,Healthcare Social Workers,21-1022.00,https://www.onetcenter.org/dictionary/30.3/excel/job_titles.html
1209,Coat Agent,Construction & Trades,0.97,Very High,Terrazzo Workers and Finishers,47-2053.00,https://www.onetcenter.org/dictionary/30.3/excel/job_titles.html
1210,Coil Taper,Manufacturing & Production,0.97,Very High,"Coil Winders, Tapers, and Finishers",51-2021.00,https://www.onetcenter.org/dictionary/30.3/excel/job_titles.html
1211,Competitor,"Arts, Media & Design",0.97,Very High,Athletes and Sports Competitors,27-2021.00,https://www.onetcenter.org/dictionary/30.3/excel/job_titles.html
1212,Compounder,Manufacturing & Production,0.97,Very High,"Mixing and Blending Machine Setters, Operators, and Tenders",51-9023.00,https://www.onetcenter.org/dictionary/30.3/excel/job_titles.html
1213,Compressor,Transportation & Logistics,0.97,Very High,Gas Compressor and Gas Pumping Station Operators,53-7071.00,https://www.onetcenter.org/dictionary/30.3/excel/job_titles.html
1214,Core Maker,Manufacturing & Production,0.97,Very High,Foundry Mold and Coremakers,51-4071.00,https://www.onetcenter.org/dictionary/30.3/excel/job_titles.html
1215,Day Porter,Cleaning & Grounds,0.97,Very High,"Janitors and Cleaners, Except Maids and Housekeeping Cleaners",37-2011.00,https://www.onetcenter.org/dictionary/30.3/excel/job_titles.html
1216,Die Setter,Manufacturing & Production,0.97,Very High,Tool and Die Makers,51-4111.00,https://www.onetcenter.org/dictionary/30.3/excel/job_titles.html
1217,Dispatcher,Office & Administration,0.97,Very High,Public Safety Telecommunicators,43-5031.00,https://www.onetcenter.org/dictionary/30.3/excel/job_titles.html
1218,Dock Clerk,Office & Administration,0.97,Very High,Postal Service Clerks,43-5051.00,https://www.onetcenter.org/dictionary/30.3/excel/job_titles.html
1219,Ergonomist,Engineering & Architecture,0.97,Very High,Human Factors Engineers and Ergonomists,17-2112.01,https://www.onetcenter.org/dictionary/30.3/excel/job_titles.html
1220,Fabricator,Manufacturing & Production,0.97,Very High,Structural Metal Fabricators and Fitters,51-2041.00,https://www.onetcenter.org/dictionary/30.3/excel/job_titles.html
1221,Floor Hand,Construction & Trades,0.97,Very High,"Roustabouts, Oil and Gas",47-5071.00,https://www.onetcenter.org/dictionary/30.3/excel/job_titles.html
1222,Food Clerk,Food & Hospitality,0.97,Very High,"Cooks, Short Order",35-2015.00,https://www.onetcenter.org/dictionary/30.3/excel/job_titles.html
1223,Fuel Clerk,Transportation & Logistics,0.97,Very High,Automotive and Watercraft Service Attendants,53-6031.00,https://www.onetcenter.org/dictionary/30.3/excel/job_titles.html
1224,Fundraiser,Business & Finance,0.97,Very High,Fundraisers,13-1131.00,https://www.onetcenter.org/dictionary/30.3/excel/job_titles.html
1225,Game Agent,Public Safety,0.97,Very High,Fish and Game Wardens,33-3031.00,https://www.onetcenter.org/dictionary/30.3/excel/job_titles.html
1226,Gate Clerk,Personal Care & Services,0.97,Very High,"Ushers, Lobby Attendants, and Ticket Takers",39-3031.00,https://www.onetcenter.org/dictionary/30.3/excel/job_titles.html
1227,Geneticist,Science,0.97,Very High,Geneticists,19-1029.03,https://www.onetcenter.org/dictionary/30.3/excel/job_titles.html
1228,Haircutter,Personal Care & Services,0.97,Very High,"Hairdressers, Hairstylists, and Cosmetologists",39-5012.00,https://www.onetcenter.org/dictionary/30.3/excel/job_titles.html
1229,Home Agent,Education & Library,0.97,Very High,Farm and Home Management Educators,25-9021.00,https://www.onetcenter.org/dictionary/30.3/excel/job_titles.html
1230,Influencer,Sales,0.97,Very High,Models,41-9012.00,https://www.onetcenter.org/dictionary/30.3/excel/job_titles.html
1231,Instructor,Community & Social Services,0.97,Very High,Health Education Specialists,21-1091.00,https://www.onetcenter.org/dictionary/30.3/excel/job_titles.html
1232,Ironworker,Construction & Trades,0.97,Very High,Structural Iron and Steel Workers,47-2221.00,https://www.onetcenter.org/dictionary/30.3/excel/job_titles.html
1233,Key Holder,Sales,0.97,Very High,First-Line Supervisors of Retail Sales Workers,41-1011.00,https://www.onetcenter.org/dictionary/30.3/excel/job_titles.html
1234,Line Pilot,Transportation & Logistics,0.97,Very High,Commercial Pilots,53-2012.00,https://www.onetcenter.org/dictionary/30.3/excel/job_titles.html
1235,Lot Porter,Transportation & Logistics,0.97,Very High,Parking Attendants,53-6021.00,https://www.onetcenter.org/dictionary/30.3/excel/job_titles.html
1236,Magistrate,Law,0.97,Very High,"Judges, Magistrate Judges, and Magistrates",23-1023.00,https://www.onetcenter.org/dictionary/30.3/excel/job_titles.html
1237,Mail Clerk,Office & Administration,0.97,Very High,"Mail Clerks and Mail Machine Operators, Except Postal Service",43-9051.00,https://www.onetcenter.org/dictionary/30.3/excel/job_titles.html
1238,Maintainer,"Installation, Maintenance & Repair",0.97,Very High,"Maintenance Workers, Machinery",49-9043.00,https://www.onetcenter.org/dictionary/30.3/excel/job_titles.html
1239,Manicurist,Personal Care & Services,0.97,Very High,Manicurists and Pedicurists,39-5092.00,https://www.onetcenter.org/dictionary/30.3/excel/job_titles.html
1240,Math Tutor,Education & Library,0.97,Very High,Tutors,25-3041.00,https://www.onetcenter.org/dictionary/30.3/excel/job_titles.html
1241,Meatcutter,Manufacturing & Production,0.97,Very High,Butchers and Meat Cutters,51-3021.00,https://www.onetcenter.org/dictionary/30.3/excel/job_titles.html
1242,Millwright,"Installation, Maintenance & Repair",0.97,Very High,Millwrights,49-9044.00,https://www.onetcenter.org/dictionary/30.3/excel/job_titles.html
1243,Naturopath,Healthcare,0.97,Very High,Naturopathic Physicians,29-1299.01,https://www.onetcenter.org/dictionary/30.3/excel/job_titles.html
1244,Navy Diver,"Installation, Maintenance & Repair",0.97,Very High,Commercial Divers,49-9092.00,https://www.onetcenter.org/dictionary/30.3/excel/job_titles.html
1245,Nocturnist,Healthcare,0.97,Very High,Hospitalists,29-1229.02,https://www.onetcenter.org/dictionary/30.3/excel/job_titles.html
1246,Nurse Aide,Healthcare Support,0.97,Very High,Nursing Assistants,31-1131.00,https://www.onetcenter.org/dictionary/30.3/excel/job_titles.html
1247,Oncologist,Healthcare,0.97,Very High,General Internal Medicine Physicians,29-1216.00,https://www.onetcenter.org/dictionary/30.3/excel/job_titles.html
1248,Orthoptist,Healthcare,0.97,Very High,Orthoptists,29-1299.02,https://www.onetcenter.org/dictionary/30.3/excel/job_titles.html
1249,Palletizer,Manufacturing & Production,0.97,Very High,Packaging and Filling Machine Operators and Tenders,51-9111.00,https://www.onetcenter.org/dictionary/30.3/excel/job_titles.html
1250,Park Guide,Science,0.97,Very High,Park Naturalists,19-1031.03,https://www.onetcenter.org/dictionary/30.3/excel/job_titles.html
1251,Pharmacist,Healthcare,0.97,Very High,Pharmacists,29-1051.00,https://www.onetcenter.org/dictionary/30.3/excel/job_titles.html
1252,Pizza Chef,Food & Hospitality,0.97,Very High,Chefs and Head Cooks,35-1011.00,https://www.onetcenter.org/dictionary/30.3/excel/job_titles.html
1253,Pizza Cook,Food & Hospitality,0.97,Very High,"Cooks, Short Order",35-2015.00,https://www.onetcenter.org/dictionary/30.3/excel/job_titles.html
1254,Podiatrist,Healthcare,0.97,Very High,Podiatrists,29-1081.00,https://www.onetcenter.org/dictionary/30.3/excel/job_titles.html
1255,Preparator,Education & Library,0.97,Very High,Curators,25-4012.00,https://www.onetcenter.org/dictionary/30.3/excel/job_titles.html
1256,Programmer,"Software, IT & Data",0.97,Very High,Computer Programmers,15-1251.00,https://www.onetcenter.org/dictionary/30.3/excel/job_titles.html
1257,Prototyper,Manufacturing & Production,0.97,Very High,"Model Makers, Metal and Plastic",51-4061.00,https://www.onetcenter.org/dictionary/30.3/excel/job_titles.html
1258,Ramp Agent,Transportation & Logistics,0.97,Very High,Airfield Operations Specialists,53-2022.00,https://www.onetcenter.org/dictionary/30.3/excel/job_titles.html
1259,Rebar Tier,Construction & Trades,0.97,Very High,Reinforcing Iron and Rebar Workers,47-2171.00,https://www.onetcenter.org/dictionary/30.3/excel/job_titles.html
1260,Refinisher,Construction & Trades,0.97,Very High,Floor Sanders and Finishers,47-2043.00,https://www.onetcenter.org/dictionary/30.3/excel/job_titles.html
1261,Researcher,"Software, IT & Data",0.97,Very High,Operations Research Analysts,15-2031.00,https://www.onetcenter.org/dictionary/30.3/excel/job_titles.html
1262,Seamstress,Manufacturing & Production,0.97,Very High,"Tailors, Dressmakers, and Custom Sewers",51-6052.00,https://www.onetcenter.org/dictionary/30.3/excel/job_titles.html
1263,Shampooist,Personal Care & Services,0.97,Very High,Shampooers,39-5093.00,https://www.onetcenter.org/dictionary/30.3/excel/job_titles.html
1264,Strategist,Business & Finance,0.97,Very High,Search Marketing Strategists,13-1161.01,https://www.onetcenter.org/dictionary/30.3/excel/job_titles.html
1265,Swim Coach,"Arts, Media & Design",0.97,Very High,Coaches and Scouts,27-2022.00,https://www.onetcenter.org/dictionary/30.3/excel/job_titles.html
1266,Tax Expert,Business & Finance,0.97,Very High,Tax Preparers,13-2082.00,https://www.onetcenter.org/dictionary/30.3/excel/job_titles.html
1267,Timekeeper,"Arts, Media & Design",0.97,Very High,"Umpires, Referees, and Other Sports Officials",27-2023.00,https://www.onetcenter.org/dictionary/30.3/excel/job_titles.html
1268,Tool Filer,Manufacturing & Production,0.97,Very High,"Tool Grinders, Filers, and Sharpeners",51-4194.00,https://www.onetcenter.org/dictionary/30.3/excel/job_titles.html
1269,Tower Hand,Construction & Trades,0.97,Very High,Structural Iron and Steel Workers,47-2221.00,https://www.onetcenter.org/dictionary/30.3/excel/job_titles.html
1270,Typesetter,Office & Administration,0.97,Very High,Proofreaders and Copy Markers,43-9081.00,https://www.onetcenter.org/dictionary/30.3/excel/job_titles.html
1271,Unit Clerk,Office & Administration,0.97,Very High,Medical Secretaries and Administrative Assistants,43-6013.00,https://www.onetcenter.org/dictionary/30.3/excel/job_titles.html
1272,Van Driver,Transportation & Logistics,0.97,Very High,Taxi Drivers,53-3054.00,https://www.onetcenter.org/dictionary/30.3/excel/job_titles.html
1273,Warehouser,Transportation & Logistics,0.97,Very High,Stockers and Order Fillers,53-7065.00,https://www.onetcenter.org/dictionary/30.3/excel/job_titles.html
1274,Yardmaster,Transportation & Logistics,0.97,Very High,Railroad Conductors and Yardmasters,53-4031.00,https://www.onetcenter.org/dictionary/30.3/excel/job_titles.html
1275,Zip Sorter,Office & Administration,0.97,Very High,"Postal Service Mail Sorters, Processors, and Processing Machine Operators",43-5053.00,https://www.onetcenter.org/dictionary/30.3/excel/job_titles.html
1276,Admit Clerk,Office & Administration,0.97,Very High,New Accounts Clerks,43-4141.00,https://www.onetcenter.org/dictionary/30.3/excel/job_titles.html
1277,Agent Model,Sales,0.97,Very High,Models,41-9012.00,https://www.onetcenter.org/dictionary/30.3/excel/job_titles.html
1278,Art Curator,Education & Library,0.97,Very High,Curators,25-4012.00,https://www.onetcenter.org/dictionary/30.3/excel/job_titles.html
1279,Art Handler,Education & Library,0.97,Very High,Curators,25-4012.00,https://www.onetcenter.org/dictionary/30.3/excel/job_titles.html
1280,Bass Player,"Arts, Media & Design",0.97,Very High,Musicians and Singers,27-2042.00,https://www.onetcenter.org/dictionary/30.3/excel/job_titles.html
1281,Behaviorist,Science,0.97,Very High,Animal Scientists,19-1011.00,https://www.onetcenter.org/dictionary/30.3/excel/job_titles.html
1282,Bell Person,Personal Care & Services,0.97,Very High,Baggage Porters and Bellhops,39-6011.00,https://www.onetcenter.org/dictionary/30.3/excel/job_titles.html
1283,Birth Doula,Healthcare,0.97,Very High,Midwives,29-9099.01,https://www.onetcenter.org/dictionary/30.3/excel/job_titles.html
1284,Block Mason,Construction & Trades,0.97,Very High,Brickmasons and Blockmasons,47-2021.00,https://www.onetcenter.org/dictionary/30.3/excel/job_titles.html
1285,Blog Writer,"Arts, Media & Design",0.97,Very High,"Poets, Lyricists and Creative Writers",27-3043.05,https://www.onetcenter.org/dictionary/30.3/excel/job_titles.html
1286,Blow Molder,Manufacturing & Production,0.97,Very High,"Glass Blowers, Molders, Benders, and Finishers",51-9195.04,https://www.onetcenter.org/dictionary/30.3/excel/job_titles.html
1287,Boat Tester,"Installation, Maintenance & Repair",0.97,Very High,Motorboat Mechanics and Service Technicians,49-3051.00,https://www.onetcenter.org/dictionary/30.3/excel/job_titles.html
1288,Bond Runner,Manufacturing & Production,0.97,Very High,Foundry Mold and Coremakers,51-4071.00,https://www.onetcenter.org/dictionary/30.3/excel/job_titles.html
1289,Brick Layer,Construction & Trades,0.97,Very High,Brickmasons and Blockmasons,47-2021.00,https://www.onetcenter.org/dictionary/30.3/excel/job_titles.html
1290,Buildmaster,Construction & Trades,0.97,Very High,Terrazzo Workers and Finishers,47-2053.00,https://www.onetcenter.org/dictionary/30.3/excel/job_titles.html
1291,Bulk Folder,Manufacturing & Production,0.97,Very High,"Pressers, Textile, Garment, and Related Materials",51-6021.00,https://www.onetcenter.org/dictionary/30.3/excel/job_titles.html
1292,Bus Monitor,Transportation & Logistics,0.97,Very High,Passenger Attendants,53-6061.00,https://www.onetcenter.org/dictionary/30.3/excel/job_titles.html
1293,Camp Ranger,Science,0.97,Very High,Park Naturalists,19-1031.03,https://www.onetcenter.org/dictionary/30.3/excel/job_titles.html
1294,Care Worker,Healthcare Support,0.97,Very High,Home Health Aides,31-1121.00,https://www.onetcenter.org/dictionary/30.3/excel/job_titles.html
1295,Case Worker,Community & Social Services,0.97,Very High,Healthcare Social Workers,21-1022.00,https://www.onetcenter.org/dictionary/30.3/excel/job_titles.html
1296,Cast Member,Personal Care & Services,0.97,Very High,Amusement and Recreation Attendants,39-3091.00,https://www.onetcenter.org/dictionary/30.3/excel/job_titles.html
1297,Crepe Maker,Manufacturing & Production,0.97,Very High,"Paper Goods Machine Setters, Operators, and Tenders",51-9196.00,https://www.onetcenter.org/dictionary/30.3/excel/job_titles.html
1298,Crew Member,Food & Hospitality,0.97,Very High,Fast Food and Counter Workers,35-3023.00,https://www.onetcenter.org/dictionary/30.3/excel/job_titles.html
1299,Data Mapper,Engineering & Architecture,0.97,Very High,Cartographers and Photogrammetrists,17-1021.00,https://www.onetcenter.org/dictionary/30.3/excel/job_titles.html
1300,Day Cashier,Sales,0.97,Very High,Cashiers,41-2011.00,https://www.onetcenter.org/dictionary/30.3/excel/job_titles.html
1301,Deburr Hand,Manufacturing & Production,0.97,Very High,"Grinding and Polishing Workers, Hand",51-9022.00,https://www.onetcenter.org/dictionary/30.3/excel/job_titles.html
1302,Derrickhand,Construction & Trades,0.97,Very High,"Rotary Drill Operators, Oil and Gas",47-5012.00,https://www.onetcenter.org/dictionary/30.3/excel/job_titles.html
1303,Dish Person,Food & Hospitality,0.97,Very High,Dishwashers,35-9021.00,https://www.onetcenter.org/dictionary/30.3/excel/job_titles.html
1304,Dive Tender,"Installation, Maintenance & Repair",0.97,Very High,Commercial Divers,49-9092.00,https://www.onetcenter.org/dictionary/30.3/excel/job_titles.html
1305,Dock Worker,Transportation & Logistics,0.97,Very High,"Laborers and Freight, Stock, and Material Movers, Hand",53-7062.00,https://www.onetcenter.org/dictionary/30.3/excel/job_titles.html
1306,Donut Fryer,Manufacturing & Production,0.97,Very High,Food Cooking Machine Operators and Tenders,51-3093.00,https://www.onetcenter.org/dictionary/30.3/excel/job_titles.html
1307,Donut Maker,Manufacturing & Production,0.97,Very High,Bakers,51-3011.00,https://www.onetcenter.org/dictionary/30.3/excel/job_titles.html
1308,Dough Maker,Manufacturing & Production,0.97,Very High,Food Batchmakers,51-3092.00,https://www.onetcenter.org/dictionary/30.3/excel/job_titles.html
1309,Endodontist,Healthcare,0.97,Very High,"Dentists, General",29-1021.00,https://www.onetcenter.org/dictionary/30.3/excel/job_titles.html
1310,Entertainer,"Arts, Media & Design",0.97,Very High,Actors,27-2011.00,https://www.onetcenter.org/dictionary/30.3/excel/job_titles.html
1311,Entry Taker,Office & Administration,0.97,Very High,"Interviewers, Except Eligibility and Loan",43-4111.00,https://www.onetcenter.org/dictionary/30.3/excel/job_titles.html
1312,Event Guide,Personal Care & Services,0.97,Very High,Tour Guides and Escorts,39-7011.00,https://www.onetcenter.org/dictionary/30.3/excel/job_titles.html
1313,Event Staff,Business & Finance,0.97,Very High,"Meeting, Convention, and Event Planners",13-1121.00,https://www.onetcenter.org/dictionary/30.3/excel/job_titles.html
1314,Firefighter,Public Safety,0.97,Very High,Firefighters,33-2011.00,https://www.onetcenter.org/dictionary/30.3/excel/job_titles.html
1315,Fish Cutter,"Agriculture, Fishing & Forestry",0.97,Very High,Fishing and Hunting Workers,45-3031.00,https://www.onetcenter.org/dictionary/30.3/excel/job_titles.html
1316,Flight Crew,Transportation & Logistics,0.97,Very High,Flight Attendants,53-2031.00,https://www.onetcenter.org/dictionary/30.3/excel/job_titles.html
1317,Floor Model,Sales,0.97,Very High,Models,41-9012.00,https://www.onetcenter.org/dictionary/30.3/excel/job_titles.html
1318,Floorperson,Personal Care & Services,0.97,Very High,First-Line Supervisors of Gambling Services Workers,39-1013.00,https://www.onetcenter.org/dictionary/30.3/excel/job_titles.html
1319,Game Master,"Software, IT & Data",0.97,Very High,Video Game Designers,15-1255.01,https://www.onetcenter.org/dictionary/30.3/excel/job_titles.html
1320,Game Tester,"Software, IT & Data",0.97,Very High,Video Game Designers,15-1255.01,https://www.onetcenter.org/dictionary/30.3/excel/job_titles.html
1321,Gym Manager,Management,0.97,Very High,Fitness and Wellness Coordinators,11-9179.01,https://www.onetcenter.org/dictionary/30.3/excel/job_titles.html
1322,Hairstylist,Personal Care & Services,0.97,Very High,Barbers,39-5011.00,https://www.onetcenter.org/dictionary/30.3/excel/job_titles.html
1323,Histologist,Healthcare,0.97,Very High,Histotechnologists,29-2011.04,https://www.onetcenter.org/dictionary/30.3/excel/job_titles.html
1324,Home Worker,Community & Social Services,0.97,Very High,"Social Workers, All Other",21-1029.00,https://www.onetcenter.org/dictionary/30.3/excel/job_titles.html
1325,Hospitalist,Healthcare,0.97,Very High,Obstetricians and Gynecologists,29-1218.00,https://www.onetcenter.org/dictionary/30.3/excel/job_titles.html
1326,Houseperson,Cleaning & Grounds,0.97,Very High,Maids and Housekeeping Cleaners,37-2012.00,https://www.onetcenter.org/dictionary/30.3/excel/job_titles.html
1327,Illustrator,"Arts, Media & Design",0.97,Very High,"Fine Artists, Including Painters, Sculptors, and Illustrators",27-1013.00,https://www.onetcenter.org/dictionary/30.3/excel/job_titles.html
1328,Implementer,"Software, IT & Data",0.97,Very High,Web Administrators,15-1299.01,https://www.onetcenter.org/dictionary/30.3/excel/job_titles.html
1329,Inn Manager,Management,0.97,Very High,Lodging Managers,11-9081.00,https://www.onetcenter.org/dictionary/30.3/excel/job_titles.html
1330,Intensivist,Healthcare,0.97,Very High,Emergency Medicine Physicians,29-1214.00,https://www.onetcenter.org/dictionary/30.3/excel/job_titles.html
1331,Interpreter,"Arts, Media & Design",0.97,Very High,Interpreters and Translators,27-3091.00,https://www.onetcenter.org/dictionary/30.3/excel/job_titles.html
1332,Interviewer,Science,0.97,Very High,Survey Researchers,19-3022.00,https://www.onetcenter.org/dictionary/30.3/excel/job_titles.html
1333,Iron Worker,Construction & Trades,0.97,Very High,Structural Iron and Steel Workers,47-2221.00,https://www.onetcenter.org/dictionary/30.3/excel/job_titles.html
1334,Kayak Guide,Personal Care & Services,0.97,Very High,Tour Guides and Escorts,39-7011.00,https://www.onetcenter.org/dictionary/30.3/excel/job_titles.html
1335,Keyboardist,"Arts, Media & Design",0.97,Very High,Musicians and Singers,27-2042.00,https://www.onetcenter.org/dictionary/30.3/excel/job_titles.html
1336,Legal Clerk,Law,0.97,Very High,Judicial Law Clerks,23-1012.00,https://www.onetcenter.org/dictionary/30.3/excel/job_titles.html
1337,Live Hanger,"Agriculture, Fishing & Forestry",0.97,Very High,"Farmworkers, Farm, Ranch, and Aquacultural Animals",45-2093.00,https://www.onetcenter.org/dictionary/30.3/excel/job_titles.html
1338,Load Puller,Transportation & Logistics,0.97,Very High,"Laborers and Freight, Stock, and Material Movers, Hand",53-7062.00,https://www.onetcenter.org/dictionary/30.3/excel/job_titles.html
1339,Masontender,Construction & Trades,0.97,Very High,"Helpers--Brickmasons, Blockmasons, Stonemasons, and Tile and Marble Setters",47-3011.00,https://www.onetcenter.org/dictionary/30.3/excel/job_titles.html
1340,Meat Cutter,Manufacturing & Production,0.97,Very High,Butchers and Meat Cutters,51-3021.00,https://www.onetcenter.org/dictionary/30.3/excel/job_titles.html
1341,Media Buyer,"Arts, Media & Design",0.97,Very High,Public Relations Specialists,27-3031.00,https://www.onetcenter.org/dictionary/30.3/excel/job_titles.html
1342,Mold Cutter,Manufacturing & Production,0.97,Very High,"Cutters and Trimmers, Hand",51-9031.00,https://www.onetcenter.org/dictionary/30.3/excel/job_titles.html
1343,Mold Tooler,Manufacturing & Production,0.97,Very High,"Patternmakers, Metal and Plastic",51-4062.00,https://www.onetcenter.org/dictionary/30.3/excel/job_titles.html
1344,Movie Extra,"Arts, Media & Design",0.97,Very High,Actors,27-2011.00,https://www.onetcenter.org/dictionary/30.3/excel/job_titles.html
1345,Music Agent,Business & Finance,0.97,Very High,"Agents and Business Managers of Artists, Performers, and Athletes",13-1011.00,https://www.onetcenter.org/dictionary/30.3/excel/job_titles.html
1346,Neurologist,Healthcare,0.97,Very High,Neurologists,29-1217.00,https://www.onetcenter.org/dictionary/30.3/excel/job_titles.html
1347,News Editor,"Arts, Media & Design",0.97,Very High,Editors,27-3041.00,https://www.onetcenter.org/dictionary/30.3/excel/job_titles.html
1348,Night Baker,Manufacturing & Production,0.97,Very High,Bakers,51-3011.00,https://www.onetcenter.org/dictionary/30.3/excel/job_titles.html
1349,Order Clerk,Office & Administration,0.97,Very High,Order Clerks,43-4151.00,https://www.onetcenter.org/dictionary/30.3/excel/job_titles.html
1350,Park Ranger,Science,0.97,Very High,Park Naturalists,19-1031.03,https://www.onetcenter.org/dictionary/30.3/excel/job_titles.html
1351,Park Worker,Science,0.97,Very High,Park Naturalists,19-1031.03,https://www.onetcenter.org/dictionary/30.3/excel/job_titles.html
1352,Pathologist,Healthcare,0.97,Very High,"Physicians, Pathologists",29-1222.00,https://www.onetcenter.org/dictionary/30.3/excel/job_titles.html
1353,Patternator,Manufacturing & Production,0.97,Very High,Fabric and Apparel Patternmakers,51-6092.00,https://www.onetcenter.org/dictionary/30.3/excel/job_titles.html
1354,Pet Trainer,Personal Care & Services,0.97,Very High,Animal Trainers,39-2011.00,https://www.onetcenter.org/dictionary/30.3/excel/job_titles.html
1355,Physiatrist,Healthcare,0.97,Very High,Physical Medicine and Rehabilitation Physicians,29-1229.04,https://www.onetcenter.org/dictionary/30.3/excel/job_titles.html
1356,Pier Runner,Transportation & Logistics,0.97,Very High,Hoist and Winch Operators,53-7041.00,https://www.onetcenter.org/dictionary/30.3/excel/job_titles.html
1357,Pit Manager,Management,0.97,Very High,Gambling Managers,11-9071.00,https://www.onetcenter.org/dictionary/30.3/excel/job_titles.html
1358,Pizza Maker,Food & Hospitality,0.97,Very High,"Cooks, Restaurant",35-2014.00,https://www.onetcenter.org/dictionary/30.3/excel/job_titles.html
1359,Point Guard,Public Safety,0.97,Very High,Correctional Officers and Jailers,33-3012.00,https://www.onetcenter.org/dictionary/30.3/excel/job_titles.html
1360,Radiologist,Healthcare,0.97,Very High,Radiologists,29-1224.00,https://www.onetcenter.org/dictionary/30.3/excel/job_titles.html
1361,Rail Worker,Transportation & Logistics,0.97,Very High,"Railroad Brake, Signal, and Switch Operators and Locomotive Firers",53-4022.00,https://www.onetcenter.org/dictionary/30.3/excel/job_titles.html
1362,Road Driver,Transportation & Logistics,0.97,Very High,Heavy and Tractor-Trailer Truck Drivers,53-3032.00,https://www.onetcenter.org/dictionary/30.3/excel/job_titles.html
1363,Role Player,"Arts, Media & Design",0.97,Very High,Actors,27-2011.00,https://www.onetcenter.org/dictionary/30.3/excel/job_titles.html
1364,Roof Bolter,Construction & Trades,0.97,Very High,"Roof Bolters, Mining",47-5043.00,https://www.onetcenter.org/dictionary/30.3/excel/job_titles.html
1365,Rotor Pilot,Transportation & Logistics,0.97,Very High,Commercial Pilots,53-2012.00,https://www.onetcenter.org/dictionary/30.3/excel/job_titles.html
1366,Route Diver,"Installation, Maintenance & Repair",0.97,Very High,Commercial Divers,49-9092.00,https://www.onetcenter.org/dictionary/30.3/excel/job_titles.html
1367,Sales Agent,Sales,0.97,Very High,Insurance Sales Agents,41-3021.00,https://www.onetcenter.org/dictionary/30.3/excel/job_titles.html
1368,Sales Model,Sales,0.97,Very High,Models,41-9012.00,https://www.onetcenter.org/dictionary/30.3/excel/job_titles.html
1369,Salesperson,Sales,0.97,Very High,Parts Salespersons,41-2022.00,https://www.onetcenter.org/dictionary/30.3/excel/job_titles.html
1370,Sandblaster,Manufacturing & Production,0.97,Very High,"Coating, Painting, and Spraying Machine Setters, Operators, and Tenders",51-9124.00,https://www.onetcenter.org/dictionary/30.3/excel/job_titles.html
1371,Scare Actor,"Arts, Media & Design",0.97,Very High,Actors,27-2011.00,https://www.onetcenter.org/dictionary/30.3/excel/job_titles.html
1372,School Aide,Public Safety,0.97,Very High,Crossing Guards and Flaggers,33-9091.00,https://www.onetcenter.org/dictionary/30.3/excel/job_titles.html
1373,Scorekeeper,"Arts, Media & Design",0.97,Very High,"Umpires, Referees, and Other Sports Officials",27-2023.00,https://www.onetcenter.org/dictionary/30.3/excel/job_titles.html
1374,Sewer Layer,Construction & Trades,0.97,Very High,Pipelayers,47-2151.00,https://www.onetcenter.org/dictionary/30.3/excel/job_titles.html
1375,Sheepherder,"Agriculture, Fishing & Forestry",0.97,Very High,"Farmworkers, Farm, Ranch, and Aquacultural Animals",45-2093.00,https://www.onetcenter.org/dictionary/30.3/excel/job_titles.html
1376,Shop Helper,Construction & Trades,0.97,Very High,Helpers--Electricians,47-3013.00,https://www.onetcenter.org/dictionary/30.3/excel/job_titles.html
1377,Sign Holder,Sales,0.97,Very High,Demonstrators and Product Promoters,41-9011.00,https://www.onetcenter.org/dictionary/30.3/excel/job_titles.html
1378,Silversmith,Manufacturing & Production,0.97,Very High,Etchers and Engravers,51-9194.00,https://www.onetcenter.org/dictionary/30.3/excel/job_titles.html
1379,Spa Manager,Management,0.97,Very High,Spa Managers,11-9179.02,https://www.onetcenter.org/dictionary/30.3/excel/job_titles.html
1380,Store Baker,Manufacturing & Production,0.97,Very High,Bakers,51-3011.00,https://www.onetcenter.org/dictionary/30.3/excel/job_titles.html
1381,Tail Burner,Manufacturing & Production,0.97,Very High,"Furnace, Kiln, Oven, Drier, and Kettle Operators and Tenders",51-9051.00,https://www.onetcenter.org/dictionary/30.3/excel/job_titles.html
1382,Tank Washer,Manufacturing & Production,0.97,Very High,"Cleaning, Washing, and Metal Pickling Equipment Operators and Tenders",51-9192.00,https://www.onetcenter.org/dictionary/30.3/excel/job_titles.html
1383,Tax Analyst,Business & Finance,0.97,Very High,"Tax Examiners and Collectors, and Revenue Agents",13-2081.00,https://www.onetcenter.org/dictionary/30.3/excel/job_titles.html
1384,Tax Manager,Management,0.97,Very High,Financial Managers,11-3031.00,https://www.onetcenter.org/dictionary/30.3/excel/job_titles.html
1385,Team Driver,Transportation & Logistics,0.97,Very High,Heavy and Tractor-Trailer Truck Drivers,53-3032.00,https://www.onetcenter.org/dictionary/30.3/excel/job_titles.html
1386,Test Scorer,"Arts, Media & Design",0.97,Very High,"Umpires, Referees, and Other Sports Officials",27-2023.00,https://www.onetcenter.org/dictionary/30.3/excel/job_titles.html
1387,Tile Helper,Construction & Trades,0.97,Very High,"Helpers--Brickmasons, Blockmasons, Stonemasons, and Tile and Marble Setters",47-3011.00,https://www.onetcenter.org/dictionary/30.3/excel/job_titles.html
1388,Tile Setter,Construction & Trades,0.97,Very High,Tile and Stone Setters,47-2044.00,https://www.onetcenter.org/dictionary/30.3/excel/job_titles.html
1389,Title Clerk,Law,0.97,Very High,"Title Examiners, Abstractors, and Searchers",23-2093.00,https://www.onetcenter.org/dictionary/30.3/excel/job_titles.html
1390,Tool Master,"Installation, Maintenance & Repair",0.97,Very High,"Electric Motor, Power Tool, and Related Repairers",49-2092.00,https://www.onetcenter.org/dictionary/30.3/excel/job_titles.html
1391,Tool Pusher,Construction & Trades,0.97,Very High,"Service Unit Operators, Oil and Gas",47-5013.00,https://www.onetcenter.org/dictionary/30.3/excel/job_titles.html
1392,Track Coach,"Arts, Media & Design",0.97,Very High,Coaches and Scouts,27-2022.00,https://www.onetcenter.org/dictionary/30.3/excel/job_titles.html
1393,Trail Guide,Personal Care & Services,0.97,Very High,Travel Guides,39-7012.00,https://www.onetcenter.org/dictionary/30.3/excel/job_titles.html
1394,Tram Driver,Transportation & Logistics,0.97,Very High,Subway and Streetcar Operators,53-4041.00,https://www.onetcenter.org/dictionary/30.3/excel/job_titles.html
1395,Transcriber,Healthcare Support,0.97,Very High,Medical Transcriptionists,31-9094.00,https://www.onetcenter.org/dictionary/30.3/excel/job_titles.html
1396,Transporter,Healthcare Support,0.97,Very High,Orderlies,31-1132.00,https://www.onetcenter.org/dictionary/30.3/excel/job_titles.html
1397,Tree Worker,Cleaning & Grounds,0.97,Very High,Tree Trimmers and Pruners,37-3013.00,https://www.onetcenter.org/dictionary/30.3/excel/job_titles.html
1398,Tube Bender,Manufacturing & Production,0.97,Very High,"Glass Blowers, Molders, Benders, and Finishers",51-9195.04,https://www.onetcenter.org/dictionary/30.3/excel/job_titles.html
1399,Underwriter,Business & Finance,0.97,Very High,Insurance Underwriters,13-2053.00,https://www.onetcenter.org/dictionary/30.3/excel/job_titles.html
1400,Upholsterer,Manufacturing & Production,0.97,Very High,Upholsterers,51-6093.00,https://www.onetcenter.org/dictionary/30.3/excel/job_titles.html
1401,Web Manager,"Software, IT & Data",0.97,Very High,Web Administrators,15-1299.01,https://www.onetcenter.org/dictionary/30.3/excel/job_titles.html
1402,Well Tender,Transportation & Logistics,0.97,Very High,Wellhead Pumpers,53-7073.00,https://www.onetcenter.org/dictionary/30.3/excel/job_titles.html
1403,Wire Cutter,Manufacturing & Production,0.97,Very High,"Cutters and Trimmers, Hand",51-9031.00,https://www.onetcenter.org/dictionary/30.3/excel/job_titles.html
1404,Yard Loader,Construction & Trades,0.97,Very High,"Loading and Moving Machine Operators, Underground Mining",47-5044.00,https://www.onetcenter.org/dictionary/30.3/excel/job_titles.html
1405,Acute Editor,"Arts, Media & Design",0.97,Very High,Editors,27-3041.00,https://www.onetcenter.org/dictionary/30.3/excel/job_titles.html
1406,Aesthetician,Personal Care & Services,0.97,Very High,Skincare Specialists,39-5094.00,https://www.onetcenter.org/dictionary/30.3/excel/job_titles.html
1407,Agency Owner,Management,0.97,Very High,Chief Executives,11-1011.00,https://www.onetcenter.org/dictionary/30.3/excel/job_titles.html
1408,Angiographer,Healthcare,0.97,Very High,Ophthalmic Medical Technologists,29-2099.05,https://www.onetcenter.org/dictionary/30.3/excel/job_titles.html
1409,Archeologist,Science,0.97,Very High,Anthropologists and Archeologists,19-3091.00,https://www.onetcenter.org/dictionary/30.3/excel/job_titles.html
1410,Area Manager,Management,0.97,Very High,General and Operations Managers,11-1021.00,https://www.onetcenter.org/dictionary/30.3/excel/job_titles.html
1411,Bakery Clerk,Manufacturing & Production,0.97,Very High,Bakers,51-3011.00,https://www.onetcenter.org/dictionary/30.3/excel/job_titles.html
1412,Bakery Fryer,Manufacturing & Production,0.97,Very High,Food Cooking Machine Operators and Tenders,51-3093.00,https://www.onetcenter.org/dictionary/30.3/excel/job_titles.html
1413,Bike Builder,"Installation, Maintenance & Repair",0.97,Very High,Motorcycle Mechanics,49-3052.00,https://www.onetcenter.org/dictionary/30.3/excel/job_titles.html
1414,Bingo Caller,Personal Care & Services,0.97,Very High,Gambling and Sports Book Writers and Runners,39-3012.00,https://www.onetcenter.org/dictionary/30.3/excel/job_titles.html
1415,Biometrician,Science,0.97,Very High,Forensic Science Technicians,19-4092.00,https://www.onetcenter.org/dictionary/30.3/excel/job_titles.html
1416,Brass Pourer,Manufacturing & Production,0.97,Very High,"Pourers and Casters, Metal",51-4052.00,https://www.onetcenter.org/dictionary/30.3/excel/job_titles.html
1417,Broiler Cook,Food & Hospitality,0.97,Very High,"Cooks, Short Order",35-2015.00,https://www.onetcenter.org/dictionary/30.3/excel/job_titles.html
1418,Build Master,Construction & Trades,0.97,Very High,Terrazzo Workers and Finishers,47-2053.00,https://www.onetcenter.org/dictionary/30.3/excel/job_titles.html
1419,Buyers Agent,Sales,0.97,Very High,Real Estate Brokers,41-9021.00,https://www.onetcenter.org/dictionary/30.3/excel/job_titles.html
1420,Cafe Barista,Food & Hospitality,0.97,Very High,Baristas,35-3023.01,https://www.onetcenter.org/dictionary/30.3/excel/job_titles.html
1421,Candle Maker,"Arts, Media & Design",0.97,Very High,Craft Artists,27-1012.00,https://www.onetcenter.org/dictionary/30.3/excel/job_titles.html
1422,Car Unloader,Transportation & Logistics,0.97,Very High,"Tank Car, Truck, and Ship Loaders",53-7121.00,https://www.onetcenter.org/dictionary/30.3/excel/job_titles.html
1423,Cardiologist,Healthcare,0.97,Very High,Cardiologists,29-1212.00,https://www.onetcenter.org/dictionary/30.3/excel/job_titles.html
1424,Cartographer,Engineering & Architecture,0.97,Very High,Cartographers and Photogrammetrists,17-1021.00,https://www.onetcenter.org/dictionary/30.3/excel/job_titles.html
1425,Case Manager,Management,0.97,Very High,Social and Community Service Managers,11-9151.00,https://www.onetcenter.org/dictionary/30.3/excel/job_titles.html
1426,Check Scaler,"Agriculture, Fishing & Forestry",0.97,Very High,Log Graders and Scalers,45-4023.00,https://www.onetcenter.org/dictionary/30.3/excel/job_titles.html
1427,Chef Manager,Management,0.97,Very High,Food Service Managers,11-9051.00,https://www.onetcenter.org/dictionary/30.3/excel/job_titles.html
1428,City Carrier,Office & Administration,0.97,Very High,Postal Service Clerks,43-5051.00,https://www.onetcenter.org/dictionary/30.3/excel/job_titles.html
1429,Club Manager,Management,0.97,Very High,"Entertainment and Recreation Managers, Except Gambling",11-9072.00,https://www.onetcenter.org/dictionary/30.3/excel/job_titles.html
1430,Coax Splicer,"Installation, Maintenance & Repair",0.97,Very High,Telecommunications Line Installers and Repairers,49-9052.00,https://www.onetcenter.org/dictionary/30.3/excel/job_titles.html
1431,Core Rescuer,Manufacturing & Production,0.97,Very High,Foundry Mold and Coremakers,51-4071.00,https://www.onetcenter.org/dictionary/30.3/excel/job_titles.html
1432,Cost Analyst,Business & Finance,0.97,Very High,Cost Estimators,13-1051.00,https://www.onetcenter.org/dictionary/30.3/excel/job_titles.html
1433,Crane Driver,Transportation & Logistics,0.97,Very High,Crane and Tower Operators,53-7021.00,https://www.onetcenter.org/dictionary/30.3/excel/job_titles.html
1434,Crew Foreman,Construction & Trades,0.97,Very High,First-Line Supervisors of Construction Trades and Extraction Workers,47-1011.00,https://www.onetcenter.org/dictionary/30.3/excel/job_titles.html
1435,Crop Advisor,Science,0.97,Very High,Food Scientists and Technologists,19-1012.00,https://www.onetcenter.org/dictionary/30.3/excel/job_titles.html
1436,Cruise Agent,Personal Care & Services,0.97,Very High,Travel Guides,39-7012.00,https://www.onetcenter.org/dictionary/30.3/excel/job_titles.html
1437,Cryptologist,"Software, IT & Data",0.97,Very High,Computer and Information Research Scientists,15-1221.00,https://www.onetcenter.org/dictionary/30.3/excel/job_titles.html
1438,Cuisine Chef,Food & Hospitality,0.97,Very High,Chefs and Head Cooks,35-1011.00,https://www.onetcenter.org/dictionary/30.3/excel/job_titles.html
1439,Cut Operator,Manufacturing & Production,0.97,Very High,"Textile Cutting Machine Setters, Operators, and Tenders",51-6062.00,https://www.onetcenter.org/dictionary/30.3/excel/job_titles.html
1440,Dam Repairer,Transportation & Logistics,0.97,Very High,Bridge and Lock Tenders,53-6011.00,https://www.onetcenter.org/dictionary/30.3/excel/job_titles.html
1441,Data Analyst,Business & Finance,0.97,Very High,Financial Quantitative Analysts,13-2099.01,https://www.onetcenter.org/dictionary/30.3/excel/job_titles.html
1442,Data Curator,Education & Library,0.97,Very High,Curators,25-4012.00,https://www.onetcenter.org/dictionary/30.3/excel/job_titles.html
1443,Data Modeler,"Software, IT & Data",0.97,Very High,Statisticians,15-2041.00,https://www.onetcenter.org/dictionary/30.3/excel/job_titles.html
1444,Derrick Hand,Construction & Trades,0.97,Very High,"Roustabouts, Oil and Gas",47-5071.00,https://www.onetcenter.org/dictionary/30.3/excel/job_titles.html
1445,Desk Greeter,Sales,0.97,Very High,Counter and Rental Clerks,41-2021.00,https://www.onetcenter.org/dictionary/30.3/excel/job_titles.html
1446,Die Designer,Manufacturing & Production,0.97,Very High,Tool and Die Makers,51-4111.00,https://www.onetcenter.org/dictionary/30.3/excel/job_titles.html
1447,Dietary Aide,Healthcare,0.97,Very High,Dietitians and Nutritionists,29-1031.00,https://www.onetcenter.org/dictionary/30.3/excel/job_titles.html
1448,Dietary Cook,Food & Hospitality,0.97,Very High,"Cooks, Institution and Cafeteria",35-2012.00,https://www.onetcenter.org/dictionary/30.3/excel/job_titles.html
1449,Dough Roller,Manufacturing & Production,0.97,Very High,Food Batchmakers,51-3092.00,https://www.onetcenter.org/dictionary/30.3/excel/job_titles.html
1450,Drill Helper,Construction & Trades,0.97,Very High,Helpers--Extraction Workers,47-5081.00,https://www.onetcenter.org/dictionary/30.3/excel/job_titles.html
1451,Duty Officer,Public Safety,0.97,Very High,Customs and Border Protection Officers,33-3051.04,https://www.onetcenter.org/dictionary/30.3/excel/job_titles.html
1452,Entomologist,Science,0.97,Very High,Biologists,19-1029.04,https://www.onetcenter.org/dictionary/30.3/excel/job_titles.html
1453,Entry Writer,Business & Finance,0.97,Very High,Customs Brokers,13-1041.08,https://www.onetcenter.org/dictionary/30.3/excel/job_titles.html
1454,Exam Proctor,Education & Library,0.97,Very High,"Teaching Assistants, Postsecondary",25-9044.00,https://www.onetcenter.org/dictionary/30.3/excel/job_titles.html
1455,Export Agent,Business & Finance,0.97,Very High,Customs Brokers,13-1041.08,https://www.onetcenter.org/dictionary/30.3/excel/job_titles.html
1456,Export Clerk,Office & Administration,0.97,Very High,Freight Forwarders,43-5011.01,https://www.onetcenter.org/dictionary/30.3/excel/job_titles.html
1457,Farm Manager,Management,0.97,Very High,"Farmers, Ranchers, and Other Agricultural Managers",11-9013.00,https://www.onetcenter.org/dictionary/30.3/excel/job_titles.html
1458,Filing Clerk,Office & Administration,0.97,Very High,File Clerks,43-4071.00,https://www.onetcenter.org/dictionary/30.3/excel/job_titles.html
1459,Fire Watcher,Public Safety,0.97,Very High,Forest Fire Inspectors and Prevention Specialists,33-2022.00,https://www.onetcenter.org/dictionary/30.3/excel/job_titles.html
1460,Flex Officer,Public Safety,0.97,Very High,Security Guards,33-9032.00,https://www.onetcenter.org/dictionary/30.3/excel/job_titles.html
1461,Floral Clerk,"Arts, Media & Design",0.97,Very High,Floral Designers,27-1023.00,https://www.onetcenter.org/dictionary/30.3/excel/job_titles.html
1462,Food Courier,Office & Administration,0.97,Very High,Couriers and Messengers,43-5021.00,https://www.onetcenter.org/dictionary/30.3/excel/job_titles.html
1463,Fruit Expert,"Agriculture, Fishing & Forestry",0.97,Very High,"Graders and Sorters, Agricultural Products",45-2041.00,https://www.onetcenter.org/dictionary/30.3/excel/job_titles.html
1464,Gas Engineer,Engineering & Architecture,0.97,Very High,Petroleum Engineers,17-2171.00,https://www.onetcenter.org/dictionary/30.3/excel/job_titles.html
1465,Geriatrician,Healthcare,0.97,Very High,Family Medicine Physicians,29-1215.00,https://www.onetcenter.org/dictionary/30.3/excel/job_titles.html
1466,Glass Bender,Manufacturing & Production,0.97,Very High,"Glass Blowers, Molders, Benders, and Finishers",51-9195.04,https://www.onetcenter.org/dictionary/30.3/excel/job_titles.html
1467,Glass Molder,Manufacturing & Production,0.97,Very High,"Glass Blowers, Molders, Benders, and Finishers",51-9195.04,https://www.onetcenter.org/dictionary/30.3/excel/job_titles.html
1468,Grant Writer,Business & Finance,0.97,Very High,Fundraisers,13-1131.00,https://www.onetcenter.org/dictionary/30.3/excel/job_titles.html
1469,Grill Person,Food & Hospitality,0.97,Very High,"Cooks, Short Order",35-2015.00,https://www.onetcenter.org/dictionary/30.3/excel/job_titles.html
1470,Hair Dresser,Personal Care & Services,0.97,Very High,"Hairdressers, Hairstylists, and Cosmetologists",39-5012.00,https://www.onetcenter.org/dictionary/30.3/excel/job_titles.html
1471,Health Coach,Community & Social Services,0.97,Very High,Health Education Specialists,21-1091.00,https://www.onetcenter.org/dictionary/30.3/excel/job_titles.html
1472,Hematologist,Healthcare,0.97,Very High,General Internal Medicine Physicians,29-1216.00,https://www.onetcenter.org/dictionary/30.3/excel/job_titles.html
1473,Home Stylist,Personal Care & Services,0.97,Very High,"Hairdressers, Hairstylists, and Cosmetologists",39-5012.00,https://www.onetcenter.org/dictionary/30.3/excel/job_titles.html
1474,Hydroblaster,Construction & Trades,0.97,Very High,"Helpers--Painters, Paperhangers, Plasterers, and Stucco Masons",47-3014.00,https://www.onetcenter.org/dictionary/30.3/excel/job_titles.html
1475,Hydrographer,Science,0.97,Very High,Hydrologic Technicians,19-4044.00,https://www.onetcenter.org/dictionary/30.3/excel/job_titles.html
1476,Immunologist,Healthcare,0.97,Very High,Allergists and Immunologists,29-1229.01,https://www.onetcenter.org/dictionary/30.3/excel/job_titles.html
1477,Import Agent,Business & Finance,0.97,Very High,Customs Brokers,13-1041.08,https://www.onetcenter.org/dictionary/30.3/excel/job_titles.html
1478,Karaoke Host,"Arts, Media & Design",0.97,Very High,"Disc Jockeys, Except Radio",27-2091.00,https://www.onetcenter.org/dictionary/30.3/excel/job_titles.html
1479,Kitchen Crew,Food & Hospitality,0.97,Very High,Food Preparation Workers,35-2021.00,https://www.onetcenter.org/dictionary/30.3/excel/job_titles.html
1480,Land Steward,"Agriculture, Fishing & Forestry",0.97,Very High,Forest and Conservation Workers,45-4011.00,https://www.onetcenter.org/dictionary/30.3/excel/job_titles.html
1481,Laser Cutter,Manufacturing & Production,0.97,Very High,"Textile Cutting Machine Setters, Operators, and Tenders",51-6062.00,https://www.onetcenter.org/dictionary/30.3/excel/job_titles.html
1482,Laundry Aide,Manufacturing & Production,0.97,Very High,Laundry and Dry-Cleaning Workers,51-6011.00,https://www.onetcenter.org/dictionary/30.3/excel/job_titles.html
1483,Law Lecturer,Education & Library,0.97,Very High,"Law Teachers, Postsecondary",25-1112.00,https://www.onetcenter.org/dictionary/30.3/excel/job_titles.html
1484,Legal Typist,Office & Administration,0.97,Very High,Word Processors and Typists,43-9022.00,https://www.onetcenter.org/dictionary/30.3/excel/job_titles.html
1485,Life Actuary,"Software, IT & Data",0.97,Very High,Actuaries,15-2011.00,https://www.onetcenter.org/dictionary/30.3/excel/job_titles.html
1486,Linen Folder,Manufacturing & Production,0.97,Very High,"Pressers, Textile, Garment, and Related Materials",51-6021.00,https://www.onetcenter.org/dictionary/30.3/excel/job_titles.html
1487,Load Builder,Transportation & Logistics,0.97,Very High,"Packers and Packagers, Hand",53-7064.00,https://www.onetcenter.org/dictionary/30.3/excel/job_titles.html
1488,Load Planner,Office & Administration,0.97,Very High,Cargo and Freight Agents,43-5011.00,https://www.onetcenter.org/dictionary/30.3/excel/job_titles.html
1489,Loan Advisor,Business & Finance,0.97,Very High,Credit Counselors,13-2071.00,https://www.onetcenter.org/dictionary/30.3/excel/job_titles.html
1490,Local Driver,Transportation & Logistics,0.97,Very High,Light Truck Drivers,53-3033.00,https://www.onetcenter.org/dictionary/30.3/excel/job_titles.html
1491,Mail Handler,Office & Administration,0.97,Very High,"Postal Service Mail Sorters, Processors, and Processing Machine Operators",43-5053.00,https://www.onetcenter.org/dictionary/30.3/excel/job_titles.html
1492,Marker Maker,Manufacturing & Production,0.97,Very High,Fabric and Apparel Patternmakers,51-6092.00,https://www.onetcenter.org/dictionary/30.3/excel/job_titles.html
1493,Meat Wrapper,Manufacturing & Production,0.97,Very High,Butchers and Meat Cutters,51-3021.00,https://www.onetcenter.org/dictionary/30.3/excel/job_titles.html
1494,Merchandiser,Business & Finance,0.97,Very High,Online Merchants,13-1199.06,https://www.onetcenter.org/dictionary/30.3/excel/job_titles.html
1495,Meter Reader,Office & Administration,0.97,Very High,"Meter Readers, Utilities",43-5041.00,https://www.onetcenter.org/dictionary/30.3/excel/job_titles.html
1496,Order Filler,Office & Administration,0.97,Very High,Order Clerks,43-4151.00,https://www.onetcenter.org/dictionary/30.3/excel/job_titles.html
1497,Order Puller,Office & Administration,0.97,Very High,Order Clerks,43-4151.00,https://www.onetcenter.org/dictionary/30.3/excel/job_titles.html
1498,Order Writer,Office & Administration,0.97,Very High,"Shipping, Receiving, and Inventory Clerks",43-5071.00,https://www.onetcenter.org/dictionary/30.3/excel/job_titles.html
1499,Pallet Maker,Manufacturing & Production,0.97,Very High,Timing Device Assemblers and Adjusters,51-2061.00,https://www.onetcenter.org/dictionary/30.3/excel/job_titles.html
1500,Paper Hanger,Construction & Trades,0.97,Very High,Paperhangers,47-2142.00,https://www.onetcenter.org/dictionary/30.3/excel/job_titles.html
1501,Paraeducator,Education & Library,0.97,Very High,"Teaching Assistants, Special Education",25-9043.00,https://www.onetcenter.org/dictionary/30.3/excel/job_titles.html
1502,Parts Driver,Transportation & Logistics,0.97,Very High,Light Truck Drivers,53-3033.00,https://www.onetcenter.org/dictionary/30.3/excel/job_titles.html
1503,Parts Puller,Sales,0.97,Very High,Parts Salespersons,41-2022.00,https://www.onetcenter.org/dictionary/30.3/excel/job_titles.html
1504,Parts Runner,Sales,0.97,Very High,Parts Salespersons,41-2022.00,https://www.onetcenter.org/dictionary/30.3/excel/job_titles.html
1505,Perfusionist,Healthcare,0.97,Very High,Cardiovascular Technologists and Technicians,29-2031.00,https://www.onetcenter.org/dictionary/30.3/excel/job_titles.html
1506,Photographer,"Arts, Media & Design",0.97,Very High,Photographers,27-4021.00,https://www.onetcenter.org/dictionary/30.3/excel/job_titles.html
1507,Pipe Foreman,Construction & Trades,0.97,Very High,First-Line Supervisors of Construction Trades and Extraction Workers,47-1011.00,https://www.onetcenter.org/dictionary/30.3/excel/job_titles.html
1508,Pit Musician,"Arts, Media & Design",0.97,Very High,Musicians and Singers,27-2042.00,https://www.onetcenter.org/dictionary/30.3/excel/job_titles.html
1509,Plant Worker,"Agriculture, Fishing & Forestry",0.97,Very High,"Farmworkers and Laborers, Crop, Nursery, and Greenhouse",45-2092.00,https://www.onetcenter.org/dictionary/30.3/excel/job_titles.html
1510,Pool Manager,Management,0.97,Very High,"Entertainment and Recreation Managers, Except Gambling",11-9072.00,https://www.onetcenter.org/dictionary/30.3/excel/job_titles.html
1511,Pool Monitor,Public Safety,0.97,Very High,"Lifeguards, Ski Patrol, and Other Recreational Protective Service Workers",33-9092.00,https://www.onetcenter.org/dictionary/30.3/excel/job_titles.html
1512,Power Washer,Manufacturing & Production,0.97,Very High,"Cleaning, Washing, and Metal Pickling Equipment Operators and Tenders",51-9192.00,https://www.onetcenter.org/dictionary/30.3/excel/job_titles.html
1513,Powerbuilder,"Arts, Media & Design",0.97,Very High,Athletes and Sports Competitors,27-2021.00,https://www.onetcenter.org/dictionary/30.3/excel/job_titles.html
1514,Private Chef,Food & Hospitality,0.97,Very High,Chefs and Head Cooks,35-1011.00,https://www.onetcenter.org/dictionary/30.3/excel/job_titles.html
1515,Psychologist,Science,0.97,Very High,Industrial-Organizational Psychologists,19-3032.00,https://www.onetcenter.org/dictionary/30.3/excel/job_titles.html
1516,Rebar Bender,Construction & Trades,0.97,Very High,Reinforcing Iron and Rebar Workers,47-2171.00,https://www.onetcenter.org/dictionary/30.3/excel/job_titles.html
1517,Rental Agent,Sales,0.97,Very High,Counter and Rental Clerks,41-2021.00,https://www.onetcenter.org/dictionary/30.3/excel/job_titles.html
1518,Repair Agent,"Installation, Maintenance & Repair",0.97,Very High,"Computer, Automated Teller, and Office Machine Repairers",49-2011.00,https://www.onetcenter.org/dictionary/30.3/excel/job_titles.html
1519,Return Agent,Sales,0.97,Very High,Counter and Rental Clerks,41-2021.00,https://www.onetcenter.org/dictionary/30.3/excel/job_titles.html
1520,Rig Operator,Construction & Trades,0.97,Very High,"Service Unit Operators, Oil and Gas",47-5013.00,https://www.onetcenter.org/dictionary/30.3/excel/job_titles.html
1521,Rip Operator,Manufacturing & Production,0.97,Very High,"Rolling Machine Setters, Operators, and Tenders, Metal and Plastic",51-4023.00,https://www.onetcenter.org/dictionary/30.3/excel/job_titles.html
1522,Risk Analyst,"Software, IT & Data",0.97,Very High,Operations Research Analysts,15-2031.00,https://www.onetcenter.org/dictionary/30.3/excel/job_titles.html
1523,Risk Manager,Management,0.97,Very High,Compliance Managers,11-9199.02,https://www.onetcenter.org/dictionary/30.3/excel/job_titles.html
1524,Sales Leader,Sales,0.97,Very High,First-Line Supervisors of Non-Retail Sales Workers,41-1012.00,https://www.onetcenter.org/dictionary/30.3/excel/job_titles.html
1525,Sales Vendor,Sales,0.97,Very High,"Door-to-Door Sales Workers, News and Street Vendors, and Related Workers",41-9091.00,https://www.onetcenter.org/dictionary/30.3/excel/job_titles.html
1526,Salon Leader,Management,0.97,Very High,Spa Managers,11-9179.02,https://www.onetcenter.org/dictionary/30.3/excel/job_titles.html
1527,Sample Sewer,Manufacturing & Production,0.97,Very High,Shoe and Leather Workers and Repairers,51-6041.00,https://www.onetcenter.org/dictionary/30.3/excel/job_titles.html
1528,Scrum Master,"Software, IT & Data",0.97,Very High,Information Technology Project Managers,15-1299.09,https://www.onetcenter.org/dictionary/30.3/excel/job_titles.html
1529,Shop Foreman,"Installation, Maintenance & Repair",0.97,Very High,"First-Line Supervisors of Mechanics, Installers, and Repairers",49-1011.00,https://www.onetcenter.org/dictionary/30.3/excel/job_titles.html
1530,Shop Manager,"Installation, Maintenance & Repair",0.97,Very High,"First-Line Supervisors of Mechanics, Installers, and Repairers",49-1011.00,https://www.onetcenter.org/dictionary/30.3/excel/job_titles.html
1531,Sign Spinner,Sales,0.97,Very High,Demonstrators and Product Promoters,41-9011.00,https://www.onetcenter.org/dictionary/30.3/excel/job_titles.html
1532,Soccer Coach,"Arts, Media & Design",0.97,Very High,Coaches and Scouts,27-2022.00,https://www.onetcenter.org/dictionary/30.3/excel/job_titles.html
1533,Spa Director,Management,0.97,Very High,Spa Managers,11-9179.02,https://www.onetcenter.org/dictionary/30.3/excel/job_titles.html
1534,Sports Clerk,Personal Care & Services,0.97,Very High,Gambling and Sports Book Writers and Runners,39-3012.00,https://www.onetcenter.org/dictionary/30.3/excel/job_titles.html
1535,Steel Fitter,Manufacturing & Production,0.97,Very High,Structural Metal Fabricators and Fitters,51-2041.00,https://www.onetcenter.org/dictionary/30.3/excel/job_titles.html
1536,Stenographer,"Arts, Media & Design",0.97,Very High,Court Reporters and Simultaneous Captioners,27-3092.00,https://www.onetcenter.org/dictionary/30.3/excel/job_titles.html
1537,Stick Welder,Manufacturing & Production,0.97,Very High,"Welders, Cutters, Solderers, and Brazers",51-4121.00,https://www.onetcenter.org/dictionary/30.3/excel/job_titles.html
1538,Store Driver,Transportation & Logistics,0.97,Very High,Heavy and Tractor-Trailer Truck Drivers,53-3032.00,https://www.onetcenter.org/dictionary/30.3/excel/job_titles.html
1539,Stucco Mason,Construction & Trades,0.97,Very High,Plasterers and Stucco Masons,47-2161.00,https://www.onetcenter.org/dictionary/30.3/excel/job_titles.html
1540,Student Dean,Management,0.97,Very High,"Education Administrators, Postsecondary",11-9033.00,https://www.onetcenter.org/dictionary/30.3/excel/job_titles.html
1541,Swing Driver,Office & Administration,0.97,Very High,Couriers and Messengers,43-5021.00,https://www.onetcenter.org/dictionary/30.3/excel/job_titles.html
1542,Tax Preparer,Business & Finance,0.97,Very High,"Tax Examiners and Collectors, and Revenue Agents",13-2081.00,https://www.onetcenter.org/dictionary/30.3/excel/job_titles.html
1543,Tax Reviewer,Business & Finance,0.97,Very High,"Tax Examiners and Collectors, and Revenue Agents",13-2081.00,https://www.onetcenter.org/dictionary/30.3/excel/job_titles.html
1544,Therapy Aide,Healthcare Support,0.97,Very High,Occupational Therapy Aides,31-2012.00,https://www.onetcenter.org/dictionary/30.3/excel/job_titles.html
1545,Ticket Agent,Office & Administration,0.97,Very High,Reservation and Transportation Ticket Agents and Travel Clerks,43-4181.00,https://www.onetcenter.org/dictionary/30.3/excel/job_titles.html
1546,Tire Builder,Manufacturing & Production,0.97,Very High,Tire Builders,51-9197.00,https://www.onetcenter.org/dictionary/30.3/excel/job_titles.html
1547,Title Closer,Law,0.97,Very High,"Title Examiners, Abstractors, and Searchers",23-2093.00,https://www.onetcenter.org/dictionary/30.3/excel/job_titles.html
1548,Tool Builder,Manufacturing & Production,0.97,Very High,"Model Makers, Metal and Plastic",51-4061.00,https://www.onetcenter.org/dictionary/30.3/excel/job_titles.html
1549,Tool Changer,"Installation, Maintenance & Repair",0.97,Very High,"Electric Motor, Power Tool, and Related Repairers",49-2092.00,https://www.onetcenter.org/dictionary/30.3/excel/job_titles.html
1550,Town Planner,Science,0.97,Very High,Urban and Regional Planners,19-3051.00,https://www.onetcenter.org/dictionary/30.3/excel/job_titles.html
1551,Toxicologist,Science,0.97,Very High,Biochemists and Biophysicists,19-1021.00,https://www.onetcenter.org/dictionary/30.3/excel/job_titles.html
1552,Track Worker,Construction & Trades,0.97,Very High,Rail-Track Laying and Maintenance Equipment Operators,47-4061.00,https://www.onetcenter.org/dictionary/30.3/excel/job_titles.html
1553,Trans Router,Manufacturing & Production,0.97,Very High,"Woodworking Machine Setters, Operators, and Tenders, Except Sawing",51-7042.00,https://www.onetcenter.org/dictionary/30.3/excel/job_titles.html
1554,Tree Climber,Cleaning & Grounds,0.97,Very High,Tree Trimmers and Pruners,37-3013.00,https://www.onetcenter.org/dictionary/30.3/excel/job_titles.html
1555,Truck Loader,Transportation & Logistics,0.97,Very High,"Tank Car, Truck, and Ship Loaders",53-7121.00,https://www.onetcenter.org/dictionary/30.3/excel/job_titles.html
1556,Unit Manager,Public Safety,0.97,Very High,First-Line Supervisors of Correctional Officers,33-1011.00,https://www.onetcenter.org/dictionary/30.3/excel/job_titles.html
1557,Valet Driver,Transportation & Logistics,0.97,Very High,Parking Attendants,53-6021.00,https://www.onetcenter.org/dictionary/30.3/excel/job_titles.html
1558,Van Operator,Transportation & Logistics,0.97,Very High,Taxi Drivers,53-3054.00,https://www.onetcenter.org/dictionary/30.3/excel/job_titles.html
1559,Vault Puller,Transportation & Logistics,0.97,Very High,Hoist and Winch Operators,53-7041.00,https://www.onetcenter.org/dictionary/30.3/excel/job_titles.html
1560,Video Editor,"Arts, Media & Design",0.97,Very High,Film and Video Editors,27-4032.00,https://www.onetcenter.org/dictionary/30.3/excel/job_titles.html
1561,Videographer,"Arts, Media & Design",0.97,Very High,"Camera Operators, Television, Video, and Film",27-4031.00,https://www.onetcenter.org/dictionary/30.3/excel/job_titles.html
1562,Wood Crafter,"Arts, Media & Design",0.97,Very High,Craft Artists,27-1012.00,https://www.onetcenter.org/dictionary/30.3/excel/job_titles.html
1563,Yard Spotter,Transportation & Logistics,0.97,Very High,Railroad Conductors and Yardmasters,53-4031.00,https://www.onetcenter.org/dictionary/30.3/excel/job_titles.html
1564,Activity Aide,Personal Care & Services,0.97,Very High,Recreation Workers,39-9032.00,https://www.onetcenter.org/dictionary/30.3/excel/job_titles.html
1565,Acupuncturist,Healthcare,0.97,Very High,Acupuncturists,29-1291.00,https://www.onetcenter.org/dictionary/30.3/excel/job_titles.html
1566,Area Forester,Science,0.97,Very High,Foresters,19-1032.00,https://www.onetcenter.org/dictionary/30.3/excel/job_titles.html
1567,Armed Bailiff,Public Safety,0.97,Very High,Bailiffs,33-3011.00,https://www.onetcenter.org/dictionary/30.3/excel/job_titles.html
1568,Art Historian,Science,0.97,Very High,Historians,19-3093.00,https://www.onetcenter.org/dictionary/30.3/excel/job_titles.html
1569,Art Therapist,Healthcare,0.97,Very High,Art Therapists,29-1129.01,https://www.onetcenter.org/dictionary/30.3/excel/job_titles.html
1570,Asphalt Raker,Construction & Trades,0.97,Very High,Highway Maintenance Workers,47-4051.00,https://www.onetcenter.org/dictionary/30.3/excel/job_titles.html
1571,Audit Manager,Management,0.97,Very High,Compliance Managers,11-9199.02,https://www.onetcenter.org/dictionary/30.3/excel/job_titles.html
1572,Baggage Agent,Personal Care & Services,0.97,Very High,Baggage Porters and Bellhops,39-6011.00,https://www.onetcenter.org/dictionary/30.3/excel/job_titles.html
1573,Band Director,"Arts, Media & Design",0.97,Very High,Music Directors and Composers,27-2041.00,https://www.onetcenter.org/dictionary/30.3/excel/job_titles.html
1574,Barrel Roller,Manufacturing & Production,0.97,Very High,"Rolling Machine Setters, Operators, and Tenders, Metal and Plastic",51-4023.00,https://www.onetcenter.org/dictionary/30.3/excel/job_titles.html
1575,Behavior Aide,Healthcare Support,0.97,Very High,Psychiatric Aides,31-1133.00,https://www.onetcenter.org/dictionary/30.3/excel/job_titles.html
1576,Biology Tutor,Education & Library,0.97,Very High,Tutors,25-3041.00,https://www.onetcenter.org/dictionary/30.3/excel/job_titles.html
1577,Biscuit Maker,Manufacturing & Production,0.97,Very High,Food Batchmakers,51-3092.00,https://www.onetcenter.org/dictionary/30.3/excel/job_titles.html
1578,Blast Driller,Construction & Trades,0.97,Very High,"Rotary Drill Operators, Oil and Gas",47-5012.00,https://www.onetcenter.org/dictionary/30.3/excel/job_titles.html
1579,Block Advisor,Business & Finance,0.97,Very High,"Tax Examiners and Collectors, and Revenue Agents",13-2081.00,https://www.onetcenter.org/dictionary/30.3/excel/job_titles.html
1580,Booking Agent,Sales,0.97,Very High,Travel Agents,41-3041.00,https://www.onetcenter.org/dictionary/30.3/excel/job_titles.html
1581,Booth Monitor,Sales,0.97,Very High,Gambling Change Persons and Booth Cashiers,41-2012.00,https://www.onetcenter.org/dictionary/30.3/excel/job_titles.html
1582,Branch Banker,Sales,0.97,Very High,"Securities, Commodities, and Financial Services Sales Agents",41-3031.00,https://www.onetcenter.org/dictionary/30.3/excel/job_titles.html
1583,Branch Teller,Office & Administration,0.97,Very High,Tellers,43-3071.00,https://www.onetcenter.org/dictionary/30.3/excel/job_titles.html
1584,Cabinet Maker,Manufacturing & Production,0.97,Very High,Cabinetmakers and Bench Carpenters,51-7011.00,https://www.onetcenter.org/dictionary/30.3/excel/job_titles.html
1585,Camp Director,Management,0.97,Very High,"Entertainment and Recreation Managers, Except Gambling",11-9072.00,https://www.onetcenter.org/dictionary/30.3/excel/job_titles.html
1586,Care Provider,Healthcare Support,0.97,Very High,Personal Care Aides,31-1122.00,https://www.onetcenter.org/dictionary/30.3/excel/job_titles.html
1587,Cellar Person,Manufacturing & Production,0.97,Very High,Cooling and Freezing Equipment Operators and Tenders,51-9193.00,https://www.onetcenter.org/dictionary/30.3/excel/job_titles.html
1588,Cheese Monger,Manufacturing & Production,0.97,Very High,Food Batchmakers,51-3092.00,https://www.onetcenter.org/dictionary/30.3/excel/job_titles.html
1589,Civil Foreman,Construction & Trades,0.97,Very High,First-Line Supervisors of Construction Trades and Extraction Workers,47-1011.00,https://www.onetcenter.org/dictionary/30.3/excel/job_titles.html
1590,Club Director,Management,0.97,Very High,"Entertainment and Recreation Managers, Except Gambling",11-9072.00,https://www.onetcenter.org/dictionary/30.3/excel/job_titles.html
1591,Command Pilot,Transportation & Logistics,0.97,Very High,"Captains, Mates, and Pilots of Water Vessels",53-5021.00,https://www.onetcenter.org/dictionary/30.3/excel/job_titles.html
1592,Concessionist,Personal Care & Services,0.97,Very High,Amusement and Recreation Attendants,39-3091.00,https://www.onetcenter.org/dictionary/30.3/excel/job_titles.html
1593,Copy Operator,Office & Administration,0.97,Very High,"Office Machine Operators, Except Computer",43-9071.00,https://www.onetcenter.org/dictionary/30.3/excel/job_titles.html
1594,Cost Engineer,Business & Finance,0.97,Very High,Cost Estimators,13-1051.00,https://www.onetcenter.org/dictionary/30.3/excel/job_titles.html
1595,Court Monitor,"Arts, Media & Design",0.97,Very High,Court Reporters and Simultaneous Captioners,27-3092.00,https://www.onetcenter.org/dictionary/30.3/excel/job_titles.html
1596,Crime Analyst,Science,0.97,Very High,Forensic Science Technicians,19-4092.00,https://www.onetcenter.org/dictionary/30.3/excel/job_titles.html
1597,Cyber Analyst,"Software, IT & Data",0.97,Very High,Penetration Testers,15-1299.04,https://www.onetcenter.org/dictionary/30.3/excel/job_titles.html
1598,Cycle Counter,Office & Administration,0.97,Very High,"Weighers, Measurers, Checkers, and Samplers, Recordkeeping",43-5111.00,https://www.onetcenter.org/dictionary/30.3/excel/job_titles.html
1599,Dairy Manager,Management,0.97,Very High,"Farmers, Ranchers, and Other Agricultural Managers",11-9013.00,https://www.onetcenter.org/dictionary/30.3/excel/job_titles.html
1600,Data Compiler,Office & Administration,0.97,Very High,Statistical Assistants,43-9111.00,https://www.onetcenter.org/dictionary/30.3/excel/job_titles.html
1601,Data Engineer,"Software, IT & Data",0.97,Very High,Database Administrators,15-1242.00,https://www.onetcenter.org/dictionary/30.3/excel/job_titles.html
1602,Dermatologist,Healthcare,0.97,Very High,Dermatologists,29-1213.00,https://www.onetcenter.org/dictionary/30.3/excel/job_titles.html
1603,Die Inspector,Manufacturing & Production,0.97,Very High,"Patternmakers, Metal and Plastic",51-4062.00,https://www.onetcenter.org/dictionary/30.3/excel/job_titles.html
1604,Die Sharpener,Manufacturing & Production,0.97,Very High,"Tool Grinders, Filers, and Sharpeners",51-4194.00,https://www.onetcenter.org/dictionary/30.3/excel/job_titles.html
1605,Dietary Clerk,Healthcare,0.97,Very High,Dietetic Technicians,29-2051.00,https://www.onetcenter.org/dictionary/30.3/excel/job_titles.html
1606,Dock Operator,Manufacturing & Production,0.97,Very High,"Petroleum Pump System Operators, Refinery Operators, and Gaugers",51-8093.00,https://www.onetcenter.org/dictionary/30.3/excel/job_titles.html
1607,Donor Officer,Business & Finance,0.97,Very High,Fundraisers,13-1131.00,https://www.onetcenter.org/dictionary/30.3/excel/job_titles.html
1608,Driver Helper,Office & Administration,0.97,Very High,Couriers and Messengers,43-5021.00,https://www.onetcenter.org/dictionary/30.3/excel/job_titles.html
1609,Duty Engineer,Transportation & Logistics,0.97,Very High,"Rail Yard Engineers, Dinkey Operators, and Hostlers",53-4013.00,https://www.onetcenter.org/dictionary/30.3/excel/job_titles.html
1610,English Tutor,Education & Library,0.97,Very High,Tutors,25-3041.00,https://www.onetcenter.org/dictionary/30.3/excel/job_titles.html
1611,Escrow Closer,Business & Finance,0.97,Very High,Financial Examiners,13-2061.00,https://www.onetcenter.org/dictionary/30.3/excel/job_titles.html
1612,Event Manager,Business & Finance,0.97,Very High,"Meeting, Convention, and Event Planners",13-1121.00,https://www.onetcenter.org/dictionary/30.3/excel/job_titles.html
1613,Event Stylist,Personal Care & Services,0.97,Very High,"Hairdressers, Hairstylists, and Cosmetologists",39-5012.00,https://www.onetcenter.org/dictionary/30.3/excel/job_titles.html
1614,Fabric Cutter,Manufacturing & Production,0.97,Very High,Fabric and Apparel Patternmakers,51-6092.00,https://www.onetcenter.org/dictionary/30.3/excel/job_titles.html
1615,Family Driver,Transportation & Logistics,0.97,Very High,Shuttle Drivers and Chauffeurs,53-3053.00,https://www.onetcenter.org/dictionary/30.3/excel/job_titles.html
1616,Fiber Splicer,Engineering & Architecture,0.97,Very High,Photonics Technicians,17-3029.08,https://www.onetcenter.org/dictionary/30.3/excel/job_titles.html
1617,Field Chemist,Science,0.97,Very High,Chemists,19-2031.00,https://www.onetcenter.org/dictionary/30.3/excel/job_titles.html
1618,Fitness Coach,Community & Social Services,0.97,Very High,Health Education Specialists,21-1091.00,https://www.onetcenter.org/dictionary/30.3/excel/job_titles.html
1619,Food Champion,Food & Hospitality,0.97,Very High,Fast Food and Counter Workers,35-3023.00,https://www.onetcenter.org/dictionary/30.3/excel/job_titles.html
1620,Forest Ranger,"Agriculture, Fishing & Forestry",0.97,Very High,Forest and Conservation Workers,45-4011.00,https://www.onetcenter.org/dictionary/30.3/excel/job_titles.html
1621,Forestry Aide,"Agriculture, Fishing & Forestry",0.97,Very High,Forest and Conservation Workers,45-4011.00,https://www.onetcenter.org/dictionary/30.3/excel/job_titles.html
1622,Forms Builder,Manufacturing & Production,0.97,Very High,"Patternmakers, Wood",51-7032.00,https://www.onetcenter.org/dictionary/30.3/excel/job_titles.html
1623,Fraud Analyst,Business & Finance,0.97,Very High,"Fraud Examiners, Investigators and Analysts",13-2099.04,https://www.onetcenter.org/dictionary/30.3/excel/job_titles.html
1624,Freight Clerk,Office & Administration,0.97,Very High,Cargo and Freight Agents,43-5011.00,https://www.onetcenter.org/dictionary/30.3/excel/job_titles.html
1625,Game Designer,"Software, IT & Data",0.97,Very High,Video Game Designers,15-1255.01,https://www.onetcenter.org/dictionary/30.3/excel/job_titles.html
1626,Game Engineer,"Software, IT & Data",0.97,Very High,Video Game Designers,15-1255.01,https://www.onetcenter.org/dictionary/30.3/excel/job_titles.html
1627,General Clerk,Office & Administration,0.97,Very High,"Office Clerks, General",43-9061.00,https://www.onetcenter.org/dictionary/30.3/excel/job_titles.html
1628,Growth Hacker,"Agriculture, Fishing & Forestry",0.97,Very High,Forest and Conservation Workers,45-4011.00,https://www.onetcenter.org/dictionary/30.3/excel/job_titles.html
1629,Guest Advisor,Personal Care & Services,0.97,Very High,Recreation Workers,39-9032.00,https://www.onetcenter.org/dictionary/30.3/excel/job_titles.html
1630,Home Provider,Healthcare Support,0.97,Very High,Home Health Aides,31-1121.00,https://www.onetcenter.org/dictionary/30.3/excel/job_titles.html
1631,Home Surveyor,Engineering & Architecture,0.97,Very High,Surveyors,17-1022.00,https://www.onetcenter.org/dictionary/30.3/excel/job_titles.html
1632,Imaging Clerk,Office & Administration,0.97,Very High,File Clerks,43-4071.00,https://www.onetcenter.org/dictionary/30.3/excel/job_titles.html
1633,Immunochemist,Healthcare,0.97,Very High,Allergists and Immunologists,29-1229.01,https://www.onetcenter.org/dictionary/30.3/excel/job_titles.html
1634,Informaticist,"Software, IT & Data",0.97,Very High,Health Informatics Specialists,15-1211.01,https://www.onetcenter.org/dictionary/30.3/excel/job_titles.html
1635,Kitchen Clerk,Food & Hospitality,0.97,Very High,Food Preparation Workers,35-2021.00,https://www.onetcenter.org/dictionary/30.3/excel/job_titles.html
1636,Kitchen Staff,Food & Hospitality,0.97,Very High,Food Preparation Workers,35-2021.00,https://www.onetcenter.org/dictionary/30.3/excel/job_titles.html
1637,Label Manager,Manufacturing & Production,0.97,Very High,Packaging and Filling Machine Operators and Tenders,51-9111.00,https://www.onetcenter.org/dictionary/30.3/excel/job_titles.html
1638,Laser Tracker,Manufacturing & Production,0.97,Very High,"Textile Cutting Machine Setters, Operators, and Tenders",51-6062.00,https://www.onetcenter.org/dictionary/30.3/excel/job_titles.html
1639,Law Professor,Education & Library,0.97,Very High,"Law Teachers, Postsecondary",25-1112.00,https://www.onetcenter.org/dictionary/30.3/excel/job_titles.html
1640,Lease Analyst,Sales,0.97,Very High,Real Estate Brokers,41-9021.00,https://www.onetcenter.org/dictionary/30.3/excel/job_titles.html
1641,Leasing Agent,Sales,0.97,Very High,Real Estate Sales Agents,41-9022.00,https://www.onetcenter.org/dictionary/30.3/excel/job_titles.html
1642,Linens Folder,Manufacturing & Production,0.97,Very High,"Pressers, Textile, Garment, and Related Materials",51-6021.00,https://www.onetcenter.org/dictionary/30.3/excel/job_titles.html
1643,Loan Servicer,Business & Finance,0.97,Very High,Credit Counselors,13-2071.00,https://www.onetcenter.org/dictionary/30.3/excel/job_titles.html
1644,Lock Repairer,Transportation & Logistics,0.97,Very High,Bridge and Lock Tenders,53-6011.00,https://www.onetcenter.org/dictionary/30.3/excel/job_titles.html
1645,Lodge Manager,Management,0.97,Very High,Lodging Managers,11-9081.00,https://www.onetcenter.org/dictionary/30.3/excel/job_titles.html
1646,Log Processor,"Agriculture, Fishing & Forestry",0.97,Very High,Logging Equipment Operators,45-4022.00,https://www.onetcenter.org/dictionary/30.3/excel/job_titles.html
1647,Lot Attendant,Transportation & Logistics,0.97,Very High,Parking Attendants,53-6021.00,https://www.onetcenter.org/dictionary/30.3/excel/job_titles.html
1648,Mail Examiner,Office & Administration,0.97,Very High,"Postal Service Mail Sorters, Processors, and Processing Machine Operators",43-5053.00,https://www.onetcenter.org/dictionary/30.3/excel/job_titles.html
1649,Makeup Worker,Personal Care & Services,0.97,Very High,"Makeup Artists, Theatrical and Performance",39-5091.00,https://www.onetcenter.org/dictionary/30.3/excel/job_titles.html
1650,Mason Laborer,Construction & Trades,0.97,Very High,Brickmasons and Blockmasons,47-2021.00,https://www.onetcenter.org/dictionary/30.3/excel/job_titles.html
1651,Media Planner,"Arts, Media & Design",0.97,Very High,Public Relations Specialists,27-3031.00,https://www.onetcenter.org/dictionary/30.3/excel/job_titles.html
1652,Metal Handler,Manufacturing & Production,0.97,Very High,"Pourers and Casters, Metal",51-4052.00,https://www.onetcenter.org/dictionary/30.3/excel/job_titles.html
1653,Mill Operator,Manufacturing & Production,0.97,Very High,"Milling and Planing Machine Setters, Operators, and Tenders, Metal and Plastic",51-4035.00,https://www.onetcenter.org/dictionary/30.3/excel/job_titles.html
1654,Mine Engineer,Engineering & Architecture,0.97,Very High,"Mining and Geological Engineers, Including Mining Safety Engineers",17-2151.00,https://www.onetcenter.org/dictionary/30.3/excel/job_titles.html
1655,Mold Operator,Manufacturing & Production,0.97,Very High,"Rolling Machine Setters, Operators, and Tenders, Metal and Plastic",51-4023.00,https://www.onetcenter.org/dictionary/30.3/excel/job_titles.html
1656,News Director,"Arts, Media & Design",0.97,Very High,Media Programming Directors,27-2012.03,https://www.onetcenter.org/dictionary/30.3/excel/job_titles.html
1657,Night Auditor,Office & Administration,0.97,Very High,"Hotel, Motel, and Resort Desk Clerks",43-4081.00,https://www.onetcenter.org/dictionary/30.3/excel/job_titles.html
1658,Night Cleaner,Cleaning & Grounds,0.97,Very High,"Janitors and Cleaners, Except Maids and Housekeeping Cleaners",37-2011.00,https://www.onetcenter.org/dictionary/30.3/excel/job_titles.html
1659,Nurse Midwife,Healthcare,0.97,Very High,Nurse Midwives,29-1161.00,https://www.onetcenter.org/dictionary/30.3/excel/job_titles.html
1660,On-Air Talent,"Arts, Media & Design",0.97,Very High,Broadcast Announcers and Radio Disc Jockeys,27-3011.00,https://www.onetcenter.org/dictionary/30.3/excel/job_titles.html
1661,Order Builder,Office & Administration,0.97,Very High,Order Clerks,43-4151.00,https://www.onetcenter.org/dictionary/30.3/excel/job_titles.html
1662,Pallet Sorter,Transportation & Logistics,0.97,Very High,Recycling and Reclamation Workers,53-7062.04,https://www.onetcenter.org/dictionary/30.3/excel/job_titles.html
1663,Panel Builder,Manufacturing & Production,0.97,Very High,Electrical and Electronic Equipment Assemblers,51-2022.00,https://www.onetcenter.org/dictionary/30.3/excel/job_titles.html
1664,Parts Advisor,Sales,0.97,Very High,Parts Salespersons,41-2022.00,https://www.onetcenter.org/dictionary/30.3/excel/job_titles.html
1665,Parts Manager,Management,0.97,Very High,Supply Chain Managers,11-3071.04,https://www.onetcenter.org/dictionary/30.3/excel/job_titles.html
1666,Pattern Maker,Manufacturing & Production,0.97,Very High,Fabric and Apparel Patternmakers,51-6092.00,https://www.onetcenter.org/dictionary/30.3/excel/job_titles.html
1667,Payroll Clerk,Office & Administration,0.97,Very High,Payroll and Timekeeping Clerks,43-3051.00,https://www.onetcenter.org/dictionary/30.3/excel/job_titles.html
1668,Physics Tutor,Education & Library,0.97,Very High,Tutors,25-3041.00,https://www.onetcenter.org/dictionary/30.3/excel/job_titles.html
1669,Pilot Captain,Transportation & Logistics,0.97,Very High,"Captains, Mates, and Pilots of Water Vessels",53-5021.00,https://www.onetcenter.org/dictionary/30.3/excel/job_titles.html
1670,Plant Manager,Management,0.97,Very High,"Farmers, Ranchers, and Other Agricultural Managers",11-9013.00,https://www.onetcenter.org/dictionary/30.3/excel/job_titles.html
1671,Policy Typist,Office & Administration,0.97,Very High,Word Processors and Typists,43-9022.00,https://www.onetcenter.org/dictionary/30.3/excel/job_titles.html
1672,Powder Coater,Manufacturing & Production,0.97,Very High,"Painting, Coating, and Decorating Workers",51-9123.00,https://www.onetcenter.org/dictionary/30.3/excel/job_titles.html
1673,Press Catcher,Transportation & Logistics,0.97,Very High,Machine Feeders and Offbearers,53-7063.00,https://www.onetcenter.org/dictionary/30.3/excel/job_titles.html
1674,Program Guide,Personal Care & Services,0.97,Very High,Travel Guides,39-7012.00,https://www.onetcenter.org/dictionary/30.3/excel/job_titles.html
1675,Pump Mechanic,Transportation & Logistics,0.97,Very High,"Pump Operators, Except Wellhead Pumpers",53-7072.00,https://www.onetcenter.org/dictionary/30.3/excel/job_titles.html
1676,Pump Operator,Transportation & Logistics,0.97,Very High,"Pump Operators, Except Wellhead Pumpers",53-7072.00,https://www.onetcenter.org/dictionary/30.3/excel/job_titles.html
1677,Rail Operator,Transportation & Logistics,0.97,Very High,Subway and Streetcar Operators,53-4041.00,https://www.onetcenter.org/dictionary/30.3/excel/job_titles.html
1678,Rail Switcher,Transportation & Logistics,0.97,Very High,"Rail Yard Engineers, Dinkey Operators, and Hostlers",53-4013.00,https://www.onetcenter.org/dictionary/30.3/excel/job_titles.html
1679,Range Officer,Science,0.97,Very High,Range Managers,19-1031.02,https://www.onetcenter.org/dictionary/30.3/excel/job_titles.html
1680,Reel Repairer,"Installation, Maintenance & Repair",0.97,Very High,"Electrical and Electronics Installers and Repairers, Transportation Equipment",49-2093.00,https://www.onetcenter.org/dictionary/30.3/excel/job_titles.html
1681,Repair Worker,"Installation, Maintenance & Repair",0.97,Very High,Rail Car Repairers,49-3043.00,https://www.onetcenter.org/dictionary/30.3/excel/job_titles.html
1682,Report Writer,"Arts, Media & Design",0.97,Very High,Technical Writers,27-3042.00,https://www.onetcenter.org/dictionary/30.3/excel/job_titles.html
1683,Resident Aide,Personal Care & Services,0.97,Very High,Residential Advisors,39-9041.00,https://www.onetcenter.org/dictionary/30.3/excel/job_titles.html
1684,Retail Banker,Office & Administration,0.97,Very High,Tellers,43-3071.00,https://www.onetcenter.org/dictionary/30.3/excel/job_titles.html
1685,Returns Agent,Business & Finance,0.97,Very High,"Tax Examiners and Collectors, and Revenue Agents",13-2081.00,https://www.onetcenter.org/dictionary/30.3/excel/job_titles.html
1686,Returns Clerk,Sales,0.97,Very High,Counter and Rental Clerks,41-2021.00,https://www.onetcenter.org/dictionary/30.3/excel/job_titles.html
1687,Ride Operator,Transportation & Logistics,0.97,Very High,Subway and Streetcar Operators,53-4041.00,https://www.onetcenter.org/dictionary/30.3/excel/job_titles.html
1688,Risk Assessor,Science,0.97,Very High,"Geoscientists, Except Hydrologists and Geographers",19-2042.00,https://www.onetcenter.org/dictionary/30.3/excel/job_titles.html
1689,Road Engineer,Engineering & Architecture,0.97,Very High,Transportation Engineers,17-2051.01,https://www.onetcenter.org/dictionary/30.3/excel/job_titles.html
1690,Roof Observer,Construction & Trades,0.97,Very High,Helpers--Extraction Workers,47-5081.00,https://www.onetcenter.org/dictionary/30.3/excel/job_titles.html
1691,Rotary Helper,Construction & Trades,0.97,Very High,Helpers--Extraction Workers,47-5081.00,https://www.onetcenter.org/dictionary/30.3/excel/job_titles.html
1692,Rural Carrier,Office & Administration,0.97,Very High,Postal Service Clerks,43-5051.00,https://www.onetcenter.org/dictionary/30.3/excel/job_titles.html
1693,Sales Advisor,Sales,0.97,Very High,"Sales Representatives of Services, Except Advertising, Insurance, Financial Services, and Travel",41-3091.00,https://www.onetcenter.org/dictionary/30.3/excel/job_titles.html
1694,Sales Athlete,"Arts, Media & Design",0.97,Very High,Athletes and Sports Competitors,27-2021.00,https://www.onetcenter.org/dictionary/30.3/excel/job_titles.html
1695,Sales Cashier,Sales,0.97,Very High,Cashiers,41-2011.00,https://www.onetcenter.org/dictionary/30.3/excel/job_titles.html
1696,Sales Manager,Management,0.97,Very High,Sales Managers,11-2022.00,https://www.onetcenter.org/dictionary/30.3/excel/job_titles.html
1697,Sales Trainer,Business & Finance,0.97,Very High,Training and Development Specialists,13-1151.00,https://www.onetcenter.org/dictionary/30.3/excel/job_titles.html
1698,Salon Manager,Management,0.97,Very High,Spa Managers,11-9179.02,https://www.onetcenter.org/dictionary/30.3/excel/job_titles.html
1699,Salon Stylist,Personal Care & Services,0.97,Very High,"Hairdressers, Hairstylists, and Cosmetologists",39-5012.00,https://www.onetcenter.org/dictionary/30.3/excel/job_titles.html
1700,Science Tutor,Education & Library,0.97,Very High,Tutors,25-3041.00,https://www.onetcenter.org/dictionary/30.3/excel/job_titles.html
1701,Seafood Clerk,Manufacturing & Production,0.97,Very High,Butchers and Meat Cutters,51-3021.00,https://www.onetcenter.org/dictionary/30.3/excel/job_titles.html
1702,Service Valet,Transportation & Logistics,0.97,Very High,Parking Attendants,53-6021.00,https://www.onetcenter.org/dictionary/30.3/excel/job_titles.html
1703,Shift Manager,Management,0.97,Very High,Food Service Managers,11-9051.00,https://www.onetcenter.org/dictionary/30.3/excel/job_titles.html
1704,Shift Stacker,"Agriculture, Fishing & Forestry",0.97,Very High,Logging Equipment Operators,45-4022.00,https://www.onetcenter.org/dictionary/30.3/excel/job_titles.html
1705,Shop Mechanic,"Installation, Maintenance & Repair",0.97,Very High,Bicycle Repairers,49-3091.00,https://www.onetcenter.org/dictionary/30.3/excel/job_titles.html
1706,Shovel Logger,"Agriculture, Fishing & Forestry",0.97,Very High,Logging Equipment Operators,45-4022.00,https://www.onetcenter.org/dictionary/30.3/excel/job_titles.html
1707,Showing Agent,Sales,0.97,Very High,Real Estate Sales Agents,41-9022.00,https://www.onetcenter.org/dictionary/30.3/excel/job_titles.html
1708,Signal Expert,"Installation, Maintenance & Repair",0.97,Very High,Signal and Track Switch Repairers,49-9097.00,https://www.onetcenter.org/dictionary/30.3/excel/job_titles.html
1709,Signal Worker,"Installation, Maintenance & Repair",0.97,Very High,Signal and Track Switch Repairers,49-9097.00,https://www.onetcenter.org/dictionary/30.3/excel/job_titles.html
1710,Site Director,Management,0.97,Very High,"Education and Childcare Administrators, Preschool and Daycare",11-9031.00,https://www.onetcenter.org/dictionary/30.3/excel/job_titles.html
1711,Site Surveyor,Engineering & Architecture,0.97,Very High,Surveyors,17-1022.00,https://www.onetcenter.org/dictionary/30.3/excel/job_titles.html
1712,Social Worker,Community & Social Services,0.97,Very High,"Child, Family, and School Social Workers",21-1021.00,https://www.onetcenter.org/dictionary/30.3/excel/job_titles.html
1713,Solar Advisor,Sales,0.97,Very High,Solar Sales Representatives and Assessors,41-4011.07,https://www.onetcenter.org/dictionary/30.3/excel/job_titles.html
1714,Sonic Driller,Construction & Trades,0.97,Very High,"Rotary Drill Operators, Oil and Gas",47-5012.00,https://www.onetcenter.org/dictionary/30.3/excel/job_titles.html
1715,Spa Attendant,Personal Care & Services,0.97,Very High,"Locker Room, Coatroom, and Dressing Room Attendants",39-3093.00,https://www.onetcenter.org/dictionary/30.3/excel/job_titles.html
1716,Spa Concierge,Personal Care & Services,0.97,Very High,Concierges,39-6012.00,https://www.onetcenter.org/dictionary/30.3/excel/job_titles.html
1717,Spa Therapist,Personal Care & Services,0.97,Very High,Skincare Specialists,39-5094.00,https://www.onetcenter.org/dictionary/30.3/excel/job_titles.html
1718,Speech Writer,"Arts, Media & Design",0.97,Very High,"Poets, Lyricists and Creative Writers",27-3043.05,https://www.onetcenter.org/dictionary/30.3/excel/job_titles.html
1719,Sports Runner,Personal Care & Services,0.97,Very High,Gambling and Sports Book Writers and Runners,39-3012.00,https://www.onetcenter.org/dictionary/30.3/excel/job_titles.html
1720,Start Teacher,Education & Library,0.97,Very High,"Preschool Teachers, Except Special Education",25-2011.00,https://www.onetcenter.org/dictionary/30.3/excel/job_titles.html
1721,State Referee,"Arts, Media & Design",0.97,Very High,"Umpires, Referees, and Other Sports Officials",27-2023.00,https://www.onetcenter.org/dictionary/30.3/excel/job_titles.html
1722,Station Clerk,Transportation & Logistics,0.97,Very High,Automotive and Watercraft Service Attendants,53-6031.00,https://www.onetcenter.org/dictionary/30.3/excel/job_titles.html
1723,Store Cashier,Sales,0.97,Very High,Cashiers,41-2011.00,https://www.onetcenter.org/dictionary/30.3/excel/job_titles.html
1724,Surgical Aide,Healthcare,0.97,Very High,Surgical Assistants,29-9093.00,https://www.onetcenter.org/dictionary/30.3/excel/job_titles.html
1725,Talent Booker,Business & Finance,0.97,Very High,"Agents and Business Managers of Artists, Performers, and Athletes",13-1011.00,https://www.onetcenter.org/dictionary/30.3/excel/job_titles.html
1726,Tank Operator,Transportation & Logistics,0.97,Very High,"Pump Operators, Except Wellhead Pumpers",53-7072.00,https://www.onetcenter.org/dictionary/30.3/excel/job_titles.html
1727,Tape Operator,Manufacturing & Production,0.97,Very High,Sewing Machine Operators,51-6031.00,https://www.onetcenter.org/dictionary/30.3/excel/job_titles.html
1728,Tax Processor,Business & Finance,0.97,Very High,"Tax Examiners and Collectors, and Revenue Agents",13-2081.00,https://www.onetcenter.org/dictionary/30.3/excel/job_titles.html
1729,Test Engineer,Engineering & Architecture,0.97,Very High,Mechatronics Engineers,17-2199.05,https://www.onetcenter.org/dictionary/30.3/excel/job_titles.html
1730,Tile Finisher,Construction & Trades,0.97,Very High,"Helpers--Brickmasons, Blockmasons, Stonemasons, and Tile and Marble Setters",47-3011.00,https://www.onetcenter.org/dictionary/30.3/excel/job_titles.html
1731,Tool Operator,Manufacturing & Production,0.97,Very High,"Multiple Machine Tool Setters, Operators, and Tenders, Metal and Plastic",51-4081.00,https://www.onetcenter.org/dictionary/30.3/excel/job_titles.html
1732,Touring Agent,Business & Finance,0.97,Very High,"Agents and Business Managers of Artists, Performers, and Athletes",13-1011.00,https://www.onetcenter.org/dictionary/30.3/excel/job_titles.html
1733,Travel Writer,"Arts, Media & Design",0.97,Very High,"Poets, Lyricists and Creative Writers",27-3043.05,https://www.onetcenter.org/dictionary/30.3/excel/job_titles.html
1734,Trust Officer,Office & Administration,0.97,Very High,"Credit Authorizers, Checkers, and Clerks",43-4041.00,https://www.onetcenter.org/dictionary/30.3/excel/job_titles.html
1735,Tubing Tester,"Installation, Maintenance & Repair",0.97,Very High,"Electrical and Electronics Installers and Repairers, Transportation Equipment",49-2093.00,https://www.onetcenter.org/dictionary/30.3/excel/job_titles.html
1736,Unit Operator,Construction & Trades,0.97,Very High,"Service Unit Operators, Oil and Gas",47-5013.00,https://www.onetcenter.org/dictionary/30.3/excel/job_titles.html
1737,Utility Clerk,Transportation & Logistics,0.97,Very High,Parking Attendants,53-6021.00,https://www.onetcenter.org/dictionary/30.3/excel/job_titles.html
1738,Utility Layer,Construction & Trades,0.97,Very High,Pipelayers,47-2151.00,https://www.onetcenter.org/dictionary/30.3/excel/job_titles.html
1739,Wash Operator,Manufacturing & Production,0.97,Very High,"Cleaning, Washing, and Metal Pickling Equipment Operators and Tenders",51-9192.00,https://www.onetcenter.org/dictionary/30.3/excel/job_titles.html
1740,Web Publisher,"Software, IT & Data",0.97,Very High,Web Administrators,15-1299.01,https://www.onetcenter.org/dictionary/30.3/excel/job_titles.html
1741,Weld Operator,Manufacturing & Production,0.97,Very High,"Welding, Soldering, and Brazing Machine Setters, Operators, and Tenders",51-4122.00,https://www.onetcenter.org/dictionary/30.3/excel/job_titles.html
1742,Window Tinter,"Installation, Maintenance & Repair",0.97,Very High,Automotive Glass Installers and Repairers,49-3022.00,https://www.onetcenter.org/dictionary/30.3/excel/job_titles.html
1743,Yard Switcher,Transportation & Logistics,0.97,Very High,"Rail Yard Engineers, Dinkey Operators, and Hostlers",53-4013.00,https://www.onetcenter.org/dictionary/30.3/excel/job_titles.html
1744,Action Officer,Business & Finance,0.97,Very High,Equal Opportunity Representatives and Officers,13-1041.03,https://www.onetcenter.org/dictionary/30.3/excel/job_titles.html
1745,Aerial Lineman,"Installation, Maintenance & Repair",0.97,Very High,Telecommunications Line Installers and Repairers,49-9052.00,https://www.onetcenter.org/dictionary/30.3/excel/job_titles.html
1746,Air Technician,Engineering & Architecture,0.97,Very High,Environmental Engineering Technologists and Technicians,17-3025.00,https://www.onetcenter.org/dictionary/30.3/excel/job_titles.html
1747,Airplane Pilot,Transportation & Logistics,0.97,Very High,Commercial Pilots,53-2012.00,https://www.onetcenter.org/dictionary/30.3/excel/job_titles.html
1748,Animal Officer,Public Safety,0.97,Very High,Animal Control Workers,33-9011.00,https://www.onetcenter.org/dictionary/30.3/excel/job_titles.html
1749,Aquarium Diver,"Installation, Maintenance & Repair",0.97,Very High,Commercial Divers,49-9092.00,https://www.onetcenter.org/dictionary/30.3/excel/job_titles.html
1750,Area Attendant,Personal Care & Services,0.97,Very High,"Locker Room, Coatroom, and Dressing Room Attendants",39-3093.00,https://www.onetcenter.org/dictionary/30.3/excel/job_titles.html
1751,Art Instructor,Education & Library,0.97,Very High,"Art, Drama, and Music Teachers, Postsecondary",25-1121.00,https://www.onetcenter.org/dictionary/30.3/excel/job_titles.html
1752,Article Writer,"Arts, Media & Design",0.97,Very High,Writers and Authors,27-3043.00,https://www.onetcenter.org/dictionary/30.3/excel/job_titles.html
1753,Arts Therapist,Healthcare,0.97,Very High,Art Therapists,29-1129.01,https://www.onetcenter.org/dictionary/30.3/excel/job_titles.html
1754,Audio Engineer,"Arts, Media & Design",0.97,Very High,Sound Engineering Technicians,27-4014.00,https://www.onetcenter.org/dictionary/30.3/excel/job_titles.html
1755,Bacteriologist,Science,0.97,Very High,Animal Scientists,19-1011.00,https://www.onetcenter.org/dictionary/30.3/excel/job_titles.html
1756,Balloon Artist,"Arts, Media & Design",0.97,Very High,"Fine Artists, Including Painters, Sculptors, and Illustrators",27-1013.00,https://www.onetcenter.org/dictionary/30.3/excel/job_titles.html
1757,Banquet Server,Food & Hospitality,0.97,Very High,Waiters and Waitresses,35-3031.00,https://www.onetcenter.org/dictionary/30.3/excel/job_titles.html
1758,Barber Stylist,Personal Care & Services,0.97,Very High,Barbers,39-5011.00,https://www.onetcenter.org/dictionary/30.3/excel/job_titles.html
1759,Baseball Coach,"Arts, Media & Design",0.97,Very High,"Umpires, Referees, and Other Sports Officials",27-2023.00,https://www.onetcenter.org/dictionary/30.3/excel/job_titles.html
1760,Batch Operator,Manufacturing & Production,0.97,Very High,"Heat Treating Equipment Setters, Operators, and Tenders, Metal and Plastic",51-4191.00,https://www.onetcenter.org/dictionary/30.3/excel/job_titles.html
1761,Beauty Advisor,Personal Care & Services,0.97,Very High,"Makeup Artists, Theatrical and Performance",39-5091.00,https://www.onetcenter.org/dictionary/30.3/excel/job_titles.html
1762,Beauty Stylist,Personal Care & Services,0.97,Very High,"Makeup Artists, Theatrical and Performance",39-5091.00,https://www.onetcenter.org/dictionary/30.3/excel/job_titles.html
1763,Bell Attendant,Personal Care & Services,0.97,Very High,Baggage Porters and Bellhops,39-6011.00,https://www.onetcenter.org/dictionary/30.3/excel/job_titles.html
1764,Bevel Operator,Manufacturing & Production,0.97,Very High,"Lathe and Turning Machine Tool Setters, Operators, and Tenders, Metal and Plastic",51-4034.00,https://www.onetcenter.org/dictionary/30.3/excel/job_titles.html
1765,Bike Assembler,"Installation, Maintenance & Repair",0.97,Very High,Bicycle Repairers,49-3091.00,https://www.onetcenter.org/dictionary/30.3/excel/job_titles.html
1766,Bindery Cutter,Manufacturing & Production,0.97,Very High,Print Binding and Finishing Workers,51-5113.00,https://www.onetcenter.org/dictionary/30.3/excel/job_titles.html
1767,Blend Operator,Manufacturing & Production,0.97,Very High,Food Batchmakers,51-3092.00,https://www.onetcenter.org/dictionary/30.3/excel/job_titles.html
1768,Boarding Agent,Business & Finance,0.97,Very High,Customs Brokers,13-1041.08,https://www.onetcenter.org/dictionary/30.3/excel/job_titles.html
1769,Booth Operator,Personal Care & Services,0.97,Very High,Motion Picture Projectionists,39-3021.00,https://www.onetcenter.org/dictionary/30.3/excel/job_titles.html
1770,Bowl Attendant,Personal Care & Services,0.97,Very High,Amusement and Recreation Attendants,39-3091.00,https://www.onetcenter.org/dictionary/30.3/excel/job_titles.html
1771,Branch Manager,Management,0.97,Very High,Financial Managers,11-3031.00,https://www.onetcenter.org/dictionary/30.3/excel/job_titles.html
1772,Brand Advocate,"Arts, Media & Design",0.97,Very High,Public Relations Specialists,27-3031.00,https://www.onetcenter.org/dictionary/30.3/excel/job_titles.html
1773,Breakfast Cook,Food & Hospitality,0.97,Very High,"Cooks, Short Order",35-2015.00,https://www.onetcenter.org/dictionary/30.3/excel/job_titles.html
1774,Breakfast Host,Food & Hospitality,0.97,Very High,"Hosts and Hostesses, Restaurant, Lounge, and Coffee Shop",35-9031.00,https://www.onetcenter.org/dictionary/30.3/excel/job_titles.html
1775,Brewery Worker,Manufacturing & Production,0.97,Very High,"Separating, Filtering, Clarifying, Precipitating, and Still Machine Setters, Operators, and Tenders",51-9012.00,https://www.onetcenter.org/dictionary/30.3/excel/job_titles.html
1776,Cake Decorator,Manufacturing & Production,0.97,Very High,Bakers,51-3011.00,https://www.onetcenter.org/dictionary/30.3/excel/job_titles.html
1777,Calibrationist,Manufacturing & Production,0.97,Very High,Timing Device Assemblers and Adjusters,51-2061.00,https://www.onetcenter.org/dictionary/30.3/excel/job_titles.html
1778,Campus Planner,Science,0.97,Very High,Urban and Regional Planners,19-3051.00,https://www.onetcenter.org/dictionary/30.3/excel/job_titles.html
1779,Canine Handler,Personal Care & Services,0.97,Very High,Animal Trainers,39-2011.00,https://www.onetcenter.org/dictionary/30.3/excel/job_titles.html
1780,Carbon Analyst,Engineering & Architecture,0.97,Very High,"Energy Engineers, Except Wind and Solar",17-2199.03,https://www.onetcenter.org/dictionary/30.3/excel/job_titles.html
1781,Care Attendant,Personal Care & Services,0.97,Very High,Nannies,39-9011.01,https://www.onetcenter.org/dictionary/30.3/excel/job_titles.html
1782,Care Caregiver,Healthcare Support,0.97,Very High,Personal Care Aides,31-1122.00,https://www.onetcenter.org/dictionary/30.3/excel/job_titles.html
1783,Care Companion,Healthcare Support,0.97,Very High,Personal Care Aides,31-1122.00,https://www.onetcenter.org/dictionary/30.3/excel/job_titles.html
1784,Care Navigator,Community & Social Services,0.97,Very High,Rehabilitation Counselors,21-1015.00,https://www.onetcenter.org/dictionary/30.3/excel/job_titles.html
1785,Cart Attendant,Sales,0.97,Very High,Cashiers,41-2011.00,https://www.onetcenter.org/dictionary/30.3/excel/job_titles.html
1786,Cell Biologist,Science,0.97,Very High,Zoologists and Wildlife Biologists,19-1023.00,https://www.onetcenter.org/dictionary/30.3/excel/job_titles.html
1787,Center Manager,Management,0.97,Very High,"Education and Childcare Administrators, Preschool and Daycare",11-9031.00,https://www.onetcenter.org/dictionary/30.3/excel/job_titles.html
1788,Change Manager,Business & Finance,0.97,Very High,Business Continuity Planners,13-1199.04,https://www.onetcenter.org/dictionary/30.3/excel/job_titles.html
1789,Church Pianist,"Arts, Media & Design",0.97,Very High,Musicians and Singers,27-2042.00,https://www.onetcenter.org/dictionary/30.3/excel/job_titles.html
1790,Civil Designer,Engineering & Architecture,0.97,Very High,Architectural and Civil Drafters,17-3011.00,https://www.onetcenter.org/dictionary/30.3/excel/job_titles.html
1791,Clarity Expert,Manufacturing & Production,0.97,Very High,Gem and Diamond Workers,51-9071.06,https://www.onetcenter.org/dictionary/30.3/excel/job_titles.html
1792,Client Advisor,Business & Finance,0.97,Very High,Personal Financial Advisors,13-2052.00,https://www.onetcenter.org/dictionary/30.3/excel/job_titles.html
1793,Client Trainer,Community & Social Services,0.97,Very High,Rehabilitation Counselors,21-1015.00,https://www.onetcenter.org/dictionary/30.3/excel/job_titles.html
1794,Clinical Nurse,Healthcare,0.97,Very High,Clinical Nurse Specialists,29-1141.04,https://www.onetcenter.org/dictionary/30.3/excel/job_titles.html
1795,Cloud Engineer,"Software, IT & Data",0.97,Very High,Computer Systems Engineers/Architects,15-1299.08,https://www.onetcenter.org/dictionary/30.3/excel/job_titles.html
1796,Club Attendant,Personal Care & Services,0.97,Very High,Amusement and Recreation Attendants,39-3091.00,https://www.onetcenter.org/dictionary/30.3/excel/job_titles.html
1797,Coding Auditor,"Software, IT & Data",0.97,Very High,Health Informatics Specialists,15-1211.01,https://www.onetcenter.org/dictionary/30.3/excel/job_titles.html
1798,Coffee Barista,Food & Hospitality,0.97,Very High,Baristas,35-3023.01,https://www.onetcenter.org/dictionary/30.3/excel/job_titles.html
1799,Cold Headerman,Manufacturing & Production,0.97,Very High,"Rolling Machine Setters, Operators, and Tenders, Metal and Plastic",51-4023.00,https://www.onetcenter.org/dictionary/30.3/excel/job_titles.html
1800,Company Driver,Transportation & Logistics,0.97,Very High,Heavy and Tractor-Trailer Truck Drivers,53-3032.00,https://www.onetcenter.org/dictionary/30.3/excel/job_titles.html
1801,Concept Artist,"Software, IT & Data",0.97,Very High,Video Game Designers,15-1255.01,https://www.onetcenter.org/dictionary/30.3/excel/job_titles.html
1802,Concrete Mason,Construction & Trades,0.97,Very High,Brickmasons and Blockmasons,47-2021.00,https://www.onetcenter.org/dictionary/30.3/excel/job_titles.html
1803,Concrete Paver,Construction & Trades,0.97,Very High,Segmental Pavers,47-4091.00,https://www.onetcenter.org/dictionary/30.3/excel/job_titles.html
1804,Conduit Helper,Construction & Trades,0.97,Very High,"Helpers--Pipelayers, Plumbers, Pipefitters, and Steamfitters",47-3015.00,https://www.onetcenter.org/dictionary/30.3/excel/job_titles.html
1805,Contact Tracer,Community & Social Services,0.97,Very High,Community Health Workers,21-1094.00,https://www.onetcenter.org/dictionary/30.3/excel/job_titles.html
1806,Content Editor,"Arts, Media & Design",0.97,Very High,Editors,27-3041.00,https://www.onetcenter.org/dictionary/30.3/excel/job_titles.html
1807,Content Writer,"Arts, Media & Design",0.97,Very High,"Poets, Lyricists and Creative Writers",27-3043.05,https://www.onetcenter.org/dictionary/30.3/excel/job_titles.html
1808,Cost Estimator,Business & Finance,0.97,Very High,Cost Estimators,13-1051.00,https://www.onetcenter.org/dictionary/30.3/excel/job_titles.html
1809,Crane Operator,Transportation & Logistics,0.97,Very High,Crane and Tower Operators,53-7021.00,https://www.onetcenter.org/dictionary/30.3/excel/job_titles.html
1810,Credit Manager,Business & Finance,0.97,Very High,Credit Analysts,13-2041.00,https://www.onetcenter.org/dictionary/30.3/excel/job_titles.html
1811,Customs Broker,Business & Finance,0.97,Very High,Customs Brokers,13-1041.08,https://www.onetcenter.org/dictionary/30.3/excel/job_titles.html
1812,Cytotechnician,Healthcare,0.97,Very High,Cytogenetic Technologists,29-2011.01,https://www.onetcenter.org/dictionary/30.3/excel/job_titles.html
1813,Data Collector,Science,0.97,Very High,Survey Researchers,19-3022.00,https://www.onetcenter.org/dictionary/30.3/excel/job_titles.html
1814,Data Scientist,"Software, IT & Data",0.97,Very High,Data Scientists,15-2051.00,https://www.onetcenter.org/dictionary/30.3/excel/job_titles.html
1815,Debris Monitor,Management,0.97,Very High,Brownfield Redevelopment Specialists and Site Managers,11-9199.11,https://www.onetcenter.org/dictionary/30.3/excel/job_titles.html
1816,Demand Planner,Business & Finance,0.97,Very High,Logisticians,13-1081.00,https://www.onetcenter.org/dictionary/30.3/excel/job_titles.html
1817,Denim Designer,"Arts, Media & Design",0.97,Very High,Fashion Designers,27-1022.00,https://www.onetcenter.org/dictionary/30.3/excel/job_titles.html
1818,Design Manager,"Arts, Media & Design",0.97,Very High,Art Directors,27-1011.00,https://www.onetcenter.org/dictionary/30.3/excel/job_titles.html
1819,Desk Attendant,Sales,0.97,Very High,Counter and Rental Clerks,41-2021.00,https://www.onetcenter.org/dictionary/30.3/excel/job_titles.html
1820,Die Technician,Manufacturing & Production,0.97,Very High,"Patternmakers, Metal and Plastic",51-4062.00,https://www.onetcenter.org/dictionary/30.3/excel/job_titles.html
1821,Digital Editor,"Arts, Media & Design",0.97,Very High,Editors,27-3041.00,https://www.onetcenter.org/dictionary/30.3/excel/job_titles.html
1822,District Clerk,Law,0.97,Very High,Judicial Law Clerks,23-1012.00,https://www.onetcenter.org/dictionary/30.3/excel/job_titles.html
1823,Door Attendant,Personal Care & Services,0.97,Very High,Baggage Porters and Bellhops,39-6011.00,https://www.onetcenter.org/dictionary/30.3/excel/job_titles.html
1824,Door Repairman,"Installation, Maintenance & Repair",0.97,Very High,Mechanical Door Repairers,49-9011.00,https://www.onetcenter.org/dictionary/30.3/excel/job_titles.html
1825,Dozer Operator,Construction & Trades,0.97,Very High,Continuous Mining Machine Operators,47-5041.00,https://www.onetcenter.org/dictionary/30.3/excel/job_titles.html
1826,Driver Manager,Management,0.97,Very High,"Transportation, Storage, and Distribution Managers",11-3071.00,https://www.onetcenter.org/dictionary/30.3/excel/job_titles.html
1827,Dryer Operator,Manufacturing & Production,0.97,Very High,"Separating, Filtering, Clarifying, Precipitating, and Still Machine Setters, Operators, and Tenders",51-9012.00,https://www.onetcenter.org/dictionary/30.3/excel/job_titles.html
1828,Duct Installer,Construction & Trades,0.97,Very High,Sheet Metal Workers,47-2211.00,https://www.onetcenter.org/dictionary/30.3/excel/job_titles.html
1829,Duct Insulator,Construction & Trades,0.97,Very High,"Insulation Workers, Mechanical",47-2132.00,https://www.onetcenter.org/dictionary/30.3/excel/job_titles.html
1830,Election Judge,Law,0.97,Very High,"Judges, Magistrate Judges, and Magistrates",23-1023.00,https://www.onetcenter.org/dictionary/30.3/excel/job_titles.html
1831,Energy Advisor,Construction & Trades,0.97,Very High,Energy Auditors,47-4011.01,https://www.onetcenter.org/dictionary/30.3/excel/job_titles.html
1832,Energy Analyst,Business & Finance,0.97,Very High,Sustainability Specialists,13-1199.05,https://www.onetcenter.org/dictionary/30.3/excel/job_titles.html
1833,Energy Auditor,Construction & Trades,0.97,Very High,Energy Auditors,47-4011.01,https://www.onetcenter.org/dictionary/30.3/excel/job_titles.html
1834,Energy Manager,Manufacturing & Production,0.97,Very High,Power Plant Operators,51-8013.00,https://www.onetcenter.org/dictionary/30.3/excel/job_titles.html
1835,Energy Modeler,Engineering & Architecture,0.97,Very High,"Energy Engineers, Except Wind and Solar",17-2199.03,https://www.onetcenter.org/dictionary/30.3/excel/job_titles.html
1836,Equity Analyst,Business & Finance,0.97,Very High,Financial Quantitative Analysts,13-2099.01,https://www.onetcenter.org/dictionary/30.3/excel/job_titles.html
1837,Escrow Officer,Business & Finance,0.97,Very High,Loan Officers,13-2072.00,https://www.onetcenter.org/dictionary/30.3/excel/job_titles.html
1838,Ethical Hacker,"Software, IT & Data",0.97,Very High,Penetration Testers,15-1299.04,https://www.onetcenter.org/dictionary/30.3/excel/job_titles.html
1839,Event Designer,"Arts, Media & Design",0.97,Very High,Set and Exhibit Designers,27-1027.00,https://www.onetcenter.org/dictionary/30.3/excel/job_titles.html
1840,Event Marketer,Business & Finance,0.97,Very High,Market Research Analysts and Marketing Specialists,13-1161.00,https://www.onetcenter.org/dictionary/30.3/excel/job_titles.html
1841,Events Planner,Business & Finance,0.97,Very High,"Meeting, Convention, and Event Planners",13-1121.00,https://www.onetcenter.org/dictionary/30.3/excel/job_titles.html
1842,Fabric Sourcer,Manufacturing & Production,0.97,Very High,Fabric and Apparel Patternmakers,51-6092.00,https://www.onetcenter.org/dictionary/30.3/excel/job_titles.html
1843,Faculty Member,Education & Library,0.97,Very High,"Postsecondary Teachers, All Other",25-1199.00,https://www.onetcenter.org/dictionary/30.3/excel/job_titles.html
1844,Farsi Linguist,"Arts, Media & Design",0.97,Very High,Interpreters and Translators,27-3091.00,https://www.onetcenter.org/dictionary/30.3/excel/job_titles.html
1845,Field Engineer,"Software, IT & Data",0.97,Very High,Telecommunications Engineering Specialists,15-1241.01,https://www.onetcenter.org/dictionary/30.3/excel/job_titles.html
1846,Field Marketer,Sales,0.97,Very High,"Door-to-Door Sales Workers, News and Street Vendors, and Related Workers",41-9091.00,https://www.onetcenter.org/dictionary/30.3/excel/job_titles.html
1847,Field Operator,Manufacturing & Production,0.97,Very High,"Welding, Soldering, and Brazing Machine Setters, Operators, and Tenders",51-4122.00,https://www.onetcenter.org/dictionary/30.3/excel/job_titles.html
1848,Field Surveyor,Engineering & Architecture,0.97,Very High,Surveyors,17-1022.00,https://www.onetcenter.org/dictionary/30.3/excel/job_titles.html
1849,Final Finisher,Manufacturing & Production,0.97,Very High,"Grinding and Polishing Workers, Hand",51-9022.00,https://www.onetcenter.org/dictionary/30.3/excel/job_titles.html
1850,Finish Sprayer,Manufacturing & Production,0.97,Very High,Furniture Finishers,51-7021.00,https://www.onetcenter.org/dictionary/30.3/excel/job_titles.html
1851,Fish Biologist,Science,0.97,Very High,Zoologists and Wildlife Biologists,19-1023.00,https://www.onetcenter.org/dictionary/30.3/excel/job_titles.html
1852,Fish Processor,"Agriculture, Fishing & Forestry",0.97,Very High,Fishing and Hunting Workers,45-3031.00,https://www.onetcenter.org/dictionary/30.3/excel/job_titles.html
1853,Flatbed Driver,Transportation & Logistics,0.97,Very High,Heavy and Tractor-Trailer Truck Drivers,53-3032.00,https://www.onetcenter.org/dictionary/30.3/excel/job_titles.html
1854,Flexo Operator,Manufacturing & Production,0.97,Very High,Printing Press Operators,51-5112.00,https://www.onetcenter.org/dictionary/30.3/excel/job_titles.html
1855,Food Inspector,"Agriculture, Fishing & Forestry",0.97,Very High,"Graders and Sorters, Agricultural Products",45-2041.00,https://www.onetcenter.org/dictionary/30.3/excel/job_titles.html
1856,Forestry Pilot,Transportation & Logistics,0.97,Very High,Commercial Pilots,53-2012.00,https://www.onetcenter.org/dictionary/30.3/excel/job_titles.html
1857,Freight Broker,Office & Administration,0.97,Very High,Cargo and Freight Agents,43-5011.00,https://www.onetcenter.org/dictionary/30.3/excel/job_titles.html
1858,French Teacher,Education & Library,0.97,Very High,"Secondary School Teachers, Except Special and Career/Technical Education",25-2031.00,https://www.onetcenter.org/dictionary/30.3/excel/job_titles.html
1859,Fryer Operator,Manufacturing & Production,0.97,Very High,Food Cooking Machine Operators and Tenders,51-3093.00,https://www.onetcenter.org/dictionary/30.3/excel/job_titles.html
1860,Fuel Attendant,Transportation & Logistics,0.97,Very High,Automotive and Watercraft Service Attendants,53-6031.00,https://www.onetcenter.org/dictionary/30.3/excel/job_titles.html
1861,Game Developer,"Software, IT & Data",0.97,Very High,Video Game Designers,15-1255.01,https://www.onetcenter.org/dictionary/30.3/excel/job_titles.html
1862,Garment Mender,Manufacturing & Production,0.97,Very High,Sewing Machine Operators,51-6031.00,https://www.onetcenter.org/dictionary/30.3/excel/job_titles.html
1863,Garment Sorter,Manufacturing & Production,0.97,Very High,Laundry and Dry-Cleaning Workers,51-6011.00,https://www.onetcenter.org/dictionary/30.3/excel/job_titles.html
1864,Gas Journeyman,Transportation & Logistics,0.97,Very High,Gas Compressor and Gas Pumping Station Operators,53-7071.00,https://www.onetcenter.org/dictionary/30.3/excel/job_titles.html
1865,Gas Specialist,Manufacturing & Production,0.97,Very High,Gas Plant Operators,51-8092.00,https://www.onetcenter.org/dictionary/30.3/excel/job_titles.html
1866,General Runner,Office & Administration,0.97,Very High,Couriers and Messengers,43-5021.00,https://www.onetcenter.org/dictionary/30.3/excel/job_titles.html
1867,Gluer Operator,Manufacturing & Production,0.97,Very High,"Paper Goods Machine Setters, Operators, and Tenders",51-9196.00,https://www.onetcenter.org/dictionary/30.3/excel/job_titles.html
1868,Golf Attendant,Personal Care & Services,0.97,Very High,Amusement and Recreation Attendants,39-3091.00,https://www.onetcenter.org/dictionary/30.3/excel/job_titles.html
1869,Grain Operator,Manufacturing & Production,0.97,Very High,"Separating, Filtering, Clarifying, Precipitating, and Still Machine Setters, Operators, and Tenders",51-9012.00,https://www.onetcenter.org/dictionary/30.3/excel/job_titles.html
1870,Grants Manager,Management,0.97,Very High,Fundraising Managers,11-2033.00,https://www.onetcenter.org/dictionary/30.3/excel/job_titles.html
1871,Grind Operator,Manufacturing & Production,0.97,Very High,"Milling and Planing Machine Setters, Operators, and Tenders, Metal and Plastic",51-4035.00,https://www.onetcenter.org/dictionary/30.3/excel/job_titles.html
1872,Guest Advocate,Community & Social Services,0.97,Very High,Community Health Workers,21-1094.00,https://www.onetcenter.org/dictionary/30.3/excel/job_titles.html
1873,Heat Exchanger,Construction & Trades,0.97,Very High,Solar Thermal Installers and Technicians,47-2152.04,https://www.onetcenter.org/dictionary/30.3/excel/job_titles.html
1874,Heavy Threader,Manufacturing & Production,0.97,Very High,"Lathe and Turning Machine Tool Setters, Operators, and Tenders, Metal and Plastic",51-4034.00,https://www.onetcenter.org/dictionary/30.3/excel/job_titles.html
1875,Home Care Aide,Healthcare Support,0.97,Very High,Home Health Aides,31-1121.00,https://www.onetcenter.org/dictionary/30.3/excel/job_titles.html
1876,Home Caregiver,Healthcare Support,0.97,Very High,Personal Care Aides,31-1122.00,https://www.onetcenter.org/dictionary/30.3/excel/job_titles.html
1877,Home Economist,Science,0.97,Very High,Economists,19-3011.00,https://www.onetcenter.org/dictionary/30.3/excel/job_titles.html
1878,Horticulturist,"Agriculture, Fishing & Forestry",0.97,Very High,"Farmworkers and Laborers, Crop, Nursery, and Greenhouse",45-2092.00,https://www.onetcenter.org/dictionary/30.3/excel/job_titles.html
1879,Hourly Manager,Personal Care & Services,0.97,Very High,First-Line Supervisors of Gambling Services Workers,39-1013.00,https://www.onetcenter.org/dictionary/30.3/excel/job_titles.html
1880,Hub Supervisor,Transportation & Logistics,0.97,Very High,"First-Line Supervisors of Helpers, Laborers, and Material Movers, Hand",53-1042.00,https://www.onetcenter.org/dictionary/30.3/excel/job_titles.html
1881,Hydro Operator,Science,0.97,Very High,Hydrologic Technicians,19-4044.00,https://www.onetcenter.org/dictionary/30.3/excel/job_titles.html
1882,Infant Teacher,Education & Library,0.97,Very High,"Preschool Teachers, Except Special Education",25-2011.00,https://www.onetcenter.org/dictionary/30.3/excel/job_titles.html
1883,Ink Technician,Manufacturing & Production,0.97,Very High,Photographic Process Workers and Processing Machine Operators,51-9151.00,https://www.onetcenter.org/dictionary/30.3/excel/job_titles.html
1884,Inside Wireman,"Installation, Maintenance & Repair",0.97,Very High,"Electrical and Electronics Repairers, Powerhouse, Substation, and Relay",49-2095.00,https://www.onetcenter.org/dictionary/30.3/excel/job_titles.html
1885,Inspector Aide,"Agriculture, Fishing & Forestry",0.97,Very High,"Graders and Sorters, Agricultural Products",45-2041.00,https://www.onetcenter.org/dictionary/30.3/excel/job_titles.html
1886,Jewelry Setter,Manufacturing & Production,0.97,Very High,Gem and Diamond Workers,51-9071.06,https://www.onetcenter.org/dictionary/30.3/excel/job_titles.html
1887,Label Rewinder,Manufacturing & Production,0.97,Very High,"Paper Goods Machine Setters, Operators, and Tenders",51-9196.00,https://www.onetcenter.org/dictionary/30.3/excel/job_titles.html
1888,Lacrosse Coach,"Arts, Media & Design",0.97,Very High,Coaches and Scouts,27-2022.00,https://www.onetcenter.org/dictionary/30.3/excel/job_titles.html
1889,Laser Engineer,Engineering & Architecture,0.97,Very High,Photonics Engineers,17-2199.07,https://www.onetcenter.org/dictionary/30.3/excel/job_titles.html
1890,Laser Operator,Engineering & Architecture,0.97,Very High,Photonics Technicians,17-3029.08,https://www.onetcenter.org/dictionary/30.3/excel/job_titles.html
1891,Launch Steward,Transportation & Logistics,0.97,Very High,Motorboat Operators,53-5022.00,https://www.onetcenter.org/dictionary/30.3/excel/job_titles.html
1892,Laundry Person,Manufacturing & Production,0.97,Very High,Laundry and Dry-Cleaning Workers,51-6011.00,https://www.onetcenter.org/dictionary/30.3/excel/job_titles.html
1893,Law Instructor,Education & Library,0.97,Very High,"Law Teachers, Postsecondary",25-1112.00,https://www.onetcenter.org/dictionary/30.3/excel/job_titles.html
1894,League Manager,Management,0.97,Very High,Advertising and Promotions Managers,11-2011.00,https://www.onetcenter.org/dictionary/30.3/excel/job_titles.html
1895,Line Patroller,Manufacturing & Production,0.97,Very High,"Extruding and Drawing Machine Setters, Operators, and Tenders, Metal and Plastic",51-4021.00,https://www.onetcenter.org/dictionary/30.3/excel/job_titles.html
1896,Literacy Coach,Education & Library,0.97,Very High,"Adult Basic Education, Adult Secondary Education, and English as a Second Language Instructors",25-3011.00,https://www.onetcenter.org/dictionary/30.3/excel/job_titles.html
1897,Logging Loader,"Agriculture, Fishing & Forestry",0.97,Very High,Logging Equipment Operators,45-4022.00,https://www.onetcenter.org/dictionary/30.3/excel/job_titles.html
1898,Machine Helper,Transportation & Logistics,0.97,Very High,Machine Feeders and Offbearers,53-7063.00,https://www.onetcenter.org/dictionary/30.3/excel/job_titles.html
1899,Machine Tender,Manufacturing & Production,0.97,Very High,Shoe Machine Operators and Tenders,51-6042.00,https://www.onetcenter.org/dictionary/30.3/excel/job_titles.html
1900,Machine Worker,Transportation & Logistics,0.97,Very High,Machine Feeders and Offbearers,53-7063.00,https://www.onetcenter.org/dictionary/30.3/excel/job_titles.html
1901,Mail Processor,Office & Administration,0.97,Very High,"Mail Clerks and Mail Machine Operators, Except Postal Service",43-9051.00,https://www.onetcenter.org/dictionary/30.3/excel/job_titles.html
1902,Mason's Tender,Construction & Trades,0.97,Very High,"Helpers--Painters, Paperhangers, Plasterers, and Stucco Masons",47-3014.00,https://www.onetcenter.org/dictionary/30.3/excel/job_titles.html
1903,Mattress Sewer,Manufacturing & Production,0.97,Very High,"Sewers, Hand",51-6051.00,https://www.onetcenter.org/dictionary/30.3/excel/job_titles.html
1904,Meal Attendant,Transportation & Logistics,0.97,Very High,Flight Attendants,53-2031.00,https://www.onetcenter.org/dictionary/30.3/excel/job_titles.html
1905,Media Director,"Arts, Media & Design",0.97,Very High,Media Programming Directors,27-2012.03,https://www.onetcenter.org/dictionary/30.3/excel/job_titles.html
1906,Medical Driver,Healthcare,0.97,Very High,Emergency Medical Technicians,29-2042.00,https://www.onetcenter.org/dictionary/30.3/excel/job_titles.html
1907,Medical Scribe,Healthcare,0.97,Very High,Medical Records Specialists,29-2072.00,https://www.onetcenter.org/dictionary/30.3/excel/job_titles.html
1908,Microbiologist,Science,0.97,Very High,Microbiologists,19-1022.00,https://www.onetcenter.org/dictionary/30.3/excel/job_titles.html
1909,Miner Operator,Construction & Trades,0.97,Very High,Continuous Mining Machine Operators,47-5041.00,https://www.onetcenter.org/dictionary/30.3/excel/job_titles.html
1910,Mooring Master,Transportation & Logistics,0.97,Very High,Motorboat Operators,53-5022.00,https://www.onetcenter.org/dictionary/30.3/excel/job_titles.html
1911,Museum Manager,Education & Library,0.97,Very High,Curators,25-4012.00,https://www.onetcenter.org/dictionary/30.3/excel/job_titles.html
1912,Music Lecturer,Education & Library,0.97,Very High,"Art, Drama, and Music Teachers, Postsecondary",25-1121.00,https://www.onetcenter.org/dictionary/30.3/excel/job_titles.html
1913,Nurse Educator,Community & Social Services,0.97,Very High,Health Education Specialists,21-1091.00,https://www.onetcenter.org/dictionary/30.3/excel/job_titles.html
1914,Nurse Reviewer,"Software, IT & Data",0.97,Very High,Health Informatics Specialists,15-1211.01,https://www.onetcenter.org/dictionary/30.3/excel/job_titles.html
1915,Nursery Worker,Personal Care & Services,0.97,Very High,Childcare Workers,39-9011.00,https://www.onetcenter.org/dictionary/30.3/excel/job_titles.html
1916,Office Manager,Office & Administration,0.97,Very High,First-Line Supervisors of Office and Administrative Support Workers,43-1011.00,https://www.onetcenter.org/dictionary/30.3/excel/job_titles.html
1917,Offline Cutter,Manufacturing & Production,0.97,Very High,"Cutters and Trimmers, Hand",51-9031.00,https://www.onetcenter.org/dictionary/30.3/excel/job_titles.html
1918,On-call Teller,Office & Administration,0.97,Very High,Tellers,43-3071.00,https://www.onetcenter.org/dictionary/30.3/excel/job_titles.html
1919,Opinion Editor,"Arts, Media & Design",0.97,Very High,Editors,27-3041.00,https://www.onetcenter.org/dictionary/30.3/excel/job_titles.html
1920,Oral Historian,Science,0.97,Very High,Historians,19-3093.00,https://www.onetcenter.org/dictionary/30.3/excel/job_titles.html
1921,Order Selector,Office & Administration,0.97,Very High,Order Clerks,43-4151.00,https://www.onetcenter.org/dictionary/30.3/excel/job_titles.html
1922,Organic Farmer,Management,0.97,Very High,"Farmers, Ranchers, and Other Agricultural Managers",11-9013.00,https://www.onetcenter.org/dictionary/30.3/excel/job_titles.html
1923,Package Sorter,Office & Administration,0.97,Very High,Postal Service Clerks,43-5051.00,https://www.onetcenter.org/dictionary/30.3/excel/job_titles.html
1924,Panel Operator,Manufacturing & Production,0.97,Very High,"Petroleum Pump System Operators, Refinery Operators, and Gaugers",51-8093.00,https://www.onetcenter.org/dictionary/30.3/excel/job_titles.html
1925,Park Attendant,Science,0.97,Very High,Park Naturalists,19-1031.03,https://www.onetcenter.org/dictionary/30.3/excel/job_titles.html
1926,Parts Finisher,Manufacturing & Production,0.97,Very High,"Rolling Machine Setters, Operators, and Tenders, Metal and Plastic",51-4023.00,https://www.onetcenter.org/dictionary/30.3/excel/job_titles.html
1927,Parts Salesman,Sales,0.97,Very High,Parts Salespersons,41-2022.00,https://www.onetcenter.org/dictionary/30.3/excel/job_titles.html
1928,Patient Sitter,Healthcare Support,0.97,Very High,Personal Care Aides,31-1122.00,https://www.onetcenter.org/dictionary/30.3/excel/job_titles.html
1929,Patrol Officer,Public Safety,0.97,Very High,Security Guards,33-9032.00,https://www.onetcenter.org/dictionary/30.3/excel/job_titles.html
1930,Paver Operator,Construction & Trades,0.97,Very High,Segmental Pavers,47-4091.00,https://www.onetcenter.org/dictionary/30.3/excel/job_titles.html
1931,Paving Laborer,Construction & Trades,0.97,Very High,Segmental Pavers,47-4091.00,https://www.onetcenter.org/dictionary/30.3/excel/job_titles.html
1932,Peer Navigator,Community & Social Services,0.97,Very High,Community Health Workers,21-1094.00,https://www.onetcenter.org/dictionary/30.3/excel/job_titles.html
1933,People Officer,Community & Social Services,0.97,Very High,Probation Officers and Correctional Treatment Specialists,21-1092.00,https://www.onetcenter.org/dictionary/30.3/excel/job_titles.html
1934,Petrophysicist,Science,0.97,Very High,"Geoscientists, Except Hydrologists and Geographers",19-2042.00,https://www.onetcenter.org/dictionary/30.3/excel/job_titles.html
1935,Piping Drafter,Engineering & Architecture,0.97,Very High,Mechanical Drafters,17-3013.00,https://www.onetcenter.org/dictionary/30.3/excel/job_titles.html
1936,Plans Examiner,Construction & Trades,0.97,Very High,Construction and Building Inspectors,47-4011.00,https://www.onetcenter.org/dictionary/30.3/excel/job_titles.html
1937,Plant Mechanic,"Installation, Maintenance & Repair",0.97,Very High,Industrial Machinery Mechanics,49-9041.00,https://www.onetcenter.org/dictionary/30.3/excel/job_titles.html
1938,Police Recruit,Public Safety,0.97,Very High,Police and Sheriff's Patrol Officers,33-3051.00,https://www.onetcenter.org/dictionary/30.3/excel/job_titles.html
1939,Policy Advisor,Science,0.97,Very High,Political Scientists,19-3094.00,https://www.onetcenter.org/dictionary/30.3/excel/job_titles.html
1940,Policy Analyst,Science,0.97,Very High,Political Scientists,19-3094.00,https://www.onetcenter.org/dictionary/30.3/excel/job_titles.html
1941,Pool Attendant,Personal Care & Services,0.97,Very High,Amusement and Recreation Attendants,39-3091.00,https://www.onetcenter.org/dictionary/30.3/excel/job_titles.html
1942,Popcorn Popper,Manufacturing & Production,0.97,Very High,"Food and Tobacco Roasting, Baking, and Drying Machine Operators and Tenders",51-3091.00,https://www.onetcenter.org/dictionary/30.3/excel/job_titles.html
1943,Post Commander,Public Safety,0.97,Very High,First-Line Supervisors of Police and Detectives,33-1012.00,https://www.onetcenter.org/dictionary/30.3/excel/job_titles.html
1944,Premier Banker,Sales,0.97,Very High,"Securities, Commodities, and Financial Services Sales Agents",41-3031.00,https://www.onetcenter.org/dictionary/30.3/excel/job_titles.html
1945,Print Operator,Manufacturing & Production,0.97,Very High,Prepress Technicians and Workers,51-5111.00,https://www.onetcenter.org/dictionary/30.3/excel/job_titles.html
1946,Private Banker,Sales,0.97,Very High,"Securities, Commodities, and Financial Services Sales Agents",41-3031.00,https://www.onetcenter.org/dictionary/30.3/excel/job_titles.html
1947,Produce Broker,Business & Finance,0.97,Very High,"Buyers and Purchasing Agents, Farm Products",13-1021.00,https://www.onetcenter.org/dictionary/30.3/excel/job_titles.html
1948,Product Expert,"Arts, Media & Design",0.97,Very High,Commercial and Industrial Designers,27-1021.00,https://www.onetcenter.org/dictionary/30.3/excel/job_titles.html
1949,Product Tester,Manufacturing & Production,0.97,Very High,"Inspectors, Testers, Sorters, Samplers, and Weighers",51-9061.00,https://www.onetcenter.org/dictionary/30.3/excel/job_titles.html
1950,Quarry Driller,Construction & Trades,0.97,Very High,"Rock Splitters, Quarry",47-5051.00,https://www.onetcenter.org/dictionary/30.3/excel/job_titles.html
1951,Radar Repairer,"Installation, Maintenance & Repair",0.97,Very High,"Electrical and Electronics Repairers, Commercial and Industrial Equipment",49-2094.00,https://www.onetcenter.org/dictionary/30.3/excel/job_titles.html
1952,Radiology Aide,Healthcare Support,0.97,Very High,Orderlies,31-1132.00,https://www.onetcenter.org/dictionary/30.3/excel/job_titles.html
1953,Rail Switchman,Transportation & Logistics,0.97,Very High,"Rail Yard Engineers, Dinkey Operators, and Hostlers",53-4013.00,https://www.onetcenter.org/dictionary/30.3/excel/job_titles.html
1954,Reach Operator,Construction & Trades,0.97,Very High,Septic Tank Servicers and Sewer Pipe Cleaners,47-4071.00,https://www.onetcenter.org/dictionary/30.3/excel/job_titles.html
1955,Recycle Worker,Transportation & Logistics,0.97,Very High,Refuse and Recyclable Material Collectors,53-7081.00,https://www.onetcenter.org/dictionary/30.3/excel/job_titles.html
1956,Relay Engineer,Engineering & Architecture,0.97,Very High,Automotive Engineers,17-2141.02,https://www.onetcenter.org/dictionary/30.3/excel/job_titles.html
1957,Remote Monitor,Science,0.97,Very High,Remote Sensing Technicians,19-4099.03,https://www.onetcenter.org/dictionary/30.3/excel/job_titles.html
1958,Repair Cobbler,Manufacturing & Production,0.97,Very High,Shoe and Leather Workers and Repairers,51-6041.00,https://www.onetcenter.org/dictionary/30.3/excel/job_titles.html
1959,Repair Laborer,"Installation, Maintenance & Repair",0.97,Very High,Rail Car Repairers,49-3043.00,https://www.onetcenter.org/dictionary/30.3/excel/job_titles.html
1960,Resort Manager,Management,0.97,Very High,Lodging Managers,11-9081.00,https://www.onetcenter.org/dictionary/30.3/excel/job_titles.html
1961,Retail Manager,Sales,0.97,Very High,First-Line Supervisors of Retail Sales Workers,41-1011.00,https://www.onetcenter.org/dictionary/30.3/excel/job_titles.html
1962,Rheumatologist,Healthcare,0.97,Very High,General Internal Medicine Physicians,29-1216.00,https://www.onetcenter.org/dictionary/30.3/excel/job_titles.html
1963,Rim Technician,Manufacturing & Production,0.97,Very High,"Multiple Machine Tool Setters, Operators, and Tenders, Metal and Plastic",51-4081.00,https://www.onetcenter.org/dictionary/30.3/excel/job_titles.html
1964,Robot Operator,Engineering & Architecture,0.97,Very High,Robotics Engineers,17-2199.08,https://www.onetcenter.org/dictionary/30.3/excel/job_titles.html
1965,Robotic Welder,Engineering & Architecture,0.97,Very High,Robotics Technicians,17-3024.01,https://www.onetcenter.org/dictionary/30.3/excel/job_titles.html
1966,Roofing Helper,Construction & Trades,0.97,Very High,Helpers--Roofers,47-3016.00,https://www.onetcenter.org/dictionary/30.3/excel/job_titles.html
1967,Rooftop Loader,Construction & Trades,0.97,Very High,Helpers--Roofers,47-3016.00,https://www.onetcenter.org/dictionary/30.3/excel/job_titles.html
1968,Room Attendant,Food & Hospitality,0.97,Very High,"Food Servers, Nonrestaurant",35-3041.00,https://www.onetcenter.org/dictionary/30.3/excel/job_titles.html
1969,Rooms Director,Management,0.97,Very High,Lodging Managers,11-9081.00,https://www.onetcenter.org/dictionary/30.3/excel/job_titles.html
1970,Safety Monitor,Engineering & Architecture,0.97,Very High,"Mining and Geological Engineers, Including Mining Safety Engineers",17-2151.00,https://www.onetcenter.org/dictionary/30.3/excel/job_titles.html
1971,Safety Officer,Science,0.97,Very High,Occupational Health and Safety Specialists,19-5011.00,https://www.onetcenter.org/dictionary/30.3/excel/job_titles.html
1972,Sales Arborist,Cleaning & Grounds,0.97,Very High,Tree Trimmers and Pruners,37-3013.00,https://www.onetcenter.org/dictionary/30.3/excel/job_titles.html
1973,Sales Engineer,Sales,0.97,Very High,"Sales Representatives, Wholesale and Manufacturing, Technical and Scientific Products",41-4011.00,https://www.onetcenter.org/dictionary/30.3/excel/job_titles.html
1974,Sales Promoter,Sales,0.97,Very High,Demonstrators and Product Promoters,41-9011.00,https://www.onetcenter.org/dictionary/30.3/excel/job_titles.html
1975,Scanners Clerk,Office & Administration,0.97,Very High,"Office Machine Operators, Except Computer",43-9071.00,https://www.onetcenter.org/dictionary/30.3/excel/job_titles.html
1976,Scanning Clerk,Office & Administration,0.97,Very High,File Clerks,43-4071.00,https://www.onetcenter.org/dictionary/30.3/excel/job_titles.html
1977,Search Manager,Business & Finance,0.97,Very High,Search Marketing Strategists,13-1161.01,https://www.onetcenter.org/dictionary/30.3/excel/job_titles.html
1978,Security Agent,Business & Finance,0.97,Very High,Security Management Specialists,13-1199.07,https://www.onetcenter.org/dictionary/30.3/excel/job_titles.html
1979,Security Guard,Public Safety,0.97,Very High,Security Guards,33-9032.00,https://www.onetcenter.org/dictionary/30.3/excel/job_titles.html
1980,Service Person,"Installation, Maintenance & Repair",0.97,Very High,Mechanical Door Repairers,49-9011.00,https://www.onetcenter.org/dictionary/30.3/excel/job_titles.html
1981,Service Runner,Office & Administration,0.97,Very High,Couriers and Messengers,43-5021.00,https://www.onetcenter.org/dictionary/30.3/excel/job_titles.html
1982,Service Worker,Office & Administration,0.97,Very High,"Meter Readers, Utilities",43-5041.00,https://www.onetcenter.org/dictionary/30.3/excel/job_titles.html
1983,Service Writer,Business & Finance,0.97,Very High,Cost Estimators,13-1051.00,https://www.onetcenter.org/dictionary/30.3/excel/job_titles.html
1984,Setup Operator,Manufacturing & Production,0.97,Very High,"Cutting, Punching, and Press Machine Setters, Operators, and Tenders, Metal and Plastic",51-4031.00,https://www.onetcenter.org/dictionary/30.3/excel/job_titles.html
1985,Sewer Operator,Manufacturing & Production,0.97,Very High,Sewing Machine Operators,51-6031.00,https://www.onetcenter.org/dictionary/30.3/excel/job_titles.html
1986,Shift Mechanic,"Installation, Maintenance & Repair",0.97,Very High,Industrial Machinery Mechanics,49-9041.00,https://www.onetcenter.org/dictionary/30.3/excel/job_titles.html
1987,Shift Operator,Construction & Trades,0.97,Very High,"Excavating and Loading Machine and Dragline Operators, Surface Mining",47-5022.00,https://www.onetcenter.org/dictionary/30.3/excel/job_titles.html
1988,Shop Attendant,Personal Care & Services,0.97,Very High,Costume Attendants,39-3092.00,https://www.onetcenter.org/dictionary/30.3/excel/job_titles.html
1989,Shunt Operator,Transportation & Logistics,0.97,Very High,"Rail Yard Engineers, Dinkey Operators, and Hostlers",53-4013.00,https://www.onetcenter.org/dictionary/30.3/excel/job_titles.html
1990,Shuttle Driver,Construction & Trades,0.97,Very High,"Loading and Moving Machine Operators, Underground Mining",47-5044.00,https://www.onetcenter.org/dictionary/30.3/excel/job_titles.html
1991,Site Attendant,Personal Care & Services,0.97,Very High,Tour Guides and Escorts,39-7011.00,https://www.onetcenter.org/dictionary/30.3/excel/job_titles.html
1992,Skating Carhop,Food & Hospitality,0.97,Very High,Waiters and Waitresses,35-3031.00,https://www.onetcenter.org/dictionary/30.3/excel/job_titles.html
1993,Skin Therapist,Healthcare Support,0.97,Very High,Massage Therapists,31-9011.00,https://www.onetcenter.org/dictionary/30.3/excel/job_titles.html
1994,Slab Installer,Construction & Trades,0.97,Very High,Segmental Pavers,47-4091.00,https://www.onetcenter.org/dictionary/30.3/excel/job_titles.html
1995,Snack Bar Cook,Food & Hospitality,0.97,Very High,"Cooks, Fast Food",35-2011.00,https://www.onetcenter.org/dictionary/30.3/excel/job_titles.html
1996,Soccer Referee,"Arts, Media & Design",0.97,Very High,"Umpires, Referees, and Other Sports Officials",27-2023.00,https://www.onetcenter.org/dictionary/30.3/excel/job_titles.html
1997,Solar Engineer,Engineering & Architecture,0.97,Very High,Solar Energy Systems Engineers,17-2199.11,https://www.onetcenter.org/dictionary/30.3/excel/job_titles.html
1998,Spa Supervisor,Management,0.97,Very High,Spa Managers,11-9179.02,https://www.onetcenter.org/dictionary/30.3/excel/job_titles.html
1999,Studio Manager,Management,0.97,Very High,Fitness and Wellness Coordinators,11-9179.01,https://www.onetcenter.org/dictionary/30.3/excel/job_titles.html
2000,Superintendent,Management,0.97,Very High,Construction Managers,11-9021.00,https://www.onetcenter.org/dictionary/30.3/excel/job_titles.html
2001,Supply Planner,Business & Finance,0.97,Very High,Logisticians,13-1081.00,https://www.onetcenter.org/dictionary/30.3/excel/job_titles.html
2002,Support Broker,Office & Administration,0.97,Very High,Brokerage Clerks,43-4011.00,https://www.onetcenter.org/dictionary/30.3/excel/job_titles.html
2003,Support Worker,Community & Social Services,0.97,Very High,Social and Human Service Assistants,21-1093.00,https://www.onetcenter.org/dictionary/30.3/excel/job_titles.html
2004,Survey Analyst,Science,0.97,Very High,Survey Researchers,19-3022.00,https://www.onetcenter.org/dictionary/30.3/excel/job_titles.html
2005,Test Conductor,Transportation & Logistics,0.97,Very High,Railroad Conductors and Yardmasters,53-4031.00,https://www.onetcenter.org/dictionary/30.3/excel/job_titles.html
2006,Textile Weaver,Manufacturing & Production,0.97,Very High,"Textile Knitting and Weaving Machine Setters, Operators, and Tenders",51-6063.00,https://www.onetcenter.org/dictionary/30.3/excel/job_titles.html
2007,Threat Analyst,"Software, IT & Data",0.97,Very High,Digital Forensics Analysts,15-1299.06,https://www.onetcenter.org/dictionary/30.3/excel/job_titles.html
2008,Tool Inspector,"Installation, Maintenance & Repair",0.97,Very High,"Electric Motor, Power Tool, and Related Repairers",49-2092.00,https://www.onetcenter.org/dictionary/30.3/excel/job_titles.html
2009,Torch Operator,Manufacturing & Production,0.97,Very High,"Heat Treating Equipment Setters, Operators, and Tenders, Metal and Plastic",51-4191.00,https://www.onetcenter.org/dictionary/30.3/excel/job_titles.html
2010,Track Operator,Transportation & Logistics,0.97,Very High,"Railroad Brake, Signal, and Switch Operators and Locomotive Firers",53-4022.00,https://www.onetcenter.org/dictionary/30.3/excel/job_titles.html
2011,Transfer Agent,Office & Administration,0.97,Very High,Brokerage Clerks,43-4011.00,https://www.onetcenter.org/dictionary/30.3/excel/job_titles.html
2012,Transport Aide,Healthcare Support,0.97,Very High,Orderlies,31-1132.00,https://www.onetcenter.org/dictionary/30.3/excel/job_titles.html
2013,Travel Planner,Sales,0.97,Very High,Travel Agents,41-3041.00,https://www.onetcenter.org/dictionary/30.3/excel/job_titles.html
2014,Trim Carpenter,Construction & Trades,0.97,Very High,Carpenters,47-2031.00,https://www.onetcenter.org/dictionary/30.3/excel/job_titles.html
2015,Troubleshooter,"Installation, Maintenance & Repair",0.97,Very High,Wind Turbine Service Technicians,49-9081.00,https://www.onetcenter.org/dictionary/30.3/excel/job_titles.html
2016,Truck Unloader,Transportation & Logistics,0.97,Very High,"Tank Car, Truck, and Ship Loaders",53-7121.00,https://www.onetcenter.org/dictionary/30.3/excel/job_titles.html
2017,Truss Designer,Engineering & Architecture,0.97,Very High,Architectural and Civil Drafters,17-3011.00,https://www.onetcenter.org/dictionary/30.3/excel/job_titles.html
2018,Urban Designer,Science,0.97,Very High,Urban and Regional Planners,19-3051.00,https://www.onetcenter.org/dictionary/30.3/excel/job_titles.html
2019,Utility Worker,Office & Administration,0.97,Very High,"Meter Readers, Utilities",43-5041.00,https://www.onetcenter.org/dictionary/30.3/excel/job_titles.html
2020,Vendor Manager,Management,0.97,Very High,Purchasing Managers,11-3061.00,https://www.onetcenter.org/dictionary/30.3/excel/job_titles.html
2021,Voice Engineer,"Software, IT & Data",0.97,Very High,Telecommunications Engineering Specialists,15-1241.01,https://www.onetcenter.org/dictionary/30.3/excel/job_titles.html
2022,Water Engineer,Manufacturing & Production,0.97,Very High,Water and Wastewater Treatment Plant and System Operators,51-8031.00,https://www.onetcenter.org/dictionary/30.3/excel/job_titles.html
2023,Water Operator,Manufacturing & Production,0.97,Very High,Water and Wastewater Treatment Plant and System Operators,51-8031.00,https://www.onetcenter.org/dictionary/30.3/excel/job_titles.html
2024,Wealth Advisor,Business & Finance,0.97,Very High,Personal Financial Advisors,13-2052.00,https://www.onetcenter.org/dictionary/30.3/excel/job_titles.html
2025,Wealth Manager,Management,0.97,Very High,Investment Fund Managers,11-3031.03,https://www.onetcenter.org/dictionary/30.3/excel/job_titles.html
2026,Weather Anchor,Science,0.97,Very High,Atmospheric and Space Scientists,19-2021.00,https://www.onetcenter.org/dictionary/30.3/excel/job_titles.html
2027,Wood Craftsman,Manufacturing & Production,0.97,Very High,"Model Makers, Wood",51-7031.00,https://www.onetcenter.org/dictionary/30.3/excel/job_titles.html
2028,Youth Advocate,Community & Social Services,0.97,Very High,Social and Human Service Assistants,21-1093.00,https://www.onetcenter.org/dictionary/30.3/excel/job_titles.html
2029,.NET Programmer,"Software, IT & Data",0.97,Very High,Computer Programmers,15-1251.00,https://www.onetcenter.org/dictionary/30.3/excel/job_titles.html
2030,Account Manager,Management,0.97,Very High,Sales Managers,11-2022.00,https://www.onetcenter.org/dictionary/30.3/excel/job_titles.html
2031,Account Planner,Sales,0.97,Very High,Advertising Sales Agents,41-3011.00,https://www.onetcenter.org/dictionary/30.3/excel/job_titles.html
2032,Adjunct Teacher,Education & Library,0.97,Very High,"Teachers and Instructors, All Other",25-3099.00,https://www.onetcenter.org/dictionary/30.3/excel/job_titles.html
2033,Admission Nurse,Healthcare,0.97,Very High,Acute Care Nurses,29-1141.01,https://www.onetcenter.org/dictionary/30.3/excel/job_titles.html
2034,Adventure Guide,Personal Care & Services,0.97,Very High,Tour Guides and Escorts,39-7011.00,https://www.onetcenter.org/dictionary/30.3/excel/job_titles.html
2035,Agency Operator,Transportation & Logistics,0.97,Very High,"First-Line Supervisors of Helpers, Laborers, and Material Movers, Hand",53-1042.00,https://www.onetcenter.org/dictionary/30.3/excel/job_titles.html
2036,Air Cargo Agent,Office & Administration,0.97,Very High,Freight Forwarders,43-5011.01,https://www.onetcenter.org/dictionary/30.3/excel/job_titles.html
2037,Alarm Installer,"Installation, Maintenance & Repair",0.97,Very High,Security and Fire Alarm Systems Installers,49-2098.00,https://www.onetcenter.org/dictionary/30.3/excel/job_titles.html
2038,Aluminum Welder,Manufacturing & Production,0.97,Very High,"Welding, Soldering, and Brazing Machine Setters, Operators, and Tenders",51-4122.00,https://www.onetcenter.org/dictionary/30.3/excel/job_titles.html
2039,Annuity Analyst,"Software, IT & Data",0.97,Very High,Actuaries,15-2011.00,https://www.onetcenter.org/dictionary/30.3/excel/job_titles.html
2040,Appeals Officer,Law,0.97,Very High,"Administrative Law Judges, Adjudicators, and Hearing Officers",23-1021.00,https://www.onetcenter.org/dictionary/30.3/excel/job_titles.html
2041,Area Supervisor,Management,0.97,Very High,Sales Managers,11-2022.00,https://www.onetcenter.org/dictionary/30.3/excel/job_titles.html
2042,Asphalt Foreman,Construction & Trades,0.97,Very High,Segmental Pavers,47-4091.00,https://www.onetcenter.org/dictionary/30.3/excel/job_titles.html
2043,Asphalt Laborer,Construction & Trades,0.97,Very High,Segmental Pavers,47-4091.00,https://www.onetcenter.org/dictionary/30.3/excel/job_titles.html
2044,Assembly Worker,Manufacturing & Production,0.97,Very High,Team Assemblers,51-2092.00,https://www.onetcenter.org/dictionary/30.3/excel/job_titles.html
2045,Audio Installer,"Arts, Media & Design",0.97,Very High,Audio and Video Technicians,27-4011.00,https://www.onetcenter.org/dictionary/30.3/excel/job_titles.html
2046,Auto Technician,"Installation, Maintenance & Repair",0.97,Very High,Automotive Glass Installers and Repairers,49-3022.00,https://www.onetcenter.org/dictionary/30.3/excel/job_titles.html
2047,AutoCAD Drafter,Engineering & Architecture,0.97,Very High,Mechanical Drafters,17-3013.00,https://www.onetcenter.org/dictionary/30.3/excel/job_titles.html
2048,Bathroom Fitter,Construction & Trades,0.97,Very High,Tile and Stone Setters,47-2044.00,https://www.onetcenter.org/dictionary/30.3/excel/job_titles.html
2049,Behavioral Aide,Healthcare Support,0.97,Very High,Psychiatric Aides,31-1133.00,https://www.onetcenter.org/dictionary/30.3/excel/job_titles.html
2050,Bench Scientist,Science,0.97,Very High,Chemists,19-2031.00,https://www.onetcenter.org/dictionary/30.3/excel/job_titles.html
2051,Bike Technician,"Installation, Maintenance & Repair",0.97,Very High,Motorcycle Mechanics,49-3052.00,https://www.onetcenter.org/dictionary/30.3/excel/job_titles.html
2052,Binder Operator,Manufacturing & Production,0.97,Very High,Print Binding and Finishing Workers,51-5113.00,https://www.onetcenter.org/dictionary/30.3/excel/job_titles.html
2053,Biostatistician,"Software, IT & Data",0.97,Very High,Biostatisticians,15-2041.01,https://www.onetcenter.org/dictionary/30.3/excel/job_titles.html
2054,Board Orthotist,Healthcare,0.97,Very High,Orthotists and Prosthetists,29-2091.00,https://www.onetcenter.org/dictionary/30.3/excel/job_titles.html
2055,Brokerage Agent,Office & Administration,0.97,Very High,Brokerage Clerks,43-4011.00,https://www.onetcenter.org/dictionary/30.3/excel/job_titles.html
2056,Bucket Operator,Cleaning & Grounds,0.97,Very High,Tree Trimmers and Pruners,37-3013.00,https://www.onetcenter.org/dictionary/30.3/excel/job_titles.html
2057,Business Broker,Office & Administration,0.97,Very High,Brokerage Clerks,43-4011.00,https://www.onetcenter.org/dictionary/30.3/excel/job_titles.html
2058,Cabin Attendant,Transportation & Logistics,0.97,Very High,Flight Attendants,53-2031.00,https://www.onetcenter.org/dictionary/30.3/excel/job_titles.html
2059,Cable Assembler,"Installation, Maintenance & Repair",0.97,Very High,Telecommunications Line Installers and Repairers,49-9052.00,https://www.onetcenter.org/dictionary/30.3/excel/job_titles.html
2060,Cable Installer,"Installation, Maintenance & Repair",0.97,Very High,Audiovisual Equipment Installers and Repairers,49-2097.00,https://www.onetcenter.org/dictionary/30.3/excel/job_titles.html
2061,Cage Supervisor,Personal Care & Services,0.97,Very High,First-Line Supervisors of Gambling Services Workers,39-1013.00,https://www.onetcenter.org/dictionary/30.3/excel/job_titles.html
2062,Camera Operator,"Arts, Media & Design",0.97,Very High,"Camera Operators, Television, Video, and Film",27-4031.00,https://www.onetcenter.org/dictionary/30.3/excel/job_titles.html
2063,Campus Director,Management,0.97,Very High,"Education Administrators, Postsecondary",11-9033.00,https://www.onetcenter.org/dictionary/30.3/excel/job_titles.html
2064,Cashier Stocker,Sales,0.97,Very High,Cashiers,41-2011.00,https://www.onetcenter.org/dictionary/30.3/excel/job_titles.html
2065,Casing Operator,Manufacturing & Production,0.97,Very High,Adhesive Bonding Machine Operators and Tenders,51-9191.00,https://www.onetcenter.org/dictionary/30.3/excel/job_titles.html
2066,Catering Driver,Transportation & Logistics,0.97,Very High,Driver/Sales Workers,53-3031.00,https://www.onetcenter.org/dictionary/30.3/excel/job_titles.html
2067,Certified Diver,"Installation, Maintenance & Repair",0.97,Very High,Commercial Divers,49-9092.00,https://www.onetcenter.org/dictionary/30.3/excel/job_titles.html
2068,Child Care Aide,Personal Care & Services,0.97,Very High,Nannies,39-9011.01,https://www.onetcenter.org/dictionary/30.3/excel/job_titles.html
2069,Civil Estimator,Business & Finance,0.97,Very High,Cost Estimators,13-1051.00,https://www.onetcenter.org/dictionary/30.3/excel/job_titles.html
2070,Claims Adjuster,Business & Finance,0.97,Very High,"Claims Adjusters, Examiners, and Investigators",13-1031.00,https://www.onetcenter.org/dictionary/30.3/excel/job_titles.html
2071,Claims Examiner,Business & Finance,0.97,Very High,"Claims Adjusters, Examiners, and Investigators",13-1031.00,https://www.onetcenter.org/dictionary/30.3/excel/job_titles.html
2072,Cleanup Monitor,Management,0.97,Very High,Brownfield Redevelopment Specialists and Site Managers,11-9199.11,https://www.onetcenter.org/dictionary/30.3/excel/job_titles.html
2073,Client Advocate,Community & Social Services,0.97,Very High,Healthcare Social Workers,21-1022.00,https://www.onetcenter.org/dictionary/30.3/excel/job_titles.html
2074,Climber Trimmer,Cleaning & Grounds,0.97,Very High,Tree Trimmers and Pruners,37-3013.00,https://www.onetcenter.org/dictionary/30.3/excel/job_titles.html
2075,Clinical Scribe,Healthcare Support,0.97,Very High,Medical Transcriptionists,31-9094.00,https://www.onetcenter.org/dictionary/30.3/excel/job_titles.html
2076,Clinical Writer,"Arts, Media & Design",0.97,Very High,Technical Writers,27-3042.00,https://www.onetcenter.org/dictionary/30.3/excel/job_titles.html
2077,Cloud Architect,"Software, IT & Data",0.97,Very High,Computer Systems Engineers/Architects,15-1299.08,https://www.onetcenter.org/dictionary/30.3/excel/job_titles.html
2078,Club Supervisor,Personal Care & Services,0.97,Very High,"First-Line Supervisors of Entertainment and Recreation Workers, Except Gambling Services",39-1014.00,https://www.onetcenter.org/dictionary/30.3/excel/job_titles.html
2079,Coater Operator,Manufacturing & Production,0.97,Very High,"Painting, Coating, and Decorating Workers",51-9123.00,https://www.onetcenter.org/dictionary/30.3/excel/job_titles.html
2080,Coding Educator,Education & Library,0.97,Very High,"Health Specialties Teachers, Postsecondary",25-1071.00,https://www.onetcenter.org/dictionary/30.3/excel/job_titles.html
2081,Commodity Buyer,Business & Finance,0.97,Very High,"Wholesale and Retail Buyers, Except Farm Products",13-1022.00,https://www.onetcenter.org/dictionary/30.3/excel/job_titles.html
2082,Concrete Buster,Construction & Trades,0.97,Very High,Reinforcing Iron and Rebar Workers,47-2171.00,https://www.onetcenter.org/dictionary/30.3/excel/job_titles.html
2083,Concrete Cutter,Construction & Trades,0.97,Very High,Cement Masons and Concrete Finishers,47-2051.00,https://www.onetcenter.org/dictionary/30.3/excel/job_titles.html
2084,Concrete Setter,Construction & Trades,0.97,Very High,Cement Masons and Concrete Finishers,47-2051.00,https://www.onetcenter.org/dictionary/30.3/excel/job_titles.html
2085,Concrete Worker,Construction & Trades,0.97,Very High,Reinforcing Iron and Rebar Workers,47-2171.00,https://www.onetcenter.org/dictionary/30.3/excel/job_titles.html
2086,Content Analyst,Office & Administration,0.97,Very High,Proofreaders and Copy Markers,43-9081.00,https://www.onetcenter.org/dictionary/30.3/excel/job_titles.html
2087,Content Creator,"Software, IT & Data",0.97,Very High,Video Game Designers,15-1255.01,https://www.onetcenter.org/dictionary/30.3/excel/job_titles.html
2088,Content Curator,Education & Library,0.97,Very High,Curators,25-4012.00,https://www.onetcenter.org/dictionary/30.3/excel/job_titles.html
2089,Control Officer,Public Safety,0.97,Very High,Animal Control Workers,33-9011.00,https://www.onetcenter.org/dictionary/30.3/excel/job_titles.html
2090,Costume Dresser,Personal Care & Services,0.97,Very High,Costume Attendants,39-3092.00,https://www.onetcenter.org/dictionary/30.3/excel/job_titles.html
2091,Crop Applicator,Cleaning & Grounds,0.97,Very High,"Pesticide Handlers, Sprayers, and Applicators, Vegetation",37-3012.00,https://www.onetcenter.org/dictionary/30.3/excel/job_titles.html
2092,Crop Specialist,Science,0.97,Very High,Precision Agriculture Technicians,19-4012.01,https://www.onetcenter.org/dictionary/30.3/excel/job_titles.html
2093,Customs Analyst,Business & Finance,0.97,Very High,Customs Brokers,13-1041.08,https://www.onetcenter.org/dictionary/30.3/excel/job_titles.html
2094,Data Abstractor,Law,0.97,Very High,"Title Examiners, Abstractors, and Searchers",23-2093.00,https://www.onetcenter.org/dictionary/30.3/excel/job_titles.html
2095,Data Journalist,"Arts, Media & Design",0.97,Very High,"News Analysts, Reporters, and Journalists",27-3023.00,https://www.onetcenter.org/dictionary/30.3/excel/job_titles.html
2096,Data Specialist,"Software, IT & Data",0.97,Very High,Data Warehousing Specialists,15-1243.01,https://www.onetcenter.org/dictionary/30.3/excel/job_titles.html
2097,Data Technician,"Software, IT & Data",0.97,Very High,Bioinformatics Technicians,15-2099.01,https://www.onetcenter.org/dictionary/30.3/excel/job_titles.html
2098,Daycare Teacher,Education & Library,0.97,Very High,"Preschool Teachers, Except Special Education",25-2011.00,https://www.onetcenter.org/dictionary/30.3/excel/job_titles.html
2099,Deburr Finisher,Manufacturing & Production,0.97,Very High,"Grinding and Polishing Workers, Hand",51-9022.00,https://www.onetcenter.org/dictionary/30.3/excel/job_titles.html
2100,Deburr Operator,Manufacturing & Production,0.97,Very High,"Grinding, Lapping, Polishing, and Buffing Machine Tool Setters, Operators, and Tenders, Metal and Plastic",51-4033.00,https://www.onetcenter.org/dictionary/30.3/excel/job_titles.html
2101,Defense Analyst,Public Safety,0.97,Very High,Intelligence Analysts,33-3021.06,https://www.onetcenter.org/dictionary/30.3/excel/job_titles.html
2102,Delivery Expert,Transportation & Logistics,0.97,Very High,Driver/Sales Workers,53-3031.00,https://www.onetcenter.org/dictionary/30.3/excel/job_titles.html
2103,Device Engineer,Engineering & Architecture,0.97,Very High,Microsystems Engineers,17-2199.06,https://www.onetcenter.org/dictionary/30.3/excel/job_titles.html
2104,Diamond Heister,Manufacturing & Production,0.97,Very High,Gem and Diamond Workers,51-9071.06,https://www.onetcenter.org/dictionary/30.3/excel/job_titles.html
2105,Dock Technician,"Installation, Maintenance & Repair",0.97,Very High,Mechanical Door Repairers,49-9011.00,https://www.onetcenter.org/dictionary/30.3/excel/job_titles.html
2106,Documents Clerk,Office & Administration,0.97,Very High,File Clerks,43-4071.00,https://www.onetcenter.org/dictionary/30.3/excel/job_titles.html
2107,Door Technician,"Installation, Maintenance & Repair",0.97,Very High,Mechanical Door Repairers,49-9011.00,https://www.onetcenter.org/dictionary/30.3/excel/job_titles.html
2108,Drywall Carrier,Construction & Trades,0.97,Very High,Drywall and Ceiling Tile Installers,47-2081.00,https://www.onetcenter.org/dictionary/30.3/excel/job_titles.html
2109,Echo Technician,Healthcare,0.97,Very High,Cardiovascular Technologists and Technicians,29-2031.00,https://www.onetcenter.org/dictionary/30.3/excel/job_titles.html
2110,Electric Winder,"Installation, Maintenance & Repair",0.97,Very High,"Electric Motor, Power Tool, and Related Repairers",49-2092.00,https://www.onetcenter.org/dictionary/30.3/excel/job_titles.html
2111,Elevator Worker,Construction & Trades,0.97,Very High,Elevator and Escalator Installers and Repairers,47-4021.00,https://www.onetcenter.org/dictionary/30.3/excel/job_titles.html
2112,Endocrinologist,Healthcare,0.97,Very High,General Internal Medicine Physicians,29-1216.00,https://www.onetcenter.org/dictionary/30.3/excel/job_titles.html
2113,Energy Director,Management,0.97,Very High,Wind Energy Development Managers,11-9199.10,https://www.onetcenter.org/dictionary/30.3/excel/job_titles.html
2114,Energy Engineer,Engineering & Architecture,0.97,Very High,"Energy Engineers, Except Wind and Solar",17-2199.03,https://www.onetcenter.org/dictionary/30.3/excel/job_titles.html
2115,English Adjunct,Education & Library,0.97,Very High,"English Language and Literature Teachers, Postsecondary",25-1123.00,https://www.onetcenter.org/dictionary/30.3/excel/job_titles.html
2116,English Teacher,Education & Library,0.97,Very High,"Middle School Teachers, Except Special and Career/Technical Education",25-2022.00,https://www.onetcenter.org/dictionary/30.3/excel/job_titles.html
2117,Epoxy Installer,Construction & Trades,0.97,Very High,"Floor Layers, Except Carpet, Wood, and Hard Tiles",47-2042.00,https://www.onetcenter.org/dictionary/30.3/excel/job_titles.html
2118,Event Attendant,Personal Care & Services,0.97,Very High,"Ushers, Lobby Attendants, and Ticket Takers",39-3031.00,https://www.onetcenter.org/dictionary/30.3/excel/job_titles.html
2119,Event Bartender,Food & Hospitality,0.97,Very High,Bartenders,35-3011.00,https://www.onetcenter.org/dictionary/30.3/excel/job_titles.html
2120,Event Concierge,Personal Care & Services,0.97,Very High,Concierges,39-6012.00,https://www.onetcenter.org/dictionary/30.3/excel/job_titles.html
2121,Event Decorator,"Arts, Media & Design",0.97,Very High,Set and Exhibit Designers,27-1027.00,https://www.onetcenter.org/dictionary/30.3/excel/job_titles.html
2122,Eyecare Advisor,Healthcare,0.97,Very High,Ophthalmic Medical Technicians,29-2057.00,https://www.onetcenter.org/dictionary/30.3/excel/job_titles.html
2123,Failure Analyst,Engineering & Architecture,0.97,Very High,Validation Engineers,17-2112.02,https://www.onetcenter.org/dictionary/30.3/excel/job_titles.html
2124,Family Advocate,Community & Social Services,0.97,Very High,"Child, Family, and School Social Workers",21-1021.00,https://www.onetcenter.org/dictionary/30.3/excel/job_titles.html
2125,Farm Instructor,Education & Library,0.97,Very High,"Agricultural Sciences Teachers, Postsecondary",25-1041.00,https://www.onetcenter.org/dictionary/30.3/excel/job_titles.html
2126,Farm Specialist,Business & Finance,0.97,Very High,"Buyers and Purchasing Agents, Farm Products",13-1021.00,https://www.onetcenter.org/dictionary/30.3/excel/job_titles.html
2127,Fence Repairman,Construction & Trades,0.97,Very High,Fence Erectors,47-4031.00,https://www.onetcenter.org/dictionary/30.3/excel/job_titles.html
2128,Field Biologist,Science,0.97,Very High,Biologists,19-1029.04,https://www.onetcenter.org/dictionary/30.3/excel/job_titles.html
2129,Field Canvasser,Sales,0.97,Very High,"Door-to-Door Sales Workers, News and Street Vendors, and Related Workers",41-9091.00,https://www.onetcenter.org/dictionary/30.3/excel/job_titles.html
2130,Field Collector,Science,0.97,Very High,Survey Researchers,19-3022.00,https://www.onetcenter.org/dictionary/30.3/excel/job_titles.html
2131,Field Geologist,Science,0.97,Very High,"Geoscientists, Except Hydrologists and Geographers",19-2042.00,https://www.onetcenter.org/dictionary/30.3/excel/job_titles.html
2132,Field Inspector,Engineering & Architecture,0.97,Very High,Surveyors,17-1022.00,https://www.onetcenter.org/dictionary/30.3/excel/job_titles.html
2133,Field Installer,Construction & Trades,0.97,Very High,Sheet Metal Workers,47-2211.00,https://www.onetcenter.org/dictionary/30.3/excel/job_titles.html
2134,Finance Analyst,Business & Finance,0.97,Very High,Financial Quantitative Analysts,13-2099.01,https://www.onetcenter.org/dictionary/30.3/excel/job_titles.html
2135,Finance Manager,Management,0.97,Very High,Financial Managers,11-3031.00,https://www.onetcenter.org/dictionary/30.3/excel/job_titles.html
2136,Fitness Manager,Management,0.97,Very High,Fitness and Wellness Coordinators,11-9179.01,https://www.onetcenter.org/dictionary/30.3/excel/job_titles.html
2137,Flight Follower,Transportation & Logistics,0.97,Very High,Airfield Operations Specialists,53-2022.00,https://www.onetcenter.org/dictionary/30.3/excel/job_titles.html
2138,Floor Installer,Construction & Trades,0.97,Very High,"Floor Layers, Except Carpet, Wood, and Hard Tiles",47-2042.00,https://www.onetcenter.org/dictionary/30.3/excel/job_titles.html
2139,Floral Designer,"Arts, Media & Design",0.97,Very High,Floral Designers,27-1023.00,https://www.onetcenter.org/dictionary/30.3/excel/job_titles.html
2140,Flower Designer,"Arts, Media & Design",0.97,Very High,Floral Designers,27-1023.00,https://www.onetcenter.org/dictionary/30.3/excel/job_titles.html
2141,Forestry Worker,"Agriculture, Fishing & Forestry",0.97,Very High,Forest and Conservation Workers,45-4011.00,https://www.onetcenter.org/dictionary/30.3/excel/job_titles.html
2142,Frame Carpenter,Manufacturing & Production,0.97,Very High,Cabinetmakers and Bench Carpenters,51-7011.00,https://www.onetcenter.org/dictionary/30.3/excel/job_titles.html
2143,Freezer Manager,Manufacturing & Production,0.97,Very High,Cooling and Freezing Equipment Operators and Tenders,51-9193.00,https://www.onetcenter.org/dictionary/30.3/excel/job_titles.html
2144,Freight Analyst,Office & Administration,0.97,Very High,Freight Forwarders,43-5011.01,https://www.onetcenter.org/dictionary/30.3/excel/job_titles.html
2145,Freight Handler,Office & Administration,0.97,Very High,"Shipping, Receiving, and Inventory Clerks",43-5071.00,https://www.onetcenter.org/dictionary/30.3/excel/job_titles.html
2146,Front Desk Host,Food & Hospitality,0.97,Very High,"Hosts and Hostesses, Restaurant, Lounge, and Coffee Shop",35-9031.00,https://www.onetcenter.org/dictionary/30.3/excel/job_titles.html
2147,Furniture Maker,Manufacturing & Production,0.97,Very High,Furniture Finishers,51-7021.00,https://www.onetcenter.org/dictionary/30.3/excel/job_titles.html
2148,Gas Well Pumper,Transportation & Logistics,0.97,Very High,Wellhead Pumpers,53-7073.00,https://www.onetcenter.org/dictionary/30.3/excel/job_titles.html
2149,Gate Technician,"Installation, Maintenance & Repair",0.97,Very High,Signal and Track Switch Repairers,49-9097.00,https://www.onetcenter.org/dictionary/30.3/excel/job_titles.html
2150,Gather Operator,Construction & Trades,0.97,Very High,"Service Unit Operators, Oil and Gas",47-5013.00,https://www.onetcenter.org/dictionary/30.3/excel/job_titles.html
2151,Gear Technician,"Installation, Maintenance & Repair",0.97,Very High,"Electrical and Electronics Repairers, Commercial and Industrial Equipment",49-2094.00,https://www.onetcenter.org/dictionary/30.3/excel/job_titles.html
2152,General Cleaner,Cleaning & Grounds,0.97,Very High,"Janitors and Cleaners, Except Maids and Housekeeping Cleaners",37-2011.00,https://www.onetcenter.org/dictionary/30.3/excel/job_titles.html
2153,General Foreman,Construction & Trades,0.97,Very High,First-Line Supervisors of Construction Trades and Extraction Workers,47-1011.00,https://www.onetcenter.org/dictionary/30.3/excel/job_titles.html
2154,General Laborer,Construction & Trades,0.97,Very High,Construction Laborers,47-2061.00,https://www.onetcenter.org/dictionary/30.3/excel/job_titles.html
2155,General Surgeon,Healthcare,0.97,Very High,Pediatric Surgeons,29-1243.00,https://www.onetcenter.org/dictionary/30.3/excel/job_titles.html
2156,Grill Line Cook,Food & Hospitality,0.97,Very High,"Cooks, Fast Food",35-2011.00,https://www.onetcenter.org/dictionary/30.3/excel/job_titles.html
2157,Health Advocate,Community & Social Services,0.97,Very High,Community Health Workers,21-1094.00,https://www.onetcenter.org/dictionary/30.3/excel/job_titles.html
2158,Health Screener,Community & Social Services,0.97,Very High,Health Education Specialists,21-1091.00,https://www.onetcenter.org/dictionary/30.3/excel/job_titles.html
2159,Histotechnician,Healthcare,0.97,Very High,Histotechnologists,29-2011.04,https://www.onetcenter.org/dictionary/30.3/excel/job_titles.html
2160,House Attendant,Cleaning & Grounds,0.97,Very High,Maids and Housekeeping Cleaners,37-2012.00,https://www.onetcenter.org/dictionary/30.3/excel/job_titles.html
2161,Hydrotechnician,Management,0.97,Very High,Water Resource Specialists,11-9121.02,https://www.onetcenter.org/dictionary/30.3/excel/job_titles.html
2162,Image Scientist,Science,0.97,Very High,Remote Sensing Technicians,19-4099.03,https://www.onetcenter.org/dictionary/30.3/excel/job_titles.html
2163,Imagery Analyst,Science,0.97,Very High,Remote Sensing Technicians,19-4099.03,https://www.onetcenter.org/dictionary/30.3/excel/job_titles.html
2164,Inpatient Coder,Healthcare,0.97,Very High,Medical Records Specialists,29-2072.00,https://www.onetcenter.org/dictionary/30.3/excel/job_titles.html
2165,Interventionist,Community & Social Services,0.97,Very High,"Child, Family, and School Social Workers",21-1021.00,https://www.onetcenter.org/dictionary/30.3/excel/job_titles.html
2166,Inventory Clerk,Office & Administration,0.97,Very High,"Shipping, Receiving, and Inventory Clerks",43-5071.00,https://www.onetcenter.org/dictionary/30.3/excel/job_titles.html
2167,Jewelry Advisor,"Arts, Media & Design",0.97,Very High,Fashion Designers,27-1022.00,https://www.onetcenter.org/dictionary/30.3/excel/job_titles.html
2168,Jewish Educator,Education & Library,0.97,Very High,"Philosophy and Religion Teachers, Postsecondary",25-1126.00,https://www.onetcenter.org/dictionary/30.3/excel/job_titles.html
2169,Kettle Operator,Manufacturing & Production,0.97,Very High,"Furnace, Kiln, Oven, Drier, and Kettle Operators and Tenders",51-9051.00,https://www.onetcenter.org/dictionary/30.3/excel/job_titles.html
2170,Keyboard Player,"Arts, Media & Design",0.97,Very High,Musicians and Singers,27-2042.00,https://www.onetcenter.org/dictionary/30.3/excel/job_titles.html
2171,Kitchen Manager,Management,0.97,Very High,Food Service Managers,11-9051.00,https://www.onetcenter.org/dictionary/30.3/excel/job_titles.html
2172,Kitchen Steward,Food & Hospitality,0.97,Very High,Food Preparation Workers,35-2021.00,https://www.onetcenter.org/dictionary/30.3/excel/job_titles.html
2173,Labor Organizer,Business & Finance,0.97,Very High,Labor Relations Specialists,13-1075.00,https://www.onetcenter.org/dictionary/30.3/excel/job_titles.html
2174,Lawn Specialist,Cleaning & Grounds,0.97,Very High,"Pesticide Handlers, Sprayers, and Applicators, Vegetation",37-3012.00,https://www.onetcenter.org/dictionary/30.3/excel/job_titles.html
2175,Leasing Manager,Management,0.97,Very High,"Property, Real Estate, and Community Association Managers",11-9141.00,https://www.onetcenter.org/dictionary/30.3/excel/job_titles.html
2176,Leather Artisan,Manufacturing & Production,0.97,Very High,Shoe and Leather Workers and Repairers,51-6041.00,https://www.onetcenter.org/dictionary/30.3/excel/job_titles.html
2177,Legal Secretary,Office & Administration,0.97,Very High,Legal Secretaries and Administrative Assistants,43-6012.00,https://www.onetcenter.org/dictionary/30.3/excel/job_titles.html
2178,Licensed Barber,Personal Care & Services,0.97,Very High,Barbers,39-5011.00,https://www.onetcenter.org/dictionary/30.3/excel/job_titles.html
2179,Light Assembler,Manufacturing & Production,0.97,Very High,"Aircraft Structure, Surfaces, Rigging, and Systems Assemblers",51-2011.00,https://www.onetcenter.org/dictionary/30.3/excel/job_titles.html
2180,Line Technician,Office & Administration,0.97,Very High,"Switchboard Operators, Including Answering Service",43-2011.00,https://www.onetcenter.org/dictionary/30.3/excel/job_titles.html
2181,Loader Operator,Construction & Trades,0.97,Very High,Continuous Mining Machine Operators,47-5041.00,https://www.onetcenter.org/dictionary/30.3/excel/job_titles.html
2182,Loan Consultant,Business & Finance,0.97,Very High,Loan Officers,13-2072.00,https://www.onetcenter.org/dictionary/30.3/excel/job_titles.html
2183,Loan Specialist,Sales,0.97,Very High,Real Estate Brokers,41-9021.00,https://www.onetcenter.org/dictionary/30.3/excel/job_titles.html
2184,Loan Technician,Education & Library,0.97,Very High,Library Technicians,25-4031.00,https://www.onetcenter.org/dictionary/30.3/excel/job_titles.html
2185,Lobby Attendant,Office & Administration,0.97,Very High,"Hotel, Motel, and Resort Desk Clerks",43-4081.00,https://www.onetcenter.org/dictionary/30.3/excel/job_titles.html
2186,Logistics Clerk,Business & Finance,0.97,Very High,Logisticians,13-1081.00,https://www.onetcenter.org/dictionary/30.3/excel/job_titles.html
2187,Looper Operator,Manufacturing & Production,0.97,Very High,"Textile Knitting and Weaving Machine Setters, Operators, and Tenders",51-6063.00,https://www.onetcenter.org/dictionary/30.3/excel/job_titles.html
2188,Lube Technician,"Installation, Maintenance & Repair",0.97,Very High,Motorcycle Mechanics,49-3052.00,https://www.onetcenter.org/dictionary/30.3/excel/job_titles.html
2189,Machine Knitter,Manufacturing & Production,0.97,Very High,"Textile Knitting and Weaving Machine Setters, Operators, and Tenders",51-6063.00,https://www.onetcenter.org/dictionary/30.3/excel/job_titles.html
2190,Marine Engineer,Engineering & Architecture,0.97,Very High,Marine Engineers and Naval Architects,17-2121.00,https://www.onetcenter.org/dictionary/30.3/excel/job_titles.html
2191,Marine Surveyor,Engineering & Architecture,0.97,Very High,Surveying and Mapping Technicians,17-3031.00,https://www.onetcenter.org/dictionary/30.3/excel/job_titles.html
2192,Mason Plasterer,Construction & Trades,0.97,Very High,Plasterers and Stucco Masons,47-2161.00,https://www.onetcenter.org/dictionary/30.3/excel/job_titles.html
2193,Masonry Laborer,Construction & Trades,0.97,Very High,Brickmasons and Blockmasons,47-2021.00,https://www.onetcenter.org/dictionary/30.3/excel/job_titles.html
2194,Matrix Operator,Manufacturing & Production,0.97,Very High,"Plating Machine Setters, Operators, and Tenders, Metal and Plastic",51-4193.00,https://www.onetcenter.org/dictionary/30.3/excel/job_titles.html
2195,Meeting Manager,Business & Finance,0.97,Very High,"Meeting, Convention, and Event Planners",13-1121.00,https://www.onetcenter.org/dictionary/30.3/excel/job_titles.html
2196,Meter Craftsman,"Installation, Maintenance & Repair",0.97,Very High,"Electrical and Electronics Repairers, Powerhouse, Substation, and Relay",49-2095.00,https://www.onetcenter.org/dictionary/30.3/excel/job_titles.html
2197,Mixing Operator,"Arts, Media & Design",0.97,Very High,Sound Engineering Technicians,27-4014.00,https://www.onetcenter.org/dictionary/30.3/excel/job_titles.html
2198,Mobile Engineer,Engineering & Architecture,0.97,Very High,Microsystems Engineers,17-2199.06,https://www.onetcenter.org/dictionary/30.3/excel/job_titles.html
2199,Mobile Mechanic,"Installation, Maintenance & Repair",0.97,Very High,"Mobile Heavy Equipment Mechanics, Except Engines",49-3042.00,https://www.onetcenter.org/dictionary/30.3/excel/job_titles.html
2200,Mold Technician,Manufacturing & Production,0.97,Very High,Tire Builders,51-9197.00,https://www.onetcenter.org/dictionary/30.3/excel/job_titles.html
2201,Mortgage Closer,Business & Finance,0.97,Very High,Loan Officers,13-2072.00,https://www.onetcenter.org/dictionary/30.3/excel/job_titles.html
2202,Motion Designer,"Software, IT & Data",0.97,Very High,Video Game Designers,15-1255.01,https://www.onetcenter.org/dictionary/30.3/excel/job_titles.html
2203,Municipal Judge,Law,0.97,Very High,"Judges, Magistrate Judges, and Magistrates",23-1023.00,https://www.onetcenter.org/dictionary/30.3/excel/job_titles.html
2204,Music Therapist,Healthcare,0.97,Very High,Music Therapists,29-1129.02,https://www.onetcenter.org/dictionary/30.3/excel/job_titles.html
2205,Naval Architect,Engineering & Architecture,0.97,Very High,Marine Engineers and Naval Architects,17-2121.00,https://www.onetcenter.org/dictionary/30.3/excel/job_titles.html
2206,Network Manager,"Software, IT & Data",0.97,Very High,Network and Computer Systems Administrators,15-1244.00,https://www.onetcenter.org/dictionary/30.3/excel/job_titles.html
2207,Night Concierge,Personal Care & Services,0.97,Very High,Concierges,39-6012.00,https://www.onetcenter.org/dictionary/30.3/excel/job_titles.html
2208,Nuclear Officer,Engineering & Architecture,0.97,Very High,Nuclear Engineers,17-2161.00,https://www.onetcenter.org/dictionary/30.3/excel/job_titles.html
2209,Nurse Navigator,Community & Social Services,0.97,Very High,Community Health Workers,21-1094.00,https://www.onetcenter.org/dictionary/30.3/excel/job_titles.html
2210,Nutrition Clerk,Healthcare,0.97,Very High,Dietetic Technicians,29-2051.00,https://www.onetcenter.org/dictionary/30.3/excel/job_titles.html
2211,Operator Helper,Manufacturing & Production,0.97,Very High,Helpers--Production Workers,51-9198.00,https://www.onetcenter.org/dictionary/30.3/excel/job_titles.html
2212,Ophthalmologist,Healthcare,0.97,Very High,"Ophthalmologists, Except Pediatric",29-1241.00,https://www.onetcenter.org/dictionary/30.3/excel/job_titles.html
2213,Order Processor,Office & Administration,0.97,Very High,Order Clerks,43-4151.00,https://www.onetcenter.org/dictionary/30.3/excel/job_titles.html
2214,Orthotic Fitter,Healthcare,0.97,Very High,Orthotists and Prosthetists,29-2091.00,https://www.onetcenter.org/dictionary/30.3/excel/job_titles.html
2215,Outpatient Aide,Healthcare Support,0.97,Very High,Physical Therapist Aides,31-2022.00,https://www.onetcenter.org/dictionary/30.3/excel/job_titles.html
2216,Pallet Repairer,"Installation, Maintenance & Repair",0.97,Very High,Watch and Clock Repairers,49-9064.00,https://www.onetcenter.org/dictionary/30.3/excel/job_titles.html
2217,Parent Educator,Community & Social Services,0.97,Very High,"Child, Family, and School Social Workers",21-1021.00,https://www.onetcenter.org/dictionary/30.3/excel/job_titles.html
2218,Park Ambassador,Personal Care & Services,0.97,Very High,Tour Guides and Escorts,39-7011.00,https://www.onetcenter.org/dictionary/30.3/excel/job_titles.html
2219,Park Specialist,Science,0.97,Very High,Park Naturalists,19-1031.03,https://www.onetcenter.org/dictionary/30.3/excel/job_titles.html
2220,Park Supervisor,Cleaning & Grounds,0.97,Very High,"First-Line Supervisors of Landscaping, Lawn Service, and Groundskeeping Workers",37-1012.00,https://www.onetcenter.org/dictionary/30.3/excel/job_titles.html
2221,Parking Manager,Public Safety,0.97,Very High,Parking Enforcement Workers,33-3041.00,https://www.onetcenter.org/dictionary/30.3/excel/job_titles.html
2222,Parking Officer,Public Safety,0.97,Very High,Parking Enforcement Workers,33-3041.00,https://www.onetcenter.org/dictionary/30.3/excel/job_titles.html
2223,Parts Processor,Manufacturing & Production,0.97,Very High,"Heat Treating Equipment Setters, Operators, and Tenders, Metal and Plastic",51-4191.00,https://www.onetcenter.org/dictionary/30.3/excel/job_titles.html
2224,Patent Engineer,Engineering & Architecture,0.97,Very High,Microsystems Engineers,17-2199.06,https://www.onetcenter.org/dictionary/30.3/excel/job_titles.html
2225,Paving Operator,Construction & Trades,0.97,Very High,"Paving, Surfacing, and Tamping Equipment Operators",47-2071.00,https://www.onetcenter.org/dictionary/30.3/excel/job_titles.html
2226,Payroll Analyst,Office & Administration,0.97,Very High,Payroll and Timekeeping Clerks,43-3051.00,https://www.onetcenter.org/dictionary/30.3/excel/job_titles.html
2227,Payroll Manager,Management,0.97,Very High,Compensation and Benefits Managers,11-3111.00,https://www.onetcenter.org/dictionary/30.3/excel/job_titles.html
2228,Personal Banker,Office & Administration,0.97,Very High,Tellers,43-3071.00,https://www.onetcenter.org/dictionary/30.3/excel/job_titles.html
2229,Pest Technician,Cleaning & Grounds,0.97,Very High,Pest Control Workers,37-2021.00,https://www.onetcenter.org/dictionary/30.3/excel/job_titles.html
2230,Picker Operator,Transportation & Logistics,0.97,Very High,Crane and Tower Operators,53-7021.00,https://www.onetcenter.org/dictionary/30.3/excel/job_titles.html
2231,Piping Designer,Engineering & Architecture,0.97,Very High,Mechanical Drafters,17-3013.00,https://www.onetcenter.org/dictionary/30.3/excel/job_titles.html
2232,Plant Inspector,"Agriculture, Fishing & Forestry",0.97,Very High,Agricultural Inspectors,45-2011.00,https://www.onetcenter.org/dictionary/30.3/excel/job_titles.html
2233,Plasma Operator,Manufacturing & Production,0.97,Very High,"Woodworking Machine Setters, Operators, and Tenders, Except Sawing",51-7042.00,https://www.onetcenter.org/dictionary/30.3/excel/job_titles.html
2234,Plastic Modeler,Manufacturing & Production,0.97,Very High,"Model Makers, Metal and Plastic",51-4061.00,https://www.onetcenter.org/dictionary/30.3/excel/job_titles.html
2235,Plumbing Helper,Construction & Trades,0.97,Very High,"Helpers--Pipelayers, Plumbers, Pipefitters, and Steamfitters",47-3015.00,https://www.onetcenter.org/dictionary/30.3/excel/job_titles.html
2236,Pool Supervisor,Public Safety,0.97,Very High,"Lifeguards, Ski Patrol, and Other Recreational Protective Service Workers",33-9092.00,https://www.onetcenter.org/dictionary/30.3/excel/job_titles.html
2237,Preservationist,Science,0.97,Very High,Range Managers,19-1031.02,https://www.onetcenter.org/dictionary/30.3/excel/job_titles.html
2238,Pressure Washer,Construction & Trades,0.97,Very High,"Helpers--Painters, Paperhangers, Plasterers, and Stucco Masons",47-3014.00,https://www.onetcenter.org/dictionary/30.3/excel/job_titles.html
2239,Product Builder,Manufacturing & Production,0.97,Very High,"Model Makers, Metal and Plastic",51-4061.00,https://www.onetcenter.org/dictionary/30.3/excel/job_titles.html
2240,Product Manager,Management,0.97,Very High,Marketing Managers,11-2021.00,https://www.onetcenter.org/dictionary/30.3/excel/job_titles.html
2241,Program Analyst,Business & Finance,0.97,Very High,Management Analysts,13-1111.00,https://www.onetcenter.org/dictionary/30.3/excel/job_titles.html
2242,Program Manager,Management,0.97,Very High,Fundraising Managers,11-2033.00,https://www.onetcenter.org/dictionary/30.3/excel/job_titles.html
2243,Property Broker,Sales,0.97,Very High,Real Estate Brokers,41-9021.00,https://www.onetcenter.org/dictionary/30.3/excel/job_titles.html
2244,Proposal Writer,"Arts, Media & Design",0.97,Very High,Technical Writers,27-3042.00,https://www.onetcenter.org/dictionary/30.3/excel/job_titles.html
2245,Pump Technician,"Installation, Maintenance & Repair",0.97,Very High,Geothermal Technicians,49-9099.01,https://www.onetcenter.org/dictionary/30.3/excel/job_titles.html
2246,Quality Analyst,Science,0.97,Very High,Quality Control Analysts,19-4099.01,https://www.onetcenter.org/dictionary/30.3/excel/job_titles.html
2247,Quality Auditor,Science,0.97,Very High,Quality Control Analysts,19-4099.01,https://www.onetcenter.org/dictionary/30.3/excel/job_titles.html
2248,Quality Manager,Management,0.97,Very High,Industrial Production Managers,11-3051.00,https://www.onetcenter.org/dictionary/30.3/excel/job_titles.html
2249,Rail Specialist,"Installation, Maintenance & Repair",0.97,Very High,Rail Car Repairers,49-3043.00,https://www.onetcenter.org/dictionary/30.3/excel/job_titles.html
2250,Railroad Police,Public Safety,0.97,Very High,Transit and Railroad Police,33-3052.00,https://www.onetcenter.org/dictionary/30.3/excel/job_titles.html
2251,Rebar Rodbuster,Construction & Trades,0.97,Very High,Reinforcing Iron and Rebar Workers,47-2171.00,https://www.onetcenter.org/dictionary/30.3/excel/job_titles.html
2252,Records Analyst,Office & Administration,0.97,Very High,File Clerks,43-4071.00,https://www.onetcenter.org/dictionary/30.3/excel/job_titles.html
2253,Records Manager,"Software, IT & Data",0.97,Very High,Health Informatics Specialists,15-1211.01,https://www.onetcenter.org/dictionary/30.3/excel/job_titles.html
2254,Recreation Aide,Public Safety,0.97,Very High,"Lifeguards, Ski Patrol, and Other Recreational Protective Service Workers",33-9092.00,https://www.onetcenter.org/dictionary/30.3/excel/job_titles.html
2255,Regional Driver,Transportation & Logistics,0.97,Very High,Heavy and Tractor-Trailer Truck Drivers,53-3032.00,https://www.onetcenter.org/dictionary/30.3/excel/job_titles.html
2256,Relay Craftsman,"Installation, Maintenance & Repair",0.97,Very High,"Electrical and Electronics Repairers, Powerhouse, Substation, and Relay",49-2095.00,https://www.onetcenter.org/dictionary/30.3/excel/job_titles.html
2257,Release Manager,"Software, IT & Data",0.97,Very High,Information Technology Project Managers,15-1299.09,https://www.onetcenter.org/dictionary/30.3/excel/job_titles.html
2258,Reports Analyst,"Software, IT & Data",0.97,Very High,Business Intelligence Analysts,15-2051.01,https://www.onetcenter.org/dictionary/30.3/excel/job_titles.html
2259,Resident Artist,"Arts, Media & Design",0.97,Very High,"Fine Artists, Including Painters, Sculptors, and Illustrators",27-1013.00,https://www.onetcenter.org/dictionary/30.3/excel/job_titles.html
2260,Restaurant Chef,Food & Hospitality,0.97,Very High,Chefs and Head Cooks,35-1011.00,https://www.onetcenter.org/dictionary/30.3/excel/job_titles.html
2261,Restaurant Cook,Food & Hospitality,0.97,Very High,"Cooks, Restaurant",35-2014.00,https://www.onetcenter.org/dictionary/30.3/excel/job_titles.html
2262,Restaurant Host,Food & Hospitality,0.97,Very High,"Hosts and Hostesses, Restaurant, Lounge, and Coffee Shop",35-9031.00,https://www.onetcenter.org/dictionary/30.3/excel/job_titles.html
2263,Revenue Manager,Management,0.97,Very High,Lodging Managers,11-9081.00,https://www.onetcenter.org/dictionary/30.3/excel/job_titles.html
2264,Rework Operator,Manufacturing & Production,0.97,Very High,Etchers and Engravers,51-9194.00,https://www.onetcenter.org/dictionary/30.3/excel/job_titles.html
2265,Roofing Laborer,Construction & Trades,0.97,Very High,Terrazzo Workers and Finishers,47-2053.00,https://www.onetcenter.org/dictionary/30.3/excel/job_titles.html
2266,Salad Bar Clerk,Food & Hospitality,0.97,Very High,Food Preparation Workers,35-2021.00,https://www.onetcenter.org/dictionary/30.3/excel/job_titles.html
2267,Sales Counselor,Sales,0.97,Very High,First-Line Supervisors of Non-Retail Sales Workers,41-1012.00,https://www.onetcenter.org/dictionary/30.3/excel/job_titles.html
2268,Sales Inspector,"Agriculture, Fishing & Forestry",0.97,Very High,"Graders and Sorters, Agricultural Products",45-2041.00,https://www.onetcenter.org/dictionary/30.3/excel/job_titles.html
2269,School Director,Management,0.97,Very High,"Education and Childcare Administrators, Preschool and Daycare",11-9031.00,https://www.onetcenter.org/dictionary/30.3/excel/job_titles.html
2270,Segmental Paver,Construction & Trades,0.97,Very High,Segmental Pavers,47-4091.00,https://www.onetcenter.org/dictionary/30.3/excel/job_titles.html
2271,Server Engineer,"Software, IT & Data",0.97,Very High,Computer Network Architects,15-1241.00,https://www.onetcenter.org/dictionary/30.3/excel/job_titles.html
2272,Set Up Mechanic,Manufacturing & Production,0.97,Very High,"Woodworking Machine Setters, Operators, and Tenders, Except Sawing",51-7042.00,https://www.onetcenter.org/dictionary/30.3/excel/job_titles.html
2273,Sewing Operator,Manufacturing & Production,0.97,Very High,Sewing Machine Operators,51-6031.00,https://www.onetcenter.org/dictionary/30.3/excel/job_titles.html
2274,Shipping Loader,Transportation & Logistics,0.97,Very High,"Tank Car, Truck, and Ship Loaders",53-7121.00,https://www.onetcenter.org/dictionary/30.3/excel/job_titles.html
2275,Shipyard Helper,Construction & Trades,0.97,Very High,"Helpers--Painters, Paperhangers, Plasterers, and Stucco Masons",47-3014.00,https://www.onetcenter.org/dictionary/30.3/excel/job_titles.html
2276,Shop Technician,"Installation, Maintenance & Repair",0.97,Very High,Automotive Body and Related Repairers,49-3021.00,https://www.onetcenter.org/dictionary/30.3/excel/job_titles.html
2277,Shovel Operator,Construction & Trades,0.97,Very High,Continuous Mining Machine Operators,47-5041.00,https://www.onetcenter.org/dictionary/30.3/excel/job_titles.html
2278,Sign Technician,Transportation & Logistics,0.97,Very High,Traffic Technicians,53-6041.00,https://www.onetcenter.org/dictionary/30.3/excel/job_titles.html
2279,Signal Engineer,Engineering & Architecture,0.97,Very High,Radio Frequency Identification Device Specialists,17-2072.01,https://www.onetcenter.org/dictionary/30.3/excel/job_titles.html
2280,Site Supervisor,Public Safety,0.97,Very High,First-Line Supervisors of Security Workers,33-1091.00,https://www.onetcenter.org/dictionary/30.3/excel/job_titles.html
2281,Skilled Laborer,Construction & Trades,0.97,Very High,Construction Laborers,47-2061.00,https://www.onetcenter.org/dictionary/30.3/excel/job_titles.html
2282,Smoker Operator,Manufacturing & Production,0.97,Very High,"Food and Tobacco Roasting, Baking, and Drying Machine Operators and Tenders",51-3091.00,https://www.onetcenter.org/dictionary/30.3/excel/job_titles.html
2283,Soccer Official,"Arts, Media & Design",0.97,Very High,"Umpires, Referees, and Other Sports Officials",27-2023.00,https://www.onetcenter.org/dictionary/30.3/excel/job_titles.html
2284,Solar Installer,Construction & Trades,0.97,Very High,Solar Photovoltaic Installers,47-2231.00,https://www.onetcenter.org/dictionary/30.3/excel/job_titles.html
2285,Sound Recordist,"Arts, Media & Design",0.97,Very High,Sound Engineering Technicians,27-4014.00,https://www.onetcenter.org/dictionary/30.3/excel/job_titles.html
2286,Spa Coordinator,Management,0.97,Very High,Spa Managers,11-9179.02,https://www.onetcenter.org/dictionary/30.3/excel/job_titles.html
2287,Sports Director,"Arts, Media & Design",0.97,Very High,Media Programming Directors,27-2012.03,https://www.onetcenter.org/dictionary/30.3/excel/job_titles.html
2288,Staff Physician,Healthcare,0.97,Very High,"Physicians, All Other",29-1229.00,https://www.onetcenter.org/dictionary/30.3/excel/job_titles.html
2289,Stain Inspector,Manufacturing & Production,0.97,Very High,Shoe and Leather Workers and Repairers,51-6041.00,https://www.onetcenter.org/dictionary/30.3/excel/job_titles.html
2290,State Inspector,Business & Finance,0.97,Very High,Environmental Compliance Inspectors,13-1041.01,https://www.onetcenter.org/dictionary/30.3/excel/job_titles.html
2291,Station Captain,Transportation & Logistics,0.97,Very High,"Captains, Mates, and Pilots of Water Vessels",53-5021.00,https://www.onetcenter.org/dictionary/30.3/excel/job_titles.html
2292,Store Detective,Public Safety,0.97,Very High,Retail Loss Prevention Specialists,33-9099.02,https://www.onetcenter.org/dictionary/30.3/excel/job_titles.html
2293,Success Partner,Community & Social Services,0.97,Very High,Rehabilitation Counselors,21-1015.00,https://www.onetcenter.org/dictionary/30.3/excel/job_titles.html
2294,Support Analyst,Office & Administration,0.97,Very High,Brokerage Clerks,43-4011.00,https://www.onetcenter.org/dictionary/30.3/excel/job_titles.html
2295,Support Manager,Office & Administration,0.97,Very High,First-Line Supervisors of Office and Administrative Support Workers,43-1011.00,https://www.onetcenter.org/dictionary/30.3/excel/job_titles.html
2296,Switch Engineer,Transportation & Logistics,0.97,Very High,"Rail Yard Engineers, Dinkey Operators, and Hostlers",53-4013.00,https://www.onetcenter.org/dictionary/30.3/excel/job_titles.html
2297,System Engineer,Engineering & Architecture,0.97,Very High,Nuclear Engineers,17-2161.00,https://www.onetcenter.org/dictionary/30.3/excel/job_titles.html
2298,Systems Analyst,"Software, IT & Data",0.97,Very High,Computer Systems Analysts,15-1211.00,https://www.onetcenter.org/dictionary/30.3/excel/job_titles.html
2299,Technical Buyer,Business & Finance,0.97,Very High,"Wholesale and Retail Buyers, Except Farm Products",13-1022.00,https://www.onetcenter.org/dictionary/30.3/excel/job_titles.html
2300,Telesales Agent,Sales,0.97,Very High,Telemarketers,41-9041.00,https://www.onetcenter.org/dictionary/30.3/excel/job_titles.html
2301,Test Specialist,Engineering & Architecture,0.97,Very High,Aerospace Engineering and Operations Technologists and Technicians,17-3021.00,https://www.onetcenter.org/dictionary/30.3/excel/job_titles.html
2302,Test Technician,Engineering & Architecture,0.97,Very High,Aerospace Engineering and Operations Technologists and Technicians,17-3021.00,https://www.onetcenter.org/dictionary/30.3/excel/job_titles.html
2303,Testing Proctor,Education & Library,0.97,Very High,"Teaching Assistants, Postsecondary",25-9044.00,https://www.onetcenter.org/dictionary/30.3/excel/job_titles.html
2304,Title Processor,Law,0.97,Very High,"Title Examiners, Abstractors, and Searchers",23-2093.00,https://www.onetcenter.org/dictionary/30.3/excel/job_titles.html
2305,Toddler Teacher,Education & Library,0.97,Very High,"Preschool Teachers, Except Special Education",25-2011.00,https://www.onetcenter.org/dictionary/30.3/excel/job_titles.html
2306,Tool Technician,"Installation, Maintenance & Repair",0.97,Very High,"Electric Motor, Power Tool, and Related Repairers",49-2092.00,https://www.onetcenter.org/dictionary/30.3/excel/job_titles.html
2307,Tour Consultant,Personal Care & Services,0.97,Very High,Travel Guides,39-7012.00,https://www.onetcenter.org/dictionary/30.3/excel/job_titles.html
2308,Track Inspector,Construction & Trades,0.97,Very High,Rail-Track Laying and Maintenance Equipment Operators,47-4061.00,https://www.onetcenter.org/dictionary/30.3/excel/job_titles.html
2309,Traffic Analyst,Science,0.97,Very High,Transportation Planners,19-3099.01,https://www.onetcenter.org/dictionary/30.3/excel/job_titles.html
2310,Traffic Flagger,Construction & Trades,0.97,Very High,Highway Maintenance Workers,47-4051.00,https://www.onetcenter.org/dictionary/30.3/excel/job_titles.html
2311,Transit Officer,Public Safety,0.97,Very High,Transit and Railroad Police,33-3052.00,https://www.onetcenter.org/dictionary/30.3/excel/job_titles.html
2312,Transport Medic,Transportation & Logistics,0.97,Very High,"Ambulance Drivers and Attendants, Except Emergency Medical Technicians",53-3011.00,https://www.onetcenter.org/dictionary/30.3/excel/job_titles.html
2313,Truss Assembler,Construction & Trades,0.97,Very High,"Roof Bolters, Mining",47-5043.00,https://www.onetcenter.org/dictionary/30.3/excel/job_titles.html
2314,Tunnel Operator,Manufacturing & Production,0.97,Very High,"Furnace, Kiln, Oven, Drier, and Kettle Operators and Tenders",51-9051.00,https://www.onetcenter.org/dictionary/30.3/excel/job_titles.html
2315,Unarmed Officer,Public Safety,0.97,Very High,Transit and Railroad Police,33-3052.00,https://www.onetcenter.org/dictionary/30.3/excel/job_titles.html
2316,Union Organizer,Business & Finance,0.97,Very High,Labor Relations Specialists,13-1075.00,https://www.onetcenter.org/dictionary/30.3/excel/job_titles.html
2317,Utilities Layer,Construction & Trades,0.97,Very High,Pipelayers,47-2151.00,https://www.onetcenter.org/dictionary/30.3/excel/job_titles.html
2318,Utility Locater,"Installation, Maintenance & Repair",0.97,Very High,Electrical Power-Line Installers and Repairers,49-9051.00,https://www.onetcenter.org/dictionary/30.3/excel/job_titles.html
2319,Utility Locator,Office & Administration,0.97,Very High,"Meter Readers, Utilities",43-5041.00,https://www.onetcenter.org/dictionary/30.3/excel/job_titles.html
2320,Vessel Engineer,Transportation & Logistics,0.97,Very High,Ship Engineers,53-5031.00,https://www.onetcenter.org/dictionary/30.3/excel/job_titles.html
2321,Victim Advocate,Community & Social Services,0.97,Very High,Social and Human Service Assistants,21-1093.00,https://www.onetcenter.org/dictionary/30.3/excel/job_titles.html
2322,Video Installer,"Arts, Media & Design",0.97,Very High,Audio and Video Technicians,27-4011.00,https://www.onetcenter.org/dictionary/30.3/excel/job_titles.html
2323,Vinyl Installer,Construction & Trades,0.97,Very High,Paperhangers,47-2142.00,https://www.onetcenter.org/dictionary/30.3/excel/job_titles.html
2324,Warehouse Clerk,Transportation & Logistics,0.97,Very High,"Laborers and Freight, Stock, and Material Movers, Hand",53-7062.00,https://www.onetcenter.org/dictionary/30.3/excel/job_titles.html
2325,Web Coordinator,"Software, IT & Data",0.97,Very High,Web Administrators,15-1299.01,https://www.onetcenter.org/dictionary/30.3/excel/job_titles.html
2326,Wedding Florist,"Arts, Media & Design",0.97,Very High,Floral Designers,27-1023.00,https://www.onetcenter.org/dictionary/30.3/excel/job_titles.html
2327,Wind Technician,"Installation, Maintenance & Repair",0.97,Very High,Wind Turbine Service Technicians,49-9081.00,https://www.onetcenter.org/dictionary/30.3/excel/job_titles.html
2328,Wire Technician,"Installation, Maintenance & Repair",0.97,Very High,"Telecommunications Equipment Installers and Repairers, Except Line Installers",49-2022.00,https://www.onetcenter.org/dictionary/30.3/excel/job_titles.html
2329,Academic Advisor,Management,0.97,Very High,"Education Administrators, Kindergarten through Secondary",11-9032.00,https://www.onetcenter.org/dictionary/30.3/excel/job_titles.html
2330,Accounting Clerk,Office & Administration,0.97,Very High,"Bookkeeping, Accounting, and Auditing Clerks",43-3031.00,https://www.onetcenter.org/dictionary/30.3/excel/job_titles.html
2331,Adjunct Lecturer,Education & Library,0.97,Very High,"Business Teachers, Postsecondary",25-1011.00,https://www.onetcenter.org/dictionary/30.3/excel/job_titles.html
2332,Admitting Worker,Office & Administration,0.97,Very High,"Interviewers, Except Eligibility and Loan",43-4111.00,https://www.onetcenter.org/dictionary/30.3/excel/job_titles.html
2333,Agronomy Manager,Management,0.97,Very High,"Farmers, Ranchers, and Other Agricultural Managers",11-9013.00,https://www.onetcenter.org/dictionary/30.3/excel/job_titles.html
2334,Air Export Agent,Business & Finance,0.97,Very High,Customs Brokers,13-1041.08,https://www.onetcenter.org/dictionary/30.3/excel/job_titles.html
2335,Air Export Clerk,Office & Administration,0.97,Very High,Freight Forwarders,43-5011.01,https://www.onetcenter.org/dictionary/30.3/excel/job_titles.html
2336,Air Import Agent,Business & Finance,0.97,Very High,Customs Brokers,13-1041.08,https://www.onetcenter.org/dictionary/30.3/excel/job_titles.html
2337,Aircraft Captain,Transportation & Logistics,0.97,Very High,"Airline Pilots, Copilots, and Flight Engineers",53-2011.00,https://www.onetcenter.org/dictionary/30.3/excel/job_titles.html
2338,Ambulance Driver,Transportation & Logistics,0.97,Very High,"Ambulance Drivers and Attendants, Except Emergency Medical Technicians",53-3011.00,https://www.onetcenter.org/dictionary/30.3/excel/job_titles.html
2339,Animal Caretaker,Healthcare Support,0.97,Very High,Veterinary Assistants and Laboratory Animal Caretakers,31-9096.00,https://www.onetcenter.org/dictionary/30.3/excel/job_titles.html
2340,Antenna Engineer,Engineering & Architecture,0.97,Very High,Radio Frequency Identification Device Specialists,17-2072.01,https://www.onetcenter.org/dictionary/30.3/excel/job_titles.html
2341,Aquatics Manager,Management,0.97,Very High,"Entertainment and Recreation Managers, Except Gambling",11-9072.00,https://www.onetcenter.org/dictionary/30.3/excel/job_titles.html
2342,Arborist Climber,"Agriculture, Fishing & Forestry",0.97,Very High,Fallers,45-4021.00,https://www.onetcenter.org/dictionary/30.3/excel/job_titles.html
2343,Audiology Extern,Healthcare,0.97,Very High,Audiologists,29-1181.00,https://www.onetcenter.org/dictionary/30.3/excel/job_titles.html
2344,AutoCAD Designer,Engineering & Architecture,0.97,Very High,Mechanical Drafters,17-3013.00,https://www.onetcenter.org/dictionary/30.3/excel/job_titles.html
2345,Automated Weaver,Manufacturing & Production,0.97,Very High,"Textile Knitting and Weaving Machine Setters, Operators, and Tenders",51-6063.00,https://www.onetcenter.org/dictionary/30.3/excel/job_titles.html
2346,Background Actor,"Arts, Media & Design",0.97,Very High,Actors,27-2011.00,https://www.onetcenter.org/dictionary/30.3/excel/job_titles.html
2347,Backhoe Operator,Construction & Trades,0.97,Very High,Operating Engineers and Other Construction Equipment Operators,47-2073.00,https://www.onetcenter.org/dictionary/30.3/excel/job_titles.html
2348,Bandsaw Operator,Manufacturing & Production,0.97,Very High,"Sawing Machine Setters, Operators, and Tenders, Wood",51-7041.00,https://www.onetcenter.org/dictionary/30.3/excel/job_titles.html
2349,Bankruptcy Judge,Law,0.97,Very High,"Judges, Magistrate Judges, and Magistrates",23-1023.00,https://www.onetcenter.org/dictionary/30.3/excel/job_titles.html
2350,Beauty Therapist,Personal Care & Services,0.97,Very High,Skincare Specialists,39-5094.00,https://www.onetcenter.org/dictionary/30.3/excel/job_titles.html
2351,Benefits Advisor,Management,0.97,Very High,Compensation and Benefits Managers,11-3111.00,https://www.onetcenter.org/dictionary/30.3/excel/job_titles.html
2352,Benefits Manager,Management,0.97,Very High,Compensation and Benefits Managers,11-3111.00,https://www.onetcenter.org/dictionary/30.3/excel/job_titles.html
2353,Bilingual Teller,Office & Administration,0.97,Very High,Tellers,43-3071.00,https://www.onetcenter.org/dictionary/30.3/excel/job_titles.html
2354,Bindery Operator,Manufacturing & Production,0.97,Very High,Print Binding and Finishing Workers,51-5113.00,https://www.onetcenter.org/dictionary/30.3/excel/job_titles.html
2355,Biology Lecturer,Education & Library,0.97,Very High,"Biological Science Teachers, Postsecondary",25-1042.00,https://www.onetcenter.org/dictionary/30.3/excel/job_titles.html
2356,Boatswain's Mate,Transportation & Logistics,0.97,Very High,Sailors and Marine Oilers,53-5011.00,https://www.onetcenter.org/dictionary/30.3/excel/job_titles.html
2357,Boiler Attendant,Manufacturing & Production,0.97,Very High,"Furnace, Kiln, Oven, Drier, and Kettle Operators and Tenders",51-9051.00,https://www.onetcenter.org/dictionary/30.3/excel/job_titles.html
2358,Branch Processor,Office & Administration,0.97,Very High,"Credit Authorizers, Checkers, and Clerks",43-4041.00,https://www.onetcenter.org/dictionary/30.3/excel/job_titles.html
2359,Brand Ambassador,Sales,0.97,Very High,Demonstrators and Product Promoters,41-9011.00,https://www.onetcenter.org/dictionary/30.3/excel/job_titles.html
2360,Business Manager,Management,0.97,Very High,General and Operations Managers,11-1021.00,https://www.onetcenter.org/dictionary/30.3/excel/job_titles.html
2361,Business Teacher,Education & Library,0.97,Very High,"Business Teachers, Postsecondary",25-1011.00,https://www.onetcenter.org/dictionary/30.3/excel/job_titles.html
2362,Cabinet Designer,Manufacturing & Production,0.97,Very High,Cabinetmakers and Bench Carpenters,51-7011.00,https://www.onetcenter.org/dictionary/30.3/excel/job_titles.html
2363,Cable Technician,"Installation, Maintenance & Repair",0.97,Very High,"Telecommunications Equipment Installers and Repairers, Except Line Installers",49-2022.00,https://www.onetcenter.org/dictionary/30.3/excel/job_titles.html
2364,Canvass Director,Management,0.97,Very High,Fundraising Managers,11-2033.00,https://www.onetcenter.org/dictionary/30.3/excel/job_titles.html
2365,Care Coordinator,Management,0.97,Very High,Medical and Health Services Managers,11-9111.00,https://www.onetcenter.org/dictionary/30.3/excel/job_titles.html
2366,Career Navigator,Community & Social Services,0.97,Very High,Rehabilitation Counselors,21-1015.00,https://www.onetcenter.org/dictionary/30.3/excel/job_titles.html
2367,Case Coordinator,Office & Administration,0.97,Very High,"Eligibility Interviewers, Government Programs",43-4061.00,https://www.onetcenter.org/dictionary/30.3/excel/job_titles.html
2368,Category Planner,Business & Finance,0.97,Very High,"Wholesale and Retail Buyers, Except Farm Products",13-1022.00,https://www.onetcenter.org/dictionary/30.3/excel/job_titles.html
2369,Cemetery Manager,Personal Care & Services,0.97,Very High,"Morticians, Undertakers, and Funeral Arrangers",39-4031.00,https://www.onetcenter.org/dictionary/30.3/excel/job_titles.html
2370,Certified Rigger,"Installation, Maintenance & Repair",0.97,Very High,Riggers,49-9096.00,https://www.onetcenter.org/dictionary/30.3/excel/job_titles.html
2371,Character Artist,"Arts, Media & Design",0.97,Very High,"Fine Artists, Including Painters, Sculptors, and Illustrators",27-1013.00,https://www.onetcenter.org/dictionary/30.3/excel/job_titles.html
2372,Chassis Engineer,Engineering & Architecture,0.97,Very High,Automotive Engineers,17-2141.02,https://www.onetcenter.org/dictionary/30.3/excel/job_titles.html
2373,Chiller Operator,Manufacturing & Production,0.97,Very High,Biomass Plant Technicians,51-8013.03,https://www.onetcenter.org/dictionary/30.3/excel/job_titles.html
2374,Chucker Operator,Manufacturing & Production,0.97,Very High,"Lathe and Turning Machine Tool Setters, Operators, and Tenders, Metal and Plastic",51-4034.00,https://www.onetcenter.org/dictionary/30.3/excel/job_titles.html
2375,Circuit Designer,Engineering & Architecture,0.97,Very High,Electrical and Electronics Drafters,17-3012.00,https://www.onetcenter.org/dictionary/30.3/excel/job_titles.html
2376,Civil Technician,Engineering & Architecture,0.97,Very High,Architectural and Civil Drafters,17-3011.00,https://www.onetcenter.org/dictionary/30.3/excel/job_titles.html
2377,Claims Appraiser,Business & Finance,0.97,Very High,"Insurance Appraisers, Auto Damage",13-1032.00,https://www.onetcenter.org/dictionary/30.3/excel/job_titles.html
2378,Client Navigator,Community & Social Services,0.97,Very High,Rehabilitation Counselors,21-1015.00,https://www.onetcenter.org/dictionary/30.3/excel/job_titles.html
2379,Clinical Analyst,"Software, IT & Data",0.97,Very High,Statisticians,15-2041.00,https://www.onetcenter.org/dictionary/30.3/excel/job_titles.html
2380,Clinical Liaison,Healthcare,0.97,Very High,Patient Representatives,29-2099.08,https://www.onetcenter.org/dictionary/30.3/excel/job_titles.html
2381,Clinical Manager,Management,0.97,Very High,Medical and Health Services Managers,11-9111.00,https://www.onetcenter.org/dictionary/30.3/excel/job_titles.html
2382,Coastal Engineer,Engineering & Architecture,0.97,Very High,Environmental Engineers,17-2081.00,https://www.onetcenter.org/dictionary/30.3/excel/job_titles.html
2383,Component Runner,Manufacturing & Production,0.97,Very High,"Plating Machine Setters, Operators, and Tenders, Metal and Plastic",51-4193.00,https://www.onetcenter.org/dictionary/30.3/excel/job_titles.html
2384,Composite Bonder,Manufacturing & Production,0.97,Very High,Adhesive Bonding Machine Operators and Tenders,51-9191.00,https://www.onetcenter.org/dictionary/30.3/excel/job_titles.html
2385,Computer Teacher,Education & Library,0.97,Very High,"Career/Technical Education Teachers, Secondary School",25-2032.00,https://www.onetcenter.org/dictionary/30.3/excel/job_titles.html
2386,Concrete Laborer,Construction & Trades,0.97,Very High,Cement Masons and Concrete Finishers,47-2051.00,https://www.onetcenter.org/dictionary/30.3/excel/job_titles.html
2387,Content Producer,"Arts, Media & Design",0.97,Very High,Special Effects Artists and Animators,27-1014.00,https://www.onetcenter.org/dictionary/30.3/excel/job_titles.html
2388,Copy Coordinator,Office & Administration,0.97,Very High,Proofreaders and Copy Markers,43-9081.00,https://www.onetcenter.org/dictionary/30.3/excel/job_titles.html
2389,Crane Technician,"Installation, Maintenance & Repair",0.97,Very High,"Mobile Heavy Equipment Mechanics, Except Engines",49-3042.00,https://www.onetcenter.org/dictionary/30.3/excel/job_titles.html
2390,Crusher Operator,Construction & Trades,0.97,Very High,Continuous Mining Machine Operators,47-5041.00,https://www.onetcenter.org/dictionary/30.3/excel/job_titles.html
2391,Customer Manager,Office & Administration,0.97,Very High,First-Line Supervisors of Office and Administrative Support Workers,43-1011.00,https://www.onetcenter.org/dictionary/30.3/excel/job_titles.html
2392,Cytotechnologist,Healthcare,0.97,Very High,Cytotechnologists,29-2011.02,https://www.onetcenter.org/dictionary/30.3/excel/job_titles.html
2393,Dance Instructor,Education & Library,0.97,Very High,Self-Enrichment Teachers,25-3021.00,https://www.onetcenter.org/dictionary/30.3/excel/job_titles.html
2394,Data Coordinator,"Software, IT & Data",0.97,Very High,Statisticians,15-2041.00,https://www.onetcenter.org/dictionary/30.3/excel/job_titles.html
2395,Daycare Director,Management,0.97,Very High,"Education and Childcare Administrators, Preschool and Daycare",11-9031.00,https://www.onetcenter.org/dictionary/30.3/excel/job_titles.html
2396,Delivery Builder,"Installation, Maintenance & Repair",0.97,Very High,Manufactured Building and Mobile Home Installers,49-9095.00,https://www.onetcenter.org/dictionary/30.3/excel/job_titles.html
2397,Delivery Partner,Transportation & Logistics,0.97,Very High,Driver/Sales Workers,53-3031.00,https://www.onetcenter.org/dictionary/30.3/excel/job_titles.html
2398,Design Architect,Engineering & Architecture,0.97,Very High,"Architects, Except Landscape and Naval",17-1011.00,https://www.onetcenter.org/dictionary/30.3/excel/job_titles.html
2399,Die Cut Operator,Manufacturing & Production,0.97,Very High,"Textile Cutting Machine Setters, Operators, and Tenders",51-6062.00,https://www.onetcenter.org/dictionary/30.3/excel/job_titles.html
2400,Digital Designer,"Arts, Media & Design",0.97,Very High,Special Effects Artists and Animators,27-1014.00,https://www.onetcenter.org/dictionary/30.3/excel/job_titles.html
2401,Digital Producer,"Arts, Media & Design",0.97,Very High,"News Analysts, Reporters, and Journalists",27-3023.00,https://www.onetcenter.org/dictionary/30.3/excel/job_titles.html
2402,Digital Reporter,"Arts, Media & Design",0.97,Very High,"News Analysts, Reporters, and Journalists",27-3023.00,https://www.onetcenter.org/dictionary/30.3/excel/job_titles.html
2403,Direct Installer,"Installation, Maintenance & Repair",0.97,Very High,Automotive Glass Installers and Repairers,49-3022.00,https://www.onetcenter.org/dictionary/30.3/excel/job_titles.html
2404,Dispatch Officer,Office & Administration,0.97,Very High,Public Safety Telecommunicators,43-5031.00,https://www.onetcenter.org/dictionary/30.3/excel/job_titles.html
2405,Display Engineer,Engineering & Architecture,0.97,Very High,Photonics Engineers,17-2199.07,https://www.onetcenter.org/dictionary/30.3/excel/job_titles.html
2406,Document Scanner,Education & Library,0.97,Very High,Archivists,25-4011.00,https://www.onetcenter.org/dictionary/30.3/excel/job_titles.html
2407,Donor Specialist,Business & Finance,0.97,Very High,Fundraisers,13-1131.00,https://www.onetcenter.org/dictionary/30.3/excel/job_titles.html
2408,Driving Operator,Construction & Trades,0.97,Very High,Pile Driver Operators,47-2072.00,https://www.onetcenter.org/dictionary/30.3/excel/job_titles.html
2409,E-Commerce Clerk,Business & Finance,0.97,Very High,Online Merchants,13-1199.06,https://www.onetcenter.org/dictionary/30.3/excel/job_titles.html
2410,English Lecturer,Education & Library,0.97,Very High,"English Language and Literature Teachers, Postsecondary",25-1123.00,https://www.onetcenter.org/dictionary/30.3/excel/job_titles.html
2411,Enrober Operator,Manufacturing & Production,0.97,Very High,"Food and Tobacco Roasting, Baking, and Drying Machine Operators and Tenders",51-3091.00,https://www.onetcenter.org/dictionary/30.3/excel/job_titles.html
2412,Enrolled Actuary,"Software, IT & Data",0.97,Very High,Actuaries,15-2011.00,https://www.onetcenter.org/dictionary/30.3/excel/job_titles.html
2413,Enrollment Agent,Office & Administration,0.97,Very High,"Eligibility Interviewers, Government Programs",43-4061.00,https://www.onetcenter.org/dictionary/30.3/excel/job_titles.html
2414,Etching Operator,Manufacturing & Production,0.97,Very High,Etchers and Engravers,51-9194.00,https://www.onetcenter.org/dictionary/30.3/excel/job_titles.html
2415,Event Technician,"Arts, Media & Design",0.97,Very High,Audio and Video Technicians,27-4011.00,https://www.onetcenter.org/dictionary/30.3/excel/job_titles.html
2416,Exercise Planner,Healthcare,0.97,Very High,Exercise Physiologists,29-1128.00,https://www.onetcenter.org/dictionary/30.3/excel/job_titles.html
2417,Exhibit Designer,"Arts, Media & Design",0.97,Very High,Set and Exhibit Designers,27-1027.00,https://www.onetcenter.org/dictionary/30.3/excel/job_titles.html
2418,Experience Guide,Personal Care & Services,0.97,Very High,Travel Guides,39-7012.00,https://www.onetcenter.org/dictionary/30.3/excel/job_titles.html
2419,Exterior Painter,Construction & Trades,0.97,Very High,"Painters, Construction and Maintenance",47-2141.00,https://www.onetcenter.org/dictionary/30.3/excel/job_titles.html
2420,Faculty Lecturer,Education & Library,0.97,Very High,"Area, Ethnic, and Cultural Studies Teachers, Postsecondary",25-1062.00,https://www.onetcenter.org/dictionary/30.3/excel/job_titles.html
2421,Farm Crew Leader,Business & Finance,0.97,Very High,Farm Labor Contractors,13-1074.00,https://www.onetcenter.org/dictionary/30.3/excel/job_titles.html
2422,Farm Crew Member,Business & Finance,0.97,Very High,Farm Labor Contractors,13-1074.00,https://www.onetcenter.org/dictionary/30.3/excel/job_titles.html
2423,Fast Food Worker,Food & Hospitality,0.97,Very High,"Cooks, Fast Food",35-2011.00,https://www.onetcenter.org/dictionary/30.3/excel/job_titles.html
2424,Fiber Technician,"Installation, Maintenance & Repair",0.97,Very High,Telecommunications Line Installers and Repairers,49-9052.00,https://www.onetcenter.org/dictionary/30.3/excel/job_titles.html
2425,Field Agronomist,Science,0.97,Very High,Soil and Plant Scientists,19-1013.00,https://www.onetcenter.org/dictionary/30.3/excel/job_titles.html
2426,Field Contractor,Business & Finance,0.97,Very High,"Buyers and Purchasing Agents, Farm Products",13-1021.00,https://www.onetcenter.org/dictionary/30.3/excel/job_titles.html
2427,Field Instructor,Education & Library,0.97,Very High,"Social Work Teachers, Postsecondary",25-1113.00,https://www.onetcenter.org/dictionary/30.3/excel/job_titles.html
2428,Field Specialist,Construction & Trades,0.97,Very High,"Roustabouts, Oil and Gas",47-5071.00,https://www.onetcenter.org/dictionary/30.3/excel/job_titles.html
2429,Field Technician,Engineering & Architecture,0.97,Very High,Civil Engineering Technologists and Technicians,17-3022.00,https://www.onetcenter.org/dictionary/30.3/excel/job_titles.html
2430,Filling Operator,Manufacturing & Production,0.97,Very High,Packaging and Filling Machine Operators and Tenders,51-9111.00,https://www.onetcenter.org/dictionary/30.3/excel/job_titles.html
2431,Flight Attendant,Transportation & Logistics,0.97,Very High,Flight Attendants,53-2031.00,https://www.onetcenter.org/dictionary/30.3/excel/job_titles.html
2432,Float Pharmacist,Healthcare,0.97,Very High,Pharmacists,29-1051.00,https://www.onetcenter.org/dictionary/30.3/excel/job_titles.html
2433,Floor Technician,Construction & Trades,0.97,Very High,Carpet Installers,47-2041.00,https://www.onetcenter.org/dictionary/30.3/excel/job_titles.html
2434,Forecast Analyst,"Software, IT & Data",0.97,Very High,Actuaries,15-2011.00,https://www.onetcenter.org/dictionary/30.3/excel/job_titles.html
2435,Forging Operator,Manufacturing & Production,0.97,Very High,"Forging Machine Setters, Operators, and Tenders, Metal and Plastic",51-4022.00,https://www.onetcenter.org/dictionary/30.3/excel/job_titles.html
2436,Fraud Specialist,Business & Finance,0.97,Very High,"Fraud Examiners, Investigators and Analysts",13-2099.04,https://www.onetcenter.org/dictionary/30.3/excel/job_titles.html
2437,Freight Repairer,"Installation, Maintenance & Repair",0.97,Very High,Rail Car Repairers,49-3043.00,https://www.onetcenter.org/dictionary/30.3/excel/job_titles.html
2438,Front Desk Agent,Office & Administration,0.97,Very High,"Hotel, Motel, and Resort Desk Clerks",43-4081.00,https://www.onetcenter.org/dictionary/30.3/excel/job_titles.html
2439,Funeral Embalmer,Personal Care & Services,0.97,Very High,Embalmers,39-4011.00,https://www.onetcenter.org/dictionary/30.3/excel/job_titles.html
2440,Gaming Inspector,Public Safety,0.97,Very High,Gambling Surveillance Officers and Gambling Investigators,33-9031.00,https://www.onetcenter.org/dictionary/30.3/excel/job_titles.html
2441,Gas Lease Pumper,Transportation & Logistics,0.97,Very High,Wellhead Pumpers,53-7073.00,https://www.onetcenter.org/dictionary/30.3/excel/job_titles.html
2442,Glass Technician,"Installation, Maintenance & Repair",0.97,Very High,Automotive Glass Installers and Repairers,49-3022.00,https://www.onetcenter.org/dictionary/30.3/excel/job_titles.html
2443,Green Consultant,Business & Finance,0.97,Very High,Sustainability Specialists,13-1199.05,https://www.onetcenter.org/dictionary/30.3/excel/job_titles.html
2444,Guest Ambassador,Personal Care & Services,0.97,Very High,Tour Guides and Escorts,39-7011.00,https://www.onetcenter.org/dictionary/30.3/excel/job_titles.html
2445,Guitar Inspector,"Installation, Maintenance & Repair",0.97,Very High,Musical Instrument Repairers and Tuners,49-9063.00,https://www.onetcenter.org/dictionary/30.3/excel/job_titles.html
2446,Gutter Installer,Construction & Trades,0.97,Very High,Roofers,47-2181.00,https://www.onetcenter.org/dictionary/30.3/excel/job_titles.html
2447,Health Concierge,Personal Care & Services,0.97,Very High,Concierges,39-6012.00,https://www.onetcenter.org/dictionary/30.3/excel/job_titles.html
2448,Health Economist,Science,0.97,Very High,Economists,19-3011.00,https://www.onetcenter.org/dictionary/30.3/excel/job_titles.html
2449,Health Historian,Science,0.97,Very High,Historians,19-3093.00,https://www.onetcenter.org/dictionary/30.3/excel/job_titles.html
2450,Health Navigator,Community & Social Services,0.97,Very High,Community Health Workers,21-1094.00,https://www.onetcenter.org/dictionary/30.3/excel/job_titles.html
2451,Hearing Screener,Healthcare,0.97,Very High,Hearing Aid Specialists,29-2092.00,https://www.onetcenter.org/dictionary/30.3/excel/job_titles.html
2452,Highway Engineer,Engineering & Architecture,0.97,Very High,Transportation Engineers,17-2051.01,https://www.onetcenter.org/dictionary/30.3/excel/job_titles.html
2453,History Lecturer,Education & Library,0.97,Very High,"History Teachers, Postsecondary",25-1125.00,https://www.onetcenter.org/dictionary/30.3/excel/job_titles.html
2454,Hospital Carrier,Transportation & Logistics,0.97,Very High,"Ambulance Drivers and Attendants, Except Emergency Medical Technicians",53-3011.00,https://www.onetcenter.org/dictionary/30.3/excel/job_titles.html
2455,Imaging Operator,Manufacturing & Production,0.97,Very High,Photographic Process Workers and Processing Machine Operators,51-9151.00,https://www.onetcenter.org/dictionary/30.3/excel/job_titles.html
2456,Industrial Sewer,Manufacturing & Production,0.97,Very High,Sewing Machine Operators,51-6031.00,https://www.onetcenter.org/dictionary/30.3/excel/job_titles.html
2457,Injection Molder,Manufacturing & Production,0.97,Very High,Tire Builders,51-9197.00,https://www.onetcenter.org/dictionary/30.3/excel/job_titles.html
2458,Ink Jet Operator,Manufacturing & Production,0.97,Very High,Textile Bleaching and Dyeing Machine Operators and Tenders,51-6061.00,https://www.onetcenter.org/dictionary/30.3/excel/job_titles.html
2459,Inspector Packer,Transportation & Logistics,0.97,Very High,"Packers and Packagers, Hand",53-7064.00,https://www.onetcenter.org/dictionary/30.3/excel/job_titles.html
2460,Instructor Pilot,Education & Library,0.97,Very High,"Career/Technical Education Teachers, Postsecondary",25-1194.00,https://www.onetcenter.org/dictionary/30.3/excel/job_titles.html
2461,Jewelry Designer,"Arts, Media & Design",0.97,Very High,Fashion Designers,27-1022.00,https://www.onetcenter.org/dictionary/30.3/excel/job_titles.html
2462,Judicial Marshal,Public Safety,0.97,Very High,Bailiffs,33-3011.00,https://www.onetcenter.org/dictionary/30.3/excel/job_titles.html
2463,Juvenile Officer,Community & Social Services,0.97,Very High,Probation Officers and Correctional Treatment Specialists,21-1092.00,https://www.onetcenter.org/dictionary/30.3/excel/job_titles.html
2464,Land Use Planner,Science,0.97,Very High,Urban and Regional Planners,19-3051.00,https://www.onetcenter.org/dictionary/30.3/excel/job_titles.html
2465,Legal Translator,"Arts, Media & Design",0.97,Very High,Interpreters and Translators,27-3091.00,https://www.onetcenter.org/dictionary/30.3/excel/job_titles.html
2466,Licensed Plumber,Construction & Trades,0.97,Very High,"Plumbers, Pipefitters, and Steamfitters",47-2152.00,https://www.onetcenter.org/dictionary/30.3/excel/job_titles.html
2467,Literacy Teacher,Education & Library,0.97,Very High,"Adult Basic Education, Adult Secondary Education, and English as a Second Language Instructors",25-3011.00,https://www.onetcenter.org/dictionary/30.3/excel/job_titles.html
2468,Location Manager,Management,0.97,Very High,"Farmers, Ranchers, and Other Agricultural Managers",11-9013.00,https://www.onetcenter.org/dictionary/30.3/excel/job_titles.html
2469,Machine Operator,Construction & Trades,0.97,Very High,"Paving, Surfacing, and Tamping Equipment Operators",47-2071.00,https://www.onetcenter.org/dictionary/30.3/excel/job_titles.html
2470,Magistrate Judge,Law,0.97,Very High,"Judges, Magistrate Judges, and Magistrates",23-1023.00,https://www.onetcenter.org/dictionary/30.3/excel/job_titles.html
2471,Maintenance Aide,Construction & Trades,0.97,Very High,Highway Maintenance Workers,47-4051.00,https://www.onetcenter.org/dictionary/30.3/excel/job_titles.html
2472,Manual Machinist,Manufacturing & Production,0.97,Very High,Machinists,51-4041.00,https://www.onetcenter.org/dictionary/30.3/excel/job_titles.html
2473,Marine Insulator,Construction & Trades,0.97,Very High,"Insulation Workers, Mechanical",47-2132.00,https://www.onetcenter.org/dictionary/30.3/excel/job_titles.html
2474,Marketing Writer,"Arts, Media & Design",0.97,Very High,Writers and Authors,27-3043.00,https://www.onetcenter.org/dictionary/30.3/excel/job_titles.html
2475,Material Analyst,Engineering & Architecture,0.97,Very High,Materials Engineers,17-2131.00,https://www.onetcenter.org/dictionary/30.3/excel/job_titles.html
2476,Material Planner,Business & Finance,0.97,Very High,Logisticians,13-1081.00,https://www.onetcenter.org/dictionary/30.3/excel/job_titles.html
2477,Materials Sorter,Transportation & Logistics,0.97,Very High,Recycling and Reclamation Workers,53-7062.04,https://www.onetcenter.org/dictionary/30.3/excel/job_titles.html
2478,Meat Team Member,Manufacturing & Production,0.97,Very High,Butchers and Meat Cutters,51-3021.00,https://www.onetcenter.org/dictionary/30.3/excel/job_titles.html
2479,Media Specialist,Education & Library,0.97,Very High,Library Technicians,25-4031.00,https://www.onetcenter.org/dictionary/30.3/excel/job_titles.html
2480,Media Technician,"Arts, Media & Design",0.97,Very High,Broadcast Technicians,27-4012.00,https://www.onetcenter.org/dictionary/30.3/excel/job_titles.html
2481,Medic Technician,Transportation & Logistics,0.97,Very High,"Ambulance Drivers and Attendants, Except Emergency Medical Technicians",53-3011.00,https://www.onetcenter.org/dictionary/30.3/excel/job_titles.html
2482,Medical Examiner,Business & Finance,0.97,Very High,Coroners,13-1041.06,https://www.onetcenter.org/dictionary/30.3/excel/job_titles.html
2483,Melting Operator,Manufacturing & Production,0.97,Very High,"Heat Treating Equipment Setters, Operators, and Tenders, Metal and Plastic",51-4191.00,https://www.onetcenter.org/dictionary/30.3/excel/job_titles.html
2484,Member Concierge,Personal Care & Services,0.97,Very High,Concierges,39-6012.00,https://www.onetcenter.org/dictionary/30.3/excel/job_titles.html
2485,Mentor Recruiter,Business & Finance,0.97,Very High,Human Resources Specialists,13-1071.00,https://www.onetcenter.org/dictionary/30.3/excel/job_titles.html
2486,Metal Fabricator,Construction & Trades,0.97,Very High,Sheet Metal Workers,47-2211.00,https://www.onetcenter.org/dictionary/30.3/excel/job_titles.html
2487,Meter Technician,Office & Administration,0.97,Very High,"Meter Readers, Utilities",43-5041.00,https://www.onetcenter.org/dictionary/30.3/excel/job_titles.html
2488,Mobile Installer,"Installation, Maintenance & Repair",0.97,Very High,Manufactured Building and Mobile Home Installers,49-9095.00,https://www.onetcenter.org/dictionary/30.3/excel/job_titles.html
2489,Mortgage Advisor,Business & Finance,0.97,Very High,Credit Counselors,13-2071.00,https://www.onetcenter.org/dictionary/30.3/excel/job_titles.html
2490,Musical Director,"Arts, Media & Design",0.97,Very High,Music Directors and Composers,27-2041.00,https://www.onetcenter.org/dictionary/30.3/excel/job_titles.html
2491,Network Engineer,"Software, IT & Data",0.97,Very High,Telecommunications Engineering Specialists,15-1241.01,https://www.onetcenter.org/dictionary/30.3/excel/job_titles.html
2492,Neurohospitalist,Healthcare,0.97,Very High,Neurologists,29-1217.00,https://www.onetcenter.org/dictionary/30.3/excel/job_titles.html
2493,Night Dispatcher,Office & Administration,0.97,Very High,"Dispatchers, Except Police, Fire, and Ambulance",43-5032.00,https://www.onetcenter.org/dictionary/30.3/excel/job_titles.html
2494,Nuclear Mechanic,Engineering & Architecture,0.97,Very High,Nuclear Engineers,17-2161.00,https://www.onetcenter.org/dictionary/30.3/excel/job_titles.html
2495,Nurse Supervisor,Management,0.97,Very High,Medical and Health Services Managers,11-9111.00,https://www.onetcenter.org/dictionary/30.3/excel/job_titles.html
2496,Nursing Director,Management,0.97,Very High,Medical and Health Services Managers,11-9111.00,https://www.onetcenter.org/dictionary/30.3/excel/job_titles.html
2497,Oil Field Worker,Transportation & Logistics,0.97,Very High,Wellhead Pumpers,53-7073.00,https://www.onetcenter.org/dictionary/30.3/excel/job_titles.html
2498,On-Air Announcer,"Arts, Media & Design",0.97,Very High,Broadcast Announcers and Radio Disc Jockeys,27-3011.00,https://www.onetcenter.org/dictionary/30.3/excel/job_titles.html
2499,Operations Clerk,Office & Administration,0.97,Very High,Cargo and Freight Agents,43-5011.00,https://www.onetcenter.org/dictionary/30.3/excel/job_titles.html
2500,Operator Trainer,Transportation & Logistics,0.97,Very High,Subway and Streetcar Operators,53-4041.00,https://www.onetcenter.org/dictionary/30.3/excel/job_titles.html
2501,Optical Engineer,Engineering & Architecture,0.97,Very High,Photonics Engineers,17-2199.07,https://www.onetcenter.org/dictionary/30.3/excel/job_titles.html
2502,Outbound Manager,Transportation & Logistics,0.97,Very High,Railroad Conductors and Yardmasters,53-4031.00,https://www.onetcenter.org/dictionary/30.3/excel/job_titles.html
2503,Outdoor Educator,Education & Library,0.97,Very High,"Special Education Teachers, Preschool",25-2051.00,https://www.onetcenter.org/dictionary/30.3/excel/job_titles.html
2504,Outpatient Coder,Healthcare,0.97,Very High,Medical Records Specialists,29-2072.00,https://www.onetcenter.org/dictionary/30.3/excel/job_titles.html
2505,Package Switcher,Office & Administration,0.97,Very High,Postal Service Clerks,43-5051.00,https://www.onetcenter.org/dictionary/30.3/excel/job_titles.html
2506,Packing Operator,Manufacturing & Production,0.97,Very High,Packaging and Filling Machine Operators and Tenders,51-9111.00,https://www.onetcenter.org/dictionary/30.3/excel/job_titles.html
2507,Pallet Inspector,"Installation, Maintenance & Repair",0.97,Very High,Watch and Clock Repairers,49-9064.00,https://www.onetcenter.org/dictionary/30.3/excel/job_titles.html
2508,Parts Specialist,Sales,0.97,Very High,Parts Salespersons,41-2022.00,https://www.onetcenter.org/dictionary/30.3/excel/job_titles.html
2509,Patient Advocate,Community & Social Services,0.97,Very High,Healthcare Social Workers,21-1022.00,https://www.onetcenter.org/dictionary/30.3/excel/job_titles.html
2510,Patient Observer,Healthcare Support,0.97,Very High,Orderlies,31-1132.00,https://www.onetcenter.org/dictionary/30.3/excel/job_titles.html
2511,Pattern Finisher,Manufacturing & Production,0.97,Very High,"Model Makers, Metal and Plastic",51-4061.00,https://www.onetcenter.org/dictionary/30.3/excel/job_titles.html
2512,Personal Shopper,Business & Finance,0.97,Very High,Online Merchants,13-1199.06,https://www.onetcenter.org/dictionary/30.3/excel/job_titles.html
2513,Pharmacy Cashier,Healthcare Support,0.97,Very High,Pharmacy Aides,31-9095.00,https://www.onetcenter.org/dictionary/30.3/excel/job_titles.html
2514,Piano Instructor,Education & Library,0.97,Very High,Self-Enrichment Teachers,25-3021.00,https://www.onetcenter.org/dictionary/30.3/excel/job_titles.html
2515,Plant Controller,Management,0.97,Very High,Treasurers and Controllers,11-3031.01,https://www.onetcenter.org/dictionary/30.3/excel/job_titles.html
2516,Plant Specialist,Manufacturing & Production,0.97,Very High,Gas Plant Operators,51-8092.00,https://www.onetcenter.org/dictionary/30.3/excel/job_titles.html
2517,Plumbing Foreman,Construction & Trades,0.97,Very High,First-Line Supervisors of Construction Trades and Extraction Workers,47-1011.00,https://www.onetcenter.org/dictionary/30.3/excel/job_titles.html
2518,Podcast Producer,"Arts, Media & Design",0.97,Very High,Producers and Directors,27-2012.00,https://www.onetcenter.org/dictionary/30.3/excel/job_titles.html
2519,Polymer Engineer,Engineering & Architecture,0.97,Very High,Materials Engineers,17-2131.00,https://www.onetcenter.org/dictionary/30.3/excel/job_titles.html
2520,Polysomnographer,Healthcare,0.97,Very High,Neurodiagnostic Technologists,29-2099.01,https://www.onetcenter.org/dictionary/30.3/excel/job_titles.html
2521,Postpartum Doula,Healthcare,0.97,Very High,Midwives,29-9099.01,https://www.onetcenter.org/dictionary/30.3/excel/job_titles.html
2522,Postpartum Nurse,Healthcare,0.97,Very High,Nurse Midwives,29-1161.00,https://www.onetcenter.org/dictionary/30.3/excel/job_titles.html
2523,Practice Manager,Office & Administration,0.97,Very High,First-Line Supervisors of Office and Administrative Support Workers,43-1011.00,https://www.onetcenter.org/dictionary/30.3/excel/job_titles.html
2524,Press Specialist,Manufacturing & Production,0.97,Very High,Prepress Technicians and Workers,51-5111.00,https://www.onetcenter.org/dictionary/30.3/excel/job_titles.html
2525,Printer Operator,Manufacturing & Production,0.97,Very High,Printing Press Operators,51-5112.00,https://www.onetcenter.org/dictionary/30.3/excel/job_titles.html
2526,Product Designer,"Software, IT & Data",0.97,Very High,Web and Digital Interface Designers,15-1255.00,https://www.onetcenter.org/dictionary/30.3/excel/job_titles.html
2527,Product Finisher,Manufacturing & Production,0.97,Very High,"Grinding and Polishing Workers, Hand",51-9022.00,https://www.onetcenter.org/dictionary/30.3/excel/job_titles.html
2528,Production Baker,Manufacturing & Production,0.97,Very High,Bakers,51-3011.00,https://www.onetcenter.org/dictionary/30.3/excel/job_titles.html
2529,Project Designer,"Arts, Media & Design",0.97,Very High,Interior Designers,27-1025.00,https://www.onetcenter.org/dictionary/30.3/excel/job_titles.html
2530,Project Engineer,Engineering & Architecture,0.97,Very High,Civil Engineers,17-2051.00,https://www.onetcenter.org/dictionary/30.3/excel/job_titles.html
2531,Project Surveyor,Engineering & Architecture,0.97,Very High,Surveyors,17-1022.00,https://www.onetcenter.org/dictionary/30.3/excel/job_titles.html
2532,Purchasing Buyer,Business & Finance,0.97,Very High,"Buyers and Purchasing Agents, Farm Products",13-1021.00,https://www.onetcenter.org/dictionary/30.3/excel/job_titles.html
2533,Quality Director,Management,0.97,Very High,Quality Control Systems Managers,11-3051.01,https://www.onetcenter.org/dictionary/30.3/excel/job_titles.html
2534,Quality Engineer,Engineering & Architecture,0.97,Very High,Industrial Engineers,17-2112.00,https://www.onetcenter.org/dictionary/30.3/excel/job_titles.html
2535,Quick Technician,Construction & Trades,0.97,Very High,Highway Maintenance Workers,47-4051.00,https://www.onetcenter.org/dictionary/30.3/excel/job_titles.html
2536,Railcar Mechanic,Transportation & Logistics,0.97,Very High,"Railroad Brake, Signal, and Switch Operators and Locomotive Firers",53-4022.00,https://www.onetcenter.org/dictionary/30.3/excel/job_titles.html
2537,Range Instructor,Education & Library,0.97,Very High,"Forestry and Conservation Science Teachers, Postsecondary",25-1043.00,https://www.onetcenter.org/dictionary/30.3/excel/job_titles.html
2538,Range Technician,Science,0.97,Very High,Range Managers,19-1031.02,https://www.onetcenter.org/dictionary/30.3/excel/job_titles.html
2539,Reclaim Operator,Manufacturing & Production,0.97,Very High,"Food and Tobacco Roasting, Baking, and Drying Machine Operators and Tenders",51-3091.00,https://www.onetcenter.org/dictionary/30.3/excel/job_titles.html
2540,Recycling Sorter,Transportation & Logistics,0.97,Very High,Recycling Coordinators,53-1042.01,https://www.onetcenter.org/dictionary/30.3/excel/job_titles.html
2541,Recycling Worker,Transportation & Logistics,0.97,Very High,Recycling Coordinators,53-1042.01,https://www.onetcenter.org/dictionary/30.3/excel/job_titles.html
2542,Regional Manager,Management,0.97,Very High,Sales Managers,11-2022.00,https://www.onetcenter.org/dictionary/30.3/excel/job_titles.html
2543,Research Analyst,"Software, IT & Data",0.97,Very High,Operations Research Analysts,15-2031.00,https://www.onetcenter.org/dictionary/30.3/excel/job_titles.html
2544,Resident Advisor,Personal Care & Services,0.97,Very High,Residential Advisors,39-9041.00,https://www.onetcenter.org/dictionary/30.3/excel/job_titles.html
2545,Resident Monitor,Public Safety,0.97,Very High,Correctional Officers and Jailers,33-3012.00,https://www.onetcenter.org/dictionary/30.3/excel/job_titles.html
2546,Residential Aide,Personal Care & Services,0.97,Very High,Residential Advisors,39-9041.00,https://www.onetcenter.org/dictionary/30.3/excel/job_titles.html
2547,Resource Officer,Public Safety,0.97,Very High,Fish and Game Wardens,33-3031.00,https://www.onetcenter.org/dictionary/30.3/excel/job_titles.html
2548,Resource Teacher,Education & Library,0.97,Very High,"Special Education Teachers, Middle School",25-2057.00,https://www.onetcenter.org/dictionary/30.3/excel/job_titles.html
2549,Rigging Engineer,Transportation & Logistics,0.97,Very High,Hoist and Winch Operators,53-7041.00,https://www.onetcenter.org/dictionary/30.3/excel/job_titles.html
2550,Road Crew Member,Construction & Trades,0.97,Very High,Highway Maintenance Workers,47-4051.00,https://www.onetcenter.org/dictionary/30.3/excel/job_titles.html
2551,Roadway Engineer,Engineering & Architecture,0.97,Very High,Civil Engineers,17-2051.00,https://www.onetcenter.org/dictionary/30.3/excel/job_titles.html
2552,Robot Programmer,Engineering & Architecture,0.97,Very High,Robotics Technicians,17-3024.01,https://www.onetcenter.org/dictionary/30.3/excel/job_titles.html
2553,Robot Technician,Engineering & Architecture,0.97,Very High,Robotics Technicians,17-3024.01,https://www.onetcenter.org/dictionary/30.3/excel/job_titles.html
2554,Russian Linguist,"Arts, Media & Design",0.97,Very High,Interpreters and Translators,27-3091.00,https://www.onetcenter.org/dictionary/30.3/excel/job_titles.html
2555,Safety Inspector,Transportation & Logistics,0.97,Very High,Transportation Inspectors,53-6051.00,https://www.onetcenter.org/dictionary/30.3/excel/job_titles.html
2556,Sales Agronomist,Sales,0.97,Very High,"Sales Representatives, Wholesale and Manufacturing, Technical and Scientific Products",41-4011.00,https://www.onetcenter.org/dictionary/30.3/excel/job_titles.html
2557,Sales Ambassador,Sales,0.97,Very High,Demonstrators and Product Promoters,41-9011.00,https://www.onetcenter.org/dictionary/30.3/excel/job_titles.html
2558,Sales Consultant,Sales,0.97,Very High,Retail Salespersons,41-2031.00,https://www.onetcenter.org/dictionary/30.3/excel/job_titles.html
2559,Sales Specialist,Sales,0.97,Very High,Parts Salespersons,41-2022.00,https://www.onetcenter.org/dictionary/30.3/excel/job_titles.html
2560,Salon Supervisor,Management,0.97,Very High,Spa Managers,11-9179.02,https://www.onetcenter.org/dictionary/30.3/excel/job_titles.html
2561,Scaffold Erector,Construction & Trades,0.97,Very High,Structural Iron and Steel Workers,47-2221.00,https://www.onetcenter.org/dictionary/30.3/excel/job_titles.html
2562,Scale Technician,"Agriculture, Fishing & Forestry",0.97,Very High,Log Graders and Scalers,45-4023.00,https://www.onetcenter.org/dictionary/30.3/excel/job_titles.html
2563,School Therapist,Community & Social Services,0.97,Very High,"Child, Family, and School Social Workers",21-1021.00,https://www.onetcenter.org/dictionary/30.3/excel/job_titles.html
2564,Security Analyst,"Software, IT & Data",0.97,Very High,Information Security Analysts,15-1212.00,https://www.onetcenter.org/dictionary/30.3/excel/job_titles.html
2565,Security Manager,Management,0.97,Very High,Security Managers,11-3013.01,https://www.onetcenter.org/dictionary/30.3/excel/job_titles.html
2566,Sensor Assembler,Science,0.97,Very High,Remote Sensing Scientists and Technologists,19-2099.01,https://www.onetcenter.org/dictionary/30.3/excel/job_titles.html
2567,Service Engineer,Engineering & Architecture,0.97,Very High,Aerospace Engineers,17-2011.00,https://www.onetcenter.org/dictionary/30.3/excel/job_titles.html
2568,Service Operator,Office & Administration,0.97,Very High,"Switchboard Operators, Including Answering Service",43-2011.00,https://www.onetcenter.org/dictionary/30.3/excel/job_titles.html
2569,Setup Technician,Manufacturing & Production,0.97,Very High,"Drilling and Boring Machine Tool Setters, Operators, and Tenders, Metal and Plastic",51-4032.00,https://www.onetcenter.org/dictionary/30.3/excel/job_titles.html
2570,Sewer Technician,Construction & Trades,0.97,Very High,Septic Tank Servicers and Sewer Pipe Cleaners,47-4071.00,https://www.onetcenter.org/dictionary/30.3/excel/job_titles.html
2571,Shift Supervisor,Management,0.97,Very High,General and Operations Managers,11-1021.00,https://www.onetcenter.org/dictionary/30.3/excel/job_titles.html
2572,Short Order Cook,Food & Hospitality,0.97,Very High,"Cooks, Short Order",35-2015.00,https://www.onetcenter.org/dictionary/30.3/excel/job_titles.html
2573,Shot Crew Helper,Construction & Trades,0.97,Very High,Helpers--Extraction Workers,47-5081.00,https://www.onetcenter.org/dictionary/30.3/excel/job_titles.html
2574,Signal Inspector,"Installation, Maintenance & Repair",0.97,Very High,Signal and Track Switch Repairers,49-9097.00,https://www.onetcenter.org/dictionary/30.3/excel/job_titles.html
2575,Site Coordinator,Management,0.97,Very High,"Education and Childcare Administrators, Preschool and Daycare",11-9031.00,https://www.onetcenter.org/dictionary/30.3/excel/job_titles.html
2576,Skidder Operator,"Agriculture, Fishing & Forestry",0.97,Very High,Forest and Conservation Workers,45-4011.00,https://www.onetcenter.org/dictionary/30.3/excel/job_titles.html
2577,Slitter Operator,Manufacturing & Production,0.97,Very High,"Cutting, Punching, and Press Machine Setters, Operators, and Tenders, Metal and Plastic",51-4031.00,https://www.onetcenter.org/dictionary/30.3/excel/job_titles.html
2578,Solar Consultant,Sales,0.97,Very High,Solar Sales Representatives and Assessors,41-4011.07,https://www.onetcenter.org/dictionary/30.3/excel/job_titles.html
2579,Solar Technician,Construction & Trades,0.97,Very High,Solar Thermal Installers and Technicians,47-2152.04,https://www.onetcenter.org/dictionary/30.3/excel/job_titles.html
2580,Sourcing Analyst,Business & Finance,0.97,Very High,"Wholesale and Retail Buyers, Except Farm Products",13-1022.00,https://www.onetcenter.org/dictionary/30.3/excel/job_titles.html
2581,Spa Receptionist,Office & Administration,0.97,Very High,Receptionists and Information Clerks,43-4171.00,https://www.onetcenter.org/dictionary/30.3/excel/job_titles.html
2582,Specialty Artist,"Arts, Media & Design",0.97,Very High,"Fine Artists, Including Painters, Sculptors, and Illustrators",27-1013.00,https://www.onetcenter.org/dictionary/30.3/excel/job_titles.html
2583,Spray Technician,Cleaning & Grounds,0.97,Very High,"Pesticide Handlers, Sprayers, and Applicators, Vegetation",37-3012.00,https://www.onetcenter.org/dictionary/30.3/excel/job_titles.html
2584,Sprinkler Helper,Construction & Trades,0.97,Very High,"Helpers--Pipelayers, Plumbers, Pipefitters, and Steamfitters",47-3015.00,https://www.onetcenter.org/dictionary/30.3/excel/job_titles.html
2585,Staff Accountant,Business & Finance,0.97,Very High,Accountants and Auditors,13-2011.00,https://www.onetcenter.org/dictionary/30.3/excel/job_titles.html
2586,Staffing Manager,Management,0.97,Very High,Human Resources Managers,11-3121.00,https://www.onetcenter.org/dictionary/30.3/excel/job_titles.html
2587,Station Operator,Transportation & Logistics,0.97,Very High,Gas Compressor and Gas Pumping Station Operators,53-7071.00,https://www.onetcenter.org/dictionary/30.3/excel/job_titles.html
2588,Steel Fabricator,Manufacturing & Production,0.97,Very High,Structural Metal Fabricators and Fitters,51-2041.00,https://www.onetcenter.org/dictionary/30.3/excel/job_titles.html
2589,Storage Engineer,"Software, IT & Data",0.97,Very High,Data Warehousing Specialists,15-1243.01,https://www.onetcenter.org/dictionary/30.3/excel/job_titles.html
2590,Store Supervisor,Sales,0.97,Very High,First-Line Supervisors of Retail Sales Workers,41-1011.00,https://www.onetcenter.org/dictionary/30.3/excel/job_titles.html
2591,Swine Specialist,Science,0.97,Very High,Animal Scientists,19-1011.00,https://www.onetcenter.org/dictionary/30.3/excel/job_titles.html
2592,Systems Designer,Engineering & Architecture,0.97,Very High,Electrical and Electronics Drafters,17-3012.00,https://www.onetcenter.org/dictionary/30.3/excel/job_titles.html
2593,Systems Engineer,"Software, IT & Data",0.97,Very High,Computer Systems Engineers/Architects,15-1299.08,https://www.onetcenter.org/dictionary/30.3/excel/job_titles.html
2594,Telecommunicator,Office & Administration,0.97,Very High,Public Safety Telecommunicators,43-5031.00,https://www.onetcenter.org/dictionary/30.3/excel/job_titles.html
2595,Telehealth Nurse,"Software, IT & Data",0.97,Very High,Health Informatics Specialists,15-1211.01,https://www.onetcenter.org/dictionary/30.3/excel/job_titles.html
2596,Text Transcriber,"Arts, Media & Design",0.97,Very High,Court Reporters and Simultaneous Captioners,27-3092.00,https://www.onetcenter.org/dictionary/30.3/excel/job_titles.html
2597,Thermal Operator,Construction & Trades,0.97,Very High,Solar Thermal Installers and Technicians,47-2152.04,https://www.onetcenter.org/dictionary/30.3/excel/job_titles.html
2598,Title Specialist,Law,0.97,Very High,"Title Examiners, Abstractors, and Searchers",23-2093.00,https://www.onetcenter.org/dictionary/30.3/excel/job_titles.html
2599,To Go Specialist,Food & Hospitality,0.97,Very High,Fast Food and Counter Workers,35-3023.00,https://www.onetcenter.org/dictionary/30.3/excel/job_titles.html
2600,Towboat Operator,Transportation & Logistics,0.97,Very High,Motorboat Operators,53-5022.00,https://www.onetcenter.org/dictionary/30.3/excel/job_titles.html
2601,Tower Technician,Transportation & Logistics,0.97,Very High,Crane and Tower Operators,53-7021.00,https://www.onetcenter.org/dictionary/30.3/excel/job_titles.html
2602,Training Captain,Transportation & Logistics,0.97,Very High,"Captains, Mates, and Pilots of Water Vessels",53-5021.00,https://www.onetcenter.org/dictionary/30.3/excel/job_titles.html
2603,Transcript Clerk,"Arts, Media & Design",0.97,Very High,Court Reporters and Simultaneous Captioners,27-3092.00,https://www.onetcenter.org/dictionary/30.3/excel/job_titles.html
2604,Transcriptionist,Healthcare Support,0.97,Very High,Medical Transcriptionists,31-9094.00,https://www.onetcenter.org/dictionary/30.3/excel/job_titles.html
2605,Transit Operator,Transportation & Logistics,0.97,Very High,Subway and Streetcar Operators,53-4041.00,https://www.onetcenter.org/dictionary/30.3/excel/job_titles.html
2606,Tree Coordinator,"Agriculture, Fishing & Forestry",0.97,Very High,Forest and Conservation Workers,45-4011.00,https://www.onetcenter.org/dictionary/30.3/excel/job_titles.html
2607,Turbine Engineer,Engineering & Architecture,0.97,Very High,Wind Energy Engineers,17-2199.10,https://www.onetcenter.org/dictionary/30.3/excel/job_titles.html
2608,Upholstery Sewer,Manufacturing & Production,0.97,Very High,Upholsterers,51-6093.00,https://www.onetcenter.org/dictionary/30.3/excel/job_titles.html
2609,Utility Arborist,Science,0.97,Very High,Foresters,19-1032.00,https://www.onetcenter.org/dictionary/30.3/excel/job_titles.html
2610,Utility Forester,Science,0.97,Very High,Foresters,19-1032.00,https://www.onetcenter.org/dictionary/30.3/excel/job_titles.html
2611,Utility Operator,Manufacturing & Production,0.97,Very High,Water and Wastewater Treatment Plant and System Operators,51-8031.00,https://www.onetcenter.org/dictionary/30.3/excel/job_titles.html
2612,Vacation Planner,Sales,0.97,Very High,Travel Agents,41-3041.00,https://www.onetcenter.org/dictionary/30.3/excel/job_titles.html
2613,Valve Technician,"Installation, Maintenance & Repair",0.97,Very High,"Control and Valve Installers and Repairers, Except Mechanical Door",49-9012.00,https://www.onetcenter.org/dictionary/30.3/excel/job_titles.html
2614,Vehicle Detailer,Transportation & Logistics,0.97,Very High,Cleaners of Vehicles and Equipment,53-7061.00,https://www.onetcenter.org/dictionary/30.3/excel/job_titles.html
2615,Vehicle Operator,Transportation & Logistics,0.97,Very High,Shuttle Drivers and Chauffeurs,53-3053.00,https://www.onetcenter.org/dictionary/30.3/excel/job_titles.html
2616,Video Specialist,"Arts, Media & Design",0.97,Very High,"Camera Operators, Television, Video, and Film",27-4031.00,https://www.onetcenter.org/dictionary/30.3/excel/job_titles.html
2617,Video Technician,"Arts, Media & Design",0.97,Very High,Audio and Video Technicians,27-4011.00,https://www.onetcenter.org/dictionary/30.3/excel/job_titles.html
2618,Vinegar Operator,Manufacturing & Production,0.97,Very High,Food Batchmakers,51-3092.00,https://www.onetcenter.org/dictionary/30.3/excel/job_titles.html
2619,Vision Therapist,Healthcare,0.97,Very High,"Low Vision Therapists, Orientation and Mobility Specialists, and Vision Rehabilitation Therapists",29-1122.01,https://www.onetcenter.org/dictionary/30.3/excel/job_titles.html
2620,Visual Inspector,Transportation & Logistics,0.97,Very High,"Transportation Vehicle, Equipment and Systems Inspectors, Except Aviation",53-6051.07,https://www.onetcenter.org/dictionary/30.3/excel/job_titles.html
2621,Voice Instructor,Education & Library,0.97,Very High,Self-Enrichment Teachers,25-3021.00,https://www.onetcenter.org/dictionary/30.3/excel/job_titles.html
2622,Warehouse Driver,Transportation & Logistics,0.97,Very High,Industrial Truck and Tractor Operators,53-7051.00,https://www.onetcenter.org/dictionary/30.3/excel/job_titles.html
2623,Warehouse Loader,Transportation & Logistics,0.97,Very High,"Tank Car, Truck, and Ship Loaders",53-7121.00,https://www.onetcenter.org/dictionary/30.3/excel/job_titles.html
2624,Warehouse Packer,Transportation & Logistics,0.97,Very High,"Packers and Packagers, Hand",53-7064.00,https://www.onetcenter.org/dictionary/30.3/excel/job_titles.html
2625,Warehouse Picker,Transportation & Logistics,0.97,Very High,"Packers and Packagers, Hand",53-7064.00,https://www.onetcenter.org/dictionary/30.3/excel/job_titles.html
2626,Warehouse Sorter,Office & Administration,0.97,Very High,"Mail Clerks and Mail Machine Operators, Except Postal Service",43-9051.00,https://www.onetcenter.org/dictionary/30.3/excel/job_titles.html
2627,Welding Operator,Manufacturing & Production,0.97,Very High,"Welding, Soldering, and Brazing Machine Setters, Operators, and Tenders",51-4122.00,https://www.onetcenter.org/dictionary/30.3/excel/job_titles.html
2628,Wellness Manager,Management,0.97,Very High,Fitness and Wellness Coordinators,11-9179.01,https://www.onetcenter.org/dictionary/30.3/excel/job_titles.html
2629,Wheelchair Agent,Personal Care & Services,0.97,Very High,Baggage Porters and Bellhops,39-6011.00,https://www.onetcenter.org/dictionary/30.3/excel/job_titles.html
2630,Wiring Assembler,Manufacturing & Production,0.97,Very High,"Aircraft Structure, Surfaces, Rigging, and Systems Assemblers",51-2011.00,https://www.onetcenter.org/dictionary/30.3/excel/job_titles.html
2631,Worship Director,Community & Social Services,0.97,Very High,"Directors, Religious Activities and Education",21-2021.00,https://www.onetcenter.org/dictionary/30.3/excel/job_titles.html
2632,Yard Coordinator,Transportation & Logistics,0.97,Very High,"First-Line Supervisors of Helpers, Laborers, and Material Movers, Hand",53-1042.00,https://www.onetcenter.org/dictionary/30.3/excel/job_titles.html
2633,Youth Instructor,Community & Social Services,0.97,Very High,"Directors, Religious Activities and Education",21-2021.00,https://www.onetcenter.org/dictionary/30.3/excel/job_titles.html
2634,Youth Specialist,Community & Social Services,0.97,Very High,"Child, Family, and School Social Workers",21-1021.00,https://www.onetcenter.org/dictionary/30.3/excel/job_titles.html
2635,Accident Examiner,Public Safety,0.97,Very High,Police Identification and Records Officers,33-3021.02,https://www.onetcenter.org/dictionary/30.3/excel/job_titles.html
2636,Account Executive,Sales,0.97,Very High,"Sales Representatives of Services, Except Advertising, Insurance, Financial Services, and Travel",41-3091.00,https://www.onetcenter.org/dictionary/30.3/excel/job_titles.html
2637,Acquisition Agent,Business & Finance,0.97,Very High,"Agents and Business Managers of Artists, Performers, and Athletes",13-1011.00,https://www.onetcenter.org/dictionary/30.3/excel/job_titles.html
2638,Actuarial Analyst,"Software, IT & Data",0.97,Very High,Actuaries,15-2011.00,https://www.onetcenter.org/dictionary/30.3/excel/job_titles.html
2639,Adjunct Professor,Education & Library,0.97,Very High,"Law Teachers, Postsecondary",25-1112.00,https://www.onetcenter.org/dictionary/30.3/excel/job_titles.html
2640,Aircraft Detailer,Transportation & Logistics,0.97,Very High,Cleaners of Vehicles and Equipment,53-7061.00,https://www.onetcenter.org/dictionary/30.3/excel/job_titles.html
2641,Aircraft Mechanic,"Installation, Maintenance & Repair",0.97,Very High,Aircraft Mechanics and Service Technicians,49-3011.00,https://www.onetcenter.org/dictionary/30.3/excel/job_titles.html
2642,Appliance Advisor,"Installation, Maintenance & Repair",0.97,Very High,Home Appliance Repairers,49-9031.00,https://www.onetcenter.org/dictionary/30.3/excel/job_titles.html
2643,Applied Scientist,"Software, IT & Data",0.97,Very High,Computer and Information Research Scientists,15-1221.00,https://www.onetcenter.org/dictionary/30.3/excel/job_titles.html
2644,Appraisal Manager,Business & Finance,0.97,Very High,Appraisers and Assessors of Real Estate,13-2023.00,https://www.onetcenter.org/dictionary/30.3/excel/job_titles.html
2645,Aquatics Director,Management,0.97,Very High,"Entertainment and Recreation Managers, Except Gambling",11-9072.00,https://www.onetcenter.org/dictionary/30.3/excel/job_titles.html
2646,Arabic Instructor,Education & Library,0.97,Very High,"Foreign Language and Literature Teachers, Postsecondary",25-1124.00,https://www.onetcenter.org/dictionary/30.3/excel/job_titles.html
2647,Arcade Technician,"Installation, Maintenance & Repair",0.97,Very High,"Coin, Vending, and Amusement Machine Servicers and Repairers",49-9091.00,https://www.onetcenter.org/dictionary/30.3/excel/job_titles.html
2648,Artist Instructor,Education & Library,0.97,Very High,"Art, Drama, and Music Teachers, Postsecondary",25-1121.00,https://www.onetcenter.org/dictionary/30.3/excel/job_titles.html
2649,Asphalt Screedman,Construction & Trades,0.97,Very High,"Paving, Surfacing, and Tamping Equipment Operators",47-2071.00,https://www.onetcenter.org/dictionary/30.3/excel/job_titles.html
2650,Assembly Mechanic,"Installation, Maintenance & Repair",0.97,Very High,Industrial Machinery Mechanics,49-9041.00,https://www.onetcenter.org/dictionary/30.3/excel/job_titles.html
2651,Assembly Operator,Manufacturing & Production,0.97,Very High,Team Assemblers,51-2092.00,https://www.onetcenter.org/dictionary/30.3/excel/job_titles.html
2652,Assignment Editor,"Arts, Media & Design",0.97,Very High,Editors,27-3041.00,https://www.onetcenter.org/dictionary/30.3/excel/job_titles.html
2653,Automation Tender,Manufacturing & Production,0.97,Very High,Textile Bleaching and Dyeing Machine Operators and Tenders,51-6061.00,https://www.onetcenter.org/dictionary/30.3/excel/job_titles.html
2654,Automotive Tinter,"Installation, Maintenance & Repair",0.97,Very High,Automotive Glass Installers and Repairers,49-3022.00,https://www.onetcenter.org/dictionary/30.3/excel/job_titles.html
2655,Autonomy Engineer,Engineering & Architecture,0.97,Very High,Robotics Engineers,17-2199.08,https://www.onetcenter.org/dictionary/30.3/excel/job_titles.html
2656,Avionics Engineer,Engineering & Architecture,0.97,Very High,Aerospace Engineers,17-2011.00,https://www.onetcenter.org/dictionary/30.3/excel/job_titles.html
2657,Back End Engineer,"Software, IT & Data",0.97,Very High,Web Developers,15-1254.00,https://www.onetcenter.org/dictionary/30.3/excel/job_titles.html
2658,Bicycle Assembler,"Installation, Maintenance & Repair",0.97,Very High,Bicycle Repairers,49-3091.00,https://www.onetcenter.org/dictionary/30.3/excel/job_titles.html
2659,Biology Professor,Education & Library,0.97,Very High,"Biological Science Teachers, Postsecondary",25-1042.00,https://www.onetcenter.org/dictionary/30.3/excel/job_titles.html
2660,Biology Scientist,Science,0.97,Very High,Biologists,19-1029.04,https://www.onetcenter.org/dictionary/30.3/excel/job_titles.html
2661,Board Prosthetist,Healthcare,0.97,Very High,Orthotists and Prosthetists,29-2091.00,https://www.onetcenter.org/dictionary/30.3/excel/job_titles.html
2662,Body Shop Painter,"Installation, Maintenance & Repair",0.97,Very High,Automotive Body and Related Repairers,49-3021.00,https://www.onetcenter.org/dictionary/30.3/excel/job_titles.html
2663,Bolting Inspector,Construction & Trades,0.97,Very High,"Roof Bolters, Mining",47-5043.00,https://www.onetcenter.org/dictionary/30.3/excel/job_titles.html
2664,Bridge Technician,Manufacturing & Production,0.97,Very High,Dental Laboratory Technicians,51-9081.00,https://www.onetcenter.org/dictionary/30.3/excel/job_titles.html
2665,Brokerage Analyst,Office & Administration,0.97,Very High,Brokerage Clerks,43-4011.00,https://www.onetcenter.org/dictionary/30.3/excel/job_titles.html
2666,Budget Specialist,Business & Finance,0.97,Very High,Budget Analysts,13-2031.00,https://www.onetcenter.org/dictionary/30.3/excel/job_titles.html
2667,Building Engineer,"Installation, Maintenance & Repair",0.97,Very High,"Maintenance and Repair Workers, General",49-9071.00,https://www.onetcenter.org/dictionary/30.3/excel/job_titles.html
2668,Building Official,Construction & Trades,0.97,Very High,Construction and Building Inspectors,47-4011.00,https://www.onetcenter.org/dictionary/30.3/excel/job_titles.html
2669,Business Lecturer,Education & Library,0.97,Very High,"Business Teachers, Postsecondary",25-1011.00,https://www.onetcenter.org/dictionary/30.3/excel/job_titles.html
2670,Cabinet Installer,Manufacturing & Production,0.97,Very High,Cabinetmakers and Bench Carpenters,51-7011.00,https://www.onetcenter.org/dictionary/30.3/excel/job_titles.html
2671,Camera Technician,"Installation, Maintenance & Repair",0.97,Very High,Camera and Photographic Equipment Repairers,49-9061.00,https://www.onetcenter.org/dictionary/30.3/excel/job_titles.html
2672,Campus Supervisor,Public Safety,0.97,Very High,Crossing Guards and Flaggers,33-9091.00,https://www.onetcenter.org/dictionary/30.3/excel/job_titles.html
2673,Car Wash Detailer,Transportation & Logistics,0.97,Very High,Cleaners of Vehicles and Equipment,53-7061.00,https://www.onetcenter.org/dictionary/30.3/excel/job_titles.html
2674,Carbon Specialist,Engineering & Architecture,0.97,Very High,"Energy Engineers, Except Wind and Solar",17-2199.03,https://www.onetcenter.org/dictionary/30.3/excel/job_titles.html
2675,Carpentry Teacher,Education & Library,0.97,Very High,"Career/Technical Education Teachers, Middle School",25-2023.00,https://www.onetcenter.org/dictionary/30.3/excel/job_titles.html
2676,Carpet Technician,Construction & Trades,0.97,Very High,Carpet Installers,47-2041.00,https://www.onetcenter.org/dictionary/30.3/excel/job_titles.html
2677,Case Investigator,Public Safety,0.97,Very High,Private Detectives and Investigators,33-9021.00,https://www.onetcenter.org/dictionary/30.3/excel/job_titles.html
2678,Catering Director,Management,0.97,Very High,Food Service Managers,11-9051.00,https://www.onetcenter.org/dictionary/30.3/excel/job_titles.html
2679,Certified Flagger,Construction & Trades,0.97,Very High,Highway Maintenance Workers,47-4051.00,https://www.onetcenter.org/dictionary/30.3/excel/job_titles.html
2680,Chemical Engineer,Engineering & Architecture,0.97,Very High,Chemical Engineers,17-2041.00,https://www.onetcenter.org/dictionary/30.3/excel/job_titles.html
2681,Child Care Worker,Personal Care & Services,0.97,Very High,Childcare Workers,39-9011.00,https://www.onetcenter.org/dictionary/30.3/excel/job_titles.html
2682,Childcare Teacher,Education & Library,0.97,Very High,"Preschool Teachers, Except Special Education",25-2011.00,https://www.onetcenter.org/dictionary/30.3/excel/job_titles.html
2683,City Mail Carrier,Office & Administration,0.97,Very High,Postal Service Mail Carriers,43-5052.00,https://www.onetcenter.org/dictionary/30.3/excel/job_titles.html
2684,Claims Specialist,Business & Finance,0.97,Very High,"Claims Adjusters, Examiners, and Investigators",13-1031.00,https://www.onetcenter.org/dictionary/30.3/excel/job_titles.html
2685,Classroom Teacher,Education & Library,0.97,Very High,"Elementary School Teachers, Except Special Education",25-2021.00,https://www.onetcenter.org/dictionary/30.3/excel/job_titles.html
2686,Climbing Arborist,Cleaning & Grounds,0.97,Very High,Tree Trimmers and Pruners,37-3013.00,https://www.onetcenter.org/dictionary/30.3/excel/job_titles.html
2687,Clinical Reviewer,Healthcare,0.97,Very High,Genetic Counselors,29-9092.00,https://www.onetcenter.org/dictionary/30.3/excel/job_titles.html
2688,Coding Consultant,Healthcare,0.97,Very High,Medical Records Specialists,29-2072.00,https://www.onetcenter.org/dictionary/30.3/excel/job_titles.html
2689,Coding Instructor,Education & Library,0.97,Very High,"Career/Technical Education Teachers, Postsecondary",25-1194.00,https://www.onetcenter.org/dictionary/30.3/excel/job_titles.html
2690,Coding Specialist,Healthcare,0.97,Very High,Medical Records Specialists,29-2072.00,https://www.onetcenter.org/dictionary/30.3/excel/job_titles.html
2691,Collections Agent,Office & Administration,0.97,Very High,Bill and Account Collectors,43-3011.00,https://www.onetcenter.org/dictionary/30.3/excel/job_titles.html
2692,Commercial Driver,Transportation & Logistics,0.97,Very High,Light Truck Drivers,53-3033.00,https://www.onetcenter.org/dictionary/30.3/excel/job_titles.html
2693,Commodity Manager,Management,0.97,Very High,Purchasing Managers,11-3061.00,https://www.onetcenter.org/dictionary/30.3/excel/job_titles.html
2694,Community Liaison,Community & Social Services,0.97,Very High,Community Health Workers,21-1094.00,https://www.onetcenter.org/dictionary/30.3/excel/job_titles.html
2695,Community Manager,Management,0.97,Very High,"Property, Real Estate, and Community Association Managers",11-9141.00,https://www.onetcenter.org/dictionary/30.3/excel/job_titles.html
2696,Community Planner,Science,0.97,Very High,Urban and Regional Planners,19-3051.00,https://www.onetcenter.org/dictionary/30.3/excel/job_titles.html
2697,Compliance Tester,Business & Finance,0.97,Very High,Financial Examiners,13-2061.00,https://www.onetcenter.org/dictionary/30.3/excel/job_titles.html
2698,Concrete Operator,Transportation & Logistics,0.97,Very High,"Pump Operators, Except Wellhead Pumpers",53-7072.00,https://www.onetcenter.org/dictionary/30.3/excel/job_titles.html
2699,Console Attendant,Transportation & Logistics,0.97,Very High,Conveyor Operators and Tenders,53-7011.00,https://www.onetcenter.org/dictionary/30.3/excel/job_titles.html
2700,Content Developer,"Arts, Media & Design",0.97,Very High,Writers and Authors,27-3043.00,https://www.onetcenter.org/dictionary/30.3/excel/job_titles.html
2701,Content Publisher,"Software, IT & Data",0.97,Very High,Web Administrators,15-1299.01,https://www.onetcenter.org/dictionary/30.3/excel/job_titles.html
2702,Contracts Manager,Business & Finance,0.97,Very High,"Purchasing Agents, Except Wholesale, Retail, and Farm Products",13-1023.00,https://www.onetcenter.org/dictionary/30.3/excel/job_titles.html
2703,Controls Engineer,Engineering & Architecture,0.97,Very High,Chemical Engineers,17-2041.00,https://www.onetcenter.org/dictionary/30.3/excel/job_titles.html
2704,Copy Center Clerk,Office & Administration,0.97,Very High,"Office Machine Operators, Except Computer",43-9071.00,https://www.onetcenter.org/dictionary/30.3/excel/job_titles.html
2705,Correction Warden,Public Safety,0.97,Very High,First-Line Supervisors of Correctional Officers,33-1011.00,https://www.onetcenter.org/dictionary/30.3/excel/job_titles.html
2706,Costume Character,"Arts, Media & Design",0.97,Very High,Actors,27-2011.00,https://www.onetcenter.org/dictionary/30.3/excel/job_titles.html
2707,Creative Designer,"Arts, Media & Design",0.97,Very High,Special Effects Artists and Animators,27-1014.00,https://www.onetcenter.org/dictionary/30.3/excel/job_titles.html
2708,Creative Producer,"Arts, Media & Design",0.97,Very High,Producers and Directors,27-2012.00,https://www.onetcenter.org/dictionary/30.3/excel/job_titles.html
2709,Credit Specialist,Business & Finance,0.97,Very High,Credit Counselors,13-2071.00,https://www.onetcenter.org/dictionary/30.3/excel/job_titles.html
2710,Cruise Consultant,Personal Care & Services,0.97,Very High,Travel Guides,39-7012.00,https://www.onetcenter.org/dictionary/30.3/excel/job_titles.html
2711,Curriculum Writer,"Arts, Media & Design",0.97,Very High,Writers and Authors,27-3043.00,https://www.onetcenter.org/dictionary/30.3/excel/job_titles.html
2712,Custom Applicator,Cleaning & Grounds,0.97,Very High,"Pesticide Handlers, Sprayers, and Applicators, Vegetation",37-3012.00,https://www.onetcenter.org/dictionary/30.3/excel/job_titles.html
2713,Customer Engineer,"Software, IT & Data",0.97,Very High,Computer Network Support Specialists,15-1231.00,https://www.onetcenter.org/dictionary/30.3/excel/job_titles.html
2714,Design Consultant,"Arts, Media & Design",0.97,Very High,Floral Designers,27-1023.00,https://www.onetcenter.org/dictionary/30.3/excel/job_titles.html
2715,Design Technician,Engineering & Architecture,0.97,Very High,Civil Engineering Technologists and Technicians,17-3022.00,https://www.onetcenter.org/dictionary/30.3/excel/job_titles.html
2716,Developer Analyst,"Software, IT & Data",0.97,Very High,Computer Programmers,15-1251.00,https://www.onetcenter.org/dictionary/30.3/excel/job_titles.html
2717,Digital Publisher,Office & Administration,0.97,Very High,Desktop Publishers,43-9031.00,https://www.onetcenter.org/dictionary/30.3/excel/job_titles.html
2718,Dispatch Operator,Office & Administration,0.97,Very High,Public Safety Telecommunicators,43-5031.00,https://www.onetcenter.org/dictionary/30.3/excel/job_titles.html
2719,Drilling Motorman,Construction & Trades,0.97,Very High,"Derrick Operators, Oil and Gas",47-5011.00,https://www.onetcenter.org/dictionary/30.3/excel/job_titles.html
2720,Drilling Operator,Manufacturing & Production,0.97,Very High,"Drilling and Boring Machine Tool Setters, Operators, and Tenders, Metal and Plastic",51-4032.00,https://www.onetcenter.org/dictionary/30.3/excel/job_titles.html
2721,Driving Inspector,Construction & Trades,0.97,Very High,Pile Driver Operators,47-2072.00,https://www.onetcenter.org/dictionary/30.3/excel/job_titles.html
2722,Dry Room Operator,Manufacturing & Production,0.97,Very High,"Furnace, Kiln, Oven, Drier, and Kettle Operators and Tenders",51-9051.00,https://www.onetcenter.org/dictionary/30.3/excel/job_titles.html
2723,Echocardiographer,Healthcare,0.97,Very High,Cardiovascular Technologists and Technicians,29-2031.00,https://www.onetcenter.org/dictionary/30.3/excel/job_titles.html
2724,Electrical Winder,"Installation, Maintenance & Repair",0.97,Very High,"Electric Motor, Power Tool, and Related Repairers",49-2092.00,https://www.onetcenter.org/dictionary/30.3/excel/job_titles.html
2725,Electronic Tester,"Installation, Maintenance & Repair",0.97,Very High,"Electrical and Electronics Installers and Repairers, Transportation Equipment",49-2093.00,https://www.onetcenter.org/dictionary/30.3/excel/job_titles.html
2726,Elevator Operator,Transportation & Logistics,0.97,Very High,Conveyor Operators and Tenders,53-7011.00,https://www.onetcenter.org/dictionary/30.3/excel/job_titles.html
2727,Energy Consultant,Construction & Trades,0.97,Very High,Energy Auditors,47-4011.01,https://www.onetcenter.org/dictionary/30.3/excel/job_titles.html
2728,Energy Technician,"Installation, Maintenance & Repair",0.97,Very High,Wind Turbine Service Technicians,49-9081.00,https://www.onetcenter.org/dictionary/30.3/excel/job_titles.html
2729,Enforcement Agent,Public Safety,0.97,Very High,Detectives and Criminal Investigators,33-3021.00,https://www.onetcenter.org/dictionary/30.3/excel/job_titles.html
2730,Engine Specialist,"Installation, Maintenance & Repair",0.97,Very High,Outdoor Power Equipment and Other Small Engine Mechanics,49-3053.00,https://www.onetcenter.org/dictionary/30.3/excel/job_titles.html
2731,Envelope Adjuster,Manufacturing & Production,0.97,Very High,"Paper Goods Machine Setters, Operators, and Tenders",51-9196.00,https://www.onetcenter.org/dictionary/30.3/excel/job_titles.html
2732,Executive Officer,Management,0.97,Very High,Chief Executives,11-1011.00,https://www.onetcenter.org/dictionary/30.3/excel/job_titles.html
2733,Export Specialist,Office & Administration,0.97,Very High,Cargo and Freight Agents,43-5011.00,https://www.onetcenter.org/dictionary/30.3/excel/job_titles.html
2734,Fabric Specialist,Manufacturing & Production,0.97,Very High,"Sewers, Hand",51-6051.00,https://www.onetcenter.org/dictionary/30.3/excel/job_titles.html
2735,Field Crew Member,Engineering & Architecture,0.97,Very High,Surveying and Mapping Technicians,17-3031.00,https://www.onetcenter.org/dictionary/30.3/excel/job_titles.html
2736,Field Interviewer,Science,0.97,Very High,Survey Researchers,19-3022.00,https://www.onetcenter.org/dictionary/30.3/excel/job_titles.html
2737,Field Underwriter,Business & Finance,0.97,Very High,Insurance Underwriters,13-2053.00,https://www.onetcenter.org/dictionary/30.3/excel/job_titles.html
2738,Financial Analyst,Business & Finance,0.97,Very High,Financial Quantitative Analysts,13-2099.01,https://www.onetcenter.org/dictionary/30.3/excel/job_titles.html
2739,Firmware Engineer,"Software, IT & Data",0.97,Very High,Computer Systems Engineers/Architects,15-1299.08,https://www.onetcenter.org/dictionary/30.3/excel/job_titles.html
2740,Fleet Coordinator,Science,0.97,Very High,Transportation Planners,19-3099.01,https://www.onetcenter.org/dictionary/30.3/excel/job_titles.html
2741,Flight Controller,Transportation & Logistics,0.97,Very High,Air Traffic Controllers,53-2021.00,https://www.onetcenter.org/dictionary/30.3/excel/job_titles.html
2742,Floral Specialist,"Arts, Media & Design",0.97,Very High,Floral Designers,27-1023.00,https://www.onetcenter.org/dictionary/30.3/excel/job_titles.html
2743,Food Service Cook,Food & Hospitality,0.97,Very High,"Cooks, Fast Food",35-2011.00,https://www.onetcenter.org/dictionary/30.3/excel/job_titles.html
2744,Forensic Examiner,Science,0.97,Very High,Forensic Science Technicians,19-4092.00,https://www.onetcenter.org/dictionary/30.3/excel/job_titles.html
2745,French Instructor,Education & Library,0.97,Very High,"Foreign Language and Literature Teachers, Postsecondary",25-1124.00,https://www.onetcenter.org/dictionary/30.3/excel/job_titles.html
2746,Front End Cashier,Sales,0.97,Very High,Cashiers,41-2011.00,https://www.onetcenter.org/dictionary/30.3/excel/job_titles.html
2747,Furniture Builder,Manufacturing & Production,0.97,Very High,Cabinetmakers and Bench Carpenters,51-7011.00,https://www.onetcenter.org/dictionary/30.3/excel/job_titles.html
2748,General Physician,Healthcare,0.97,Very High,Family Medicine Physicians,29-1215.00,https://www.onetcenter.org/dictionary/30.3/excel/job_titles.html
2749,General Urologist,Healthcare,0.97,Very High,Urologists,29-1229.03,https://www.onetcenter.org/dictionary/30.3/excel/job_titles.html
2750,German Instructor,Education & Library,0.97,Very High,"Foreign Language and Literature Teachers, Postsecondary",25-1124.00,https://www.onetcenter.org/dictionary/30.3/excel/job_titles.html
2751,Granite Installer,Construction & Trades,0.97,Very High,Tile and Stone Setters,47-2044.00,https://www.onetcenter.org/dictionary/30.3/excel/job_titles.html
2752,Grants Specialist,Business & Finance,0.97,Very High,Fundraisers,13-1131.00,https://www.onetcenter.org/dictionary/30.3/excel/job_titles.html
2753,Growth Specialist,Science,0.97,Very High,Soil and Plant Scientists,19-1013.00,https://www.onetcenter.org/dictionary/30.3/excel/job_titles.html
2754,Hardware Engineer,Engineering & Architecture,0.97,Very High,Computer Hardware Engineers,17-2061.00,https://www.onetcenter.org/dictionary/30.3/excel/job_titles.html
2755,Health Specialist,Science,0.97,Very High,Occupational Health and Safety Specialists,19-5011.00,https://www.onetcenter.org/dictionary/30.3/excel/job_titles.html
2756,Heat Set Operator,Manufacturing & Production,0.97,Very High,"Forging Machine Setters, Operators, and Tenders, Metal and Plastic",51-4022.00,https://www.onetcenter.org/dictionary/30.3/excel/job_titles.html
2757,History Professor,Education & Library,0.97,Very High,"History Teachers, Postsecondary",25-1125.00,https://www.onetcenter.org/dictionary/30.3/excel/job_titles.html
2758,Hospitality Agent,Personal Care & Services,0.97,Very High,"Ushers, Lobby Attendants, and Ticket Takers",39-3031.00,https://www.onetcenter.org/dictionary/30.3/excel/job_titles.html
2759,Housekeeping Aide,Manufacturing & Production,0.97,Very High,Laundry and Dry-Cleaning Workers,51-6011.00,https://www.onetcenter.org/dictionary/30.3/excel/job_titles.html
2760,Housing Navigator,Community & Social Services,0.97,Very High,Rehabilitation Counselors,21-1015.00,https://www.onetcenter.org/dictionary/30.3/excel/job_titles.html
2761,Hydrovac Operator,Manufacturing & Production,0.97,Very High,"Petroleum Pump System Operators, Refinery Operators, and Gaugers",51-8093.00,https://www.onetcenter.org/dictionary/30.3/excel/job_titles.html
2762,Immigration Judge,Law,0.97,Very High,"Judges, Magistrate Judges, and Magistrates",23-1023.00,https://www.onetcenter.org/dictionary/30.3/excel/job_titles.html
2763,In Home Caregiver,Healthcare Support,0.97,Very High,Personal Care Aides,31-1122.00,https://www.onetcenter.org/dictionary/30.3/excel/job_titles.html
2764,In Store Promoter,Sales,0.97,Very High,Demonstrators and Product Promoters,41-9011.00,https://www.onetcenter.org/dictionary/30.3/excel/job_titles.html
2765,Informatics Nurse,"Software, IT & Data",0.97,Very High,Health Informatics Specialists,15-1211.01,https://www.onetcenter.org/dictionary/30.3/excel/job_titles.html
2766,Inserter Operator,Office & Administration,0.97,Very High,"Mail Clerks and Mail Machine Operators, Except Postal Service",43-9051.00,https://www.onetcenter.org/dictionary/30.3/excel/job_titles.html
2767,Intake Specialist,Healthcare,0.97,Very High,Patient Representatives,29-2099.08,https://www.onetcenter.org/dictionary/30.3/excel/job_titles.html
2768,Interior Mechanic,"Installation, Maintenance & Repair",0.97,Very High,Rail Car Repairers,49-3043.00,https://www.onetcenter.org/dictionary/30.3/excel/job_titles.html
2769,Inventory Manager,Management,0.97,Very High,Supply Chain Managers,11-3071.04,https://www.onetcenter.org/dictionary/30.3/excel/job_titles.html
2770,Janitorial Worker,Cleaning & Grounds,0.97,Very High,"Janitors and Cleaners, Except Maids and Housekeeping Cleaners",37-2011.00,https://www.onetcenter.org/dictionary/30.3/excel/job_titles.html
2771,Journeyman Roofer,Construction & Trades,0.97,Very High,Roofers,47-2181.00,https://www.onetcenter.org/dictionary/30.3/excel/job_titles.html
2772,Landscape Foreman,Cleaning & Grounds,0.97,Very High,"First-Line Supervisors of Landscaping, Lawn Service, and Groundskeeping Workers",37-1012.00,https://www.onetcenter.org/dictionary/30.3/excel/job_titles.html
2773,Landscape Manager,Cleaning & Grounds,0.97,Very High,"First-Line Supervisors of Landscaping, Lawn Service, and Groundskeeping Workers",37-1012.00,https://www.onetcenter.org/dictionary/30.3/excel/job_titles.html
2774,Lay Up Technician,Manufacturing & Production,0.97,Very High,"Multiple Machine Tool Setters, Operators, and Tenders, Metal and Plastic",51-4081.00,https://www.onetcenter.org/dictionary/30.3/excel/job_titles.html
2775,Learning Director,Management,0.97,Very High,Training and Development Managers,11-3131.00,https://www.onetcenter.org/dictionary/30.3/excel/job_titles.html
2776,Lease Coordinator,Sales,0.97,Very High,Real Estate Brokers,41-9021.00,https://www.onetcenter.org/dictionary/30.3/excel/job_titles.html
2777,Legal Proofreader,Office & Administration,0.97,Very High,Proofreaders and Copy Markers,43-9081.00,https://www.onetcenter.org/dictionary/30.3/excel/job_titles.html
2778,Lighting Designer,"Arts, Media & Design",0.97,Very High,Set and Exhibit Designers,27-1027.00,https://www.onetcenter.org/dictionary/30.3/excel/job_titles.html
2779,Lighting Engineer,"Arts, Media & Design",0.97,Very High,Lighting Technicians,27-4015.00,https://www.onetcenter.org/dictionary/30.3/excel/job_titles.html
2780,Live In Caregiver,Healthcare Support,0.97,Very High,Personal Care Aides,31-1122.00,https://www.onetcenter.org/dictionary/30.3/excel/job_titles.html
2781,Locate Technician,"Installation, Maintenance & Repair",0.97,Very High,Electrical Power-Line Installers and Repairers,49-9051.00,https://www.onetcenter.org/dictionary/30.3/excel/job_titles.html
2782,Logistics Analyst,Business & Finance,0.97,Very High,Logistics Analysts,13-1081.02,https://www.onetcenter.org/dictionary/30.3/excel/job_titles.html
2783,Machine Attendant,"Installation, Maintenance & Repair",0.97,Very High,"Coin, Vending, and Amusement Machine Servicers and Repairers",49-9091.00,https://www.onetcenter.org/dictionary/30.3/excel/job_titles.html
2784,Maintenance Clerk,"Installation, Maintenance & Repair",0.97,Very High,"Helpers--Installation, Maintenance, and Repair Workers",49-9098.00,https://www.onetcenter.org/dictionary/30.3/excel/job_titles.html
2785,Marine Shipfitter,Manufacturing & Production,0.97,Very High,"Layout Workers, Metal and Plastic",51-4192.00,https://www.onetcenter.org/dictionary/30.3/excel/job_titles.html
2786,Maritime Engineer,Transportation & Logistics,0.97,Very High,Ship Engineers,53-5031.00,https://www.onetcenter.org/dictionary/30.3/excel/job_titles.html
2787,Materials Analyst,Business & Finance,0.97,Very High,Logistics Analysts,13-1081.02,https://www.onetcenter.org/dictionary/30.3/excel/job_titles.html
2788,Materials Planner,Management,0.97,Very High,Supply Chain Managers,11-3071.04,https://www.onetcenter.org/dictionary/30.3/excel/job_titles.html
2789,Medical Assembler,Manufacturing & Production,0.97,Very High,Medical Appliance Technicians,51-9082.00,https://www.onetcenter.org/dictionary/30.3/excel/job_titles.html
2790,Medical Secretary,Office & Administration,0.97,Very High,Medical Secretaries and Administrative Assistants,43-6013.00,https://www.onetcenter.org/dictionary/30.3/excel/job_titles.html
2791,Millwright Helper,"Installation, Maintenance & Repair",0.97,Very High,Millwrights,49-9044.00,https://www.onetcenter.org/dictionary/30.3/excel/job_titles.html
2792,Mobile Technician,"Installation, Maintenance & Repair",0.97,Very High,"Electrical and Electronics Installers and Repairers, Transportation Equipment",49-2093.00,https://www.onetcenter.org/dictionary/30.3/excel/job_titles.html
2793,Molecular Modeler,Science,0.97,Very High,Bioinformatics Scientists,19-1029.01,https://www.onetcenter.org/dictionary/30.3/excel/job_titles.html
2794,Mortgage Servicer,Business & Finance,0.97,Very High,Loan Officers,13-2072.00,https://www.onetcenter.org/dictionary/30.3/excel/job_titles.html
2795,Museum Preparator,Education & Library,0.97,Very High,Museum Technicians and Conservators,25-4013.00,https://www.onetcenter.org/dictionary/30.3/excel/job_titles.html
2796,Museum Technician,Education & Library,0.97,Very High,Museum Technicians and Conservators,25-4013.00,https://www.onetcenter.org/dictionary/30.3/excel/job_titles.html
2797,Neurophysiologist,Science,0.97,Very High,Molecular and Cellular Biologists,19-1029.02,https://www.onetcenter.org/dictionary/30.3/excel/job_titles.html
2798,Newscast Director,"Arts, Media & Design",0.97,Very High,Media Programming Directors,27-2012.03,https://www.onetcenter.org/dictionary/30.3/excel/job_titles.html
2799,Nutrition Partner,Science,0.97,Very High,Animal Scientists,19-1011.00,https://www.onetcenter.org/dictionary/30.3/excel/job_titles.html
2800,Occupancy Planner,Science,0.97,Very High,Urban and Regional Planners,19-3051.00,https://www.onetcenter.org/dictionary/30.3/excel/job_titles.html
2801,Office Technician,Office & Administration,0.97,Very High,Word Processors and Typists,43-9022.00,https://www.onetcenter.org/dictionary/30.3/excel/job_titles.html
2802,Operations Teller,Office & Administration,0.97,Very High,Tellers,43-3071.00,https://www.onetcenter.org/dictionary/30.3/excel/job_titles.html
2803,Operator Engineer,Transportation & Logistics,0.97,Very High,Locomotive Engineers,53-4011.00,https://www.onetcenter.org/dictionary/30.3/excel/job_titles.html
2804,Ophthalmic Scribe,Healthcare,0.97,Very High,Ophthalmic Medical Technicians,29-2057.00,https://www.onetcenter.org/dictionary/30.3/excel/job_titles.html
2805,Outbound Operator,Transportation & Logistics,0.97,Very High,Railroad Conductors and Yardmasters,53-4031.00,https://www.onetcenter.org/dictionary/30.3/excel/job_titles.html
2806,Parole Specialist,Community & Social Services,0.97,Very High,Probation Officers and Correctional Treatment Specialists,21-1092.00,https://www.onetcenter.org/dictionary/30.3/excel/job_titles.html
2807,Patient Concierge,Personal Care & Services,0.97,Very High,Concierges,39-6012.00,https://www.onetcenter.org/dictionary/30.3/excel/job_titles.html
2808,Patient Registrar,Healthcare,0.97,Very High,Patient Representatives,29-2099.08,https://www.onetcenter.org/dictionary/30.3/excel/job_titles.html
2809,Pavement Engineer,Transportation & Logistics,0.97,Very High,Traffic Technicians,53-6041.00,https://www.onetcenter.org/dictionary/30.3/excel/job_titles.html
2810,Payroll Processor,Office & Administration,0.97,Very High,Payroll and Timekeeping Clerks,43-3051.00,https://www.onetcenter.org/dictionary/30.3/excel/job_titles.html
2811,Permit Specialist,Business & Finance,0.97,Very High,Environmental Compliance Inspectors,13-1041.01,https://www.onetcenter.org/dictionary/30.3/excel/job_titles.html
2812,Permit Technician,Transportation & Logistics,0.97,Very High,Traffic Technicians,53-6041.00,https://www.onetcenter.org/dictionary/30.3/excel/job_titles.html
2813,Pharmacy Resident,Healthcare,0.97,Very High,Pharmacists,29-1051.00,https://www.onetcenter.org/dictionary/30.3/excel/job_titles.html
2814,Physics Professor,Education & Library,0.97,Very High,"Physics Teachers, Postsecondary",25-1054.00,https://www.onetcenter.org/dictionary/30.3/excel/job_titles.html
2815,Pipefitter Helper,Construction & Trades,0.97,Very High,"Plumbers, Pipefitters, and Steamfitters",47-2152.00,https://www.onetcenter.org/dictionary/30.3/excel/job_titles.html
2816,Pipeline Engineer,Engineering & Architecture,0.97,Very High,Petroleum Engineers,17-2171.00,https://www.onetcenter.org/dictionary/30.3/excel/job_titles.html
2817,Piping Supervisor,Construction & Trades,0.97,Very High,Solar Energy Installation Managers,47-1011.03,https://www.onetcenter.org/dictionary/30.3/excel/job_titles.html
2818,Plant Site Leader,Management,0.97,Very High,Hydroelectric Production Managers,11-3051.06,https://www.onetcenter.org/dictionary/30.3/excel/job_titles.html
2819,Plants Geneticist,Science,0.97,Very High,Geneticists,19-1029.03,https://www.onetcenter.org/dictionary/30.3/excel/job_titles.html
2820,Plastics Engineer,Engineering & Architecture,0.97,Very High,Materials Engineers,17-2131.00,https://www.onetcenter.org/dictionary/30.3/excel/job_titles.html
2821,Platform Engineer,"Software, IT & Data",0.97,Very High,Computer Systems Engineers/Architects,15-1299.08,https://www.onetcenter.org/dictionary/30.3/excel/job_titles.html
2822,Plumbing Designer,Engineering & Architecture,0.97,Very High,Fire-Prevention and Protection Engineers,17-2111.02,https://www.onetcenter.org/dictionary/30.3/excel/job_titles.html
2823,Plumbing Engineer,Engineering & Architecture,0.97,Very High,Fire-Prevention and Protection Engineers,17-2111.02,https://www.onetcenter.org/dictionary/30.3/excel/job_titles.html
2824,Police Specialist,Public Safety,0.97,Very High,Transit and Railroad Police,33-3052.00,https://www.onetcenter.org/dictionary/30.3/excel/job_titles.html
2825,Policy Specialist,Science,0.97,Very High,Anthropologists and Archeologists,19-3091.00,https://www.onetcenter.org/dictionary/30.3/excel/job_titles.html
2826,Poultry Processor,Manufacturing & Production,0.97,Very High,Slaughterers and Meat Packers,51-3023.00,https://www.onetcenter.org/dictionary/30.3/excel/job_titles.html
2827,Printing Operator,Manufacturing & Production,0.97,Very High,Printing Press Operators,51-5112.00,https://www.onetcenter.org/dictionary/30.3/excel/job_titles.html
2828,Process Attendant,Manufacturing & Production,0.97,Very High,"Cleaning, Washing, and Metal Pickling Equipment Operators and Tenders",51-9192.00,https://www.onetcenter.org/dictionary/30.3/excel/job_titles.html
2829,Procurement Buyer,Business & Finance,0.97,Very High,"Wholesale and Retail Buyers, Except Farm Products",13-1022.00,https://www.onetcenter.org/dictionary/30.3/excel/job_titles.html
2830,Produce Inspector,"Agriculture, Fishing & Forestry",0.97,Very High,"Graders and Sorters, Agricultural Products",45-2041.00,https://www.onetcenter.org/dictionary/30.3/excel/job_titles.html
2831,Product Assembler,Manufacturing & Production,0.97,Very High,"Aircraft Structure, Surfaces, Rigging, and Systems Assemblers",51-2011.00,https://www.onetcenter.org/dictionary/30.3/excel/job_titles.html
2832,Product Craftsman,Manufacturing & Production,0.97,Very High,"Model Makers, Wood",51-7031.00,https://www.onetcenter.org/dictionary/30.3/excel/job_titles.html
2833,Production Artist,"Arts, Media & Design",0.97,Very High,"Fine Artists, Including Painters, Sculptors, and Illustrators",27-1013.00,https://www.onetcenter.org/dictionary/30.3/excel/job_titles.html
2834,Production Packer,Transportation & Logistics,0.97,Very High,"Packers and Packagers, Hand",53-7064.00,https://www.onetcenter.org/dictionary/30.3/excel/job_titles.html
2835,Production Worker,Manufacturing & Production,0.97,Very High,Team Assemblers,51-2092.00,https://www.onetcenter.org/dictionary/30.3/excel/job_titles.html
2836,Program Therapist,Healthcare,0.97,Very High,Art Therapists,29-1129.01,https://www.onetcenter.org/dictionary/30.3/excel/job_titles.html
2837,Project Architect,Engineering & Architecture,0.97,Very High,"Architects, Except Landscape and Naval",17-1011.00,https://www.onetcenter.org/dictionary/30.3/excel/job_titles.html
2838,Project Archivist,Education & Library,0.97,Very High,Archivists,25-4011.00,https://www.onetcenter.org/dictionary/30.3/excel/job_titles.html
2839,Project Inspector,Business & Finance,0.97,Very High,Government Property Inspectors and Investigators,13-1041.04,https://www.onetcenter.org/dictionary/30.3/excel/job_titles.html
2840,Quantum Physicist,Science,0.97,Very High,Physicists,19-2012.00,https://www.onetcenter.org/dictionary/30.3/excel/job_titles.html
2841,Railroad Repairer,"Installation, Maintenance & Repair",0.97,Very High,Rail Car Repairers,49-3043.00,https://www.onetcenter.org/dictionary/30.3/excel/job_titles.html
2842,Raise Bore Helper,Construction & Trades,0.97,Very High,Helpers--Extraction Workers,47-5081.00,https://www.onetcenter.org/dictionary/30.3/excel/job_titles.html
2843,Reading Professor,Education & Library,0.97,Very High,"English Language and Literature Teachers, Postsecondary",25-1123.00,https://www.onetcenter.org/dictionary/30.3/excel/job_titles.html
2844,Real Estate Agent,Sales,0.97,Very High,Real Estate Sales Agents,41-9022.00,https://www.onetcenter.org/dictionary/30.3/excel/job_titles.html
2845,Realty Specialist,Sales,0.97,Very High,Real Estate Brokers,41-9021.00,https://www.onetcenter.org/dictionary/30.3/excel/job_titles.html
2846,Recycling Manager,Transportation & Logistics,0.97,Very High,"First-Line Supervisors of Helpers, Laborers, and Material Movers, Hand",53-1042.00,https://www.onetcenter.org/dictionary/30.3/excel/job_titles.html
2847,Refractory Worker,"Installation, Maintenance & Repair",0.97,Very High,"Refractory Materials Repairers, Except Brickmasons",49-9045.00,https://www.onetcenter.org/dictionary/30.3/excel/job_titles.html
2848,Regional Engineer,Engineering & Architecture,0.97,Very High,Agricultural Engineers,17-2021.00,https://www.onetcenter.org/dictionary/30.3/excel/job_titles.html
2849,Rental Specialist,Sales,0.97,Very High,Counter and Rental Clerks,41-2021.00,https://www.onetcenter.org/dictionary/30.3/excel/job_titles.html
2850,Repair Specialist,"Installation, Maintenance & Repair",0.97,Very High,"Electrical and Electronics Repairers, Commercial and Industrial Equipment",49-2094.00,https://www.onetcenter.org/dictionary/30.3/excel/job_titles.html
2851,Repair Technician,"Installation, Maintenance & Repair",0.97,Very High,"Computer, Automated Teller, and Office Machine Repairers",49-2011.00,https://www.onetcenter.org/dictionary/30.3/excel/job_titles.html
2852,Research Engineer,"Software, IT & Data",0.97,Very High,Computer and Information Research Scientists,15-1221.00,https://www.onetcenter.org/dictionary/30.3/excel/job_titles.html
2853,Resident Director,Personal Care & Services,0.97,Very High,Residential Advisors,39-9041.00,https://www.onetcenter.org/dictionary/30.3/excel/job_titles.html
2854,Restaurant Busser,Food & Hospitality,0.97,Very High,Dining Room and Cafeteria Attendants and Bartender Helpers,35-9011.00,https://www.onetcenter.org/dictionary/30.3/excel/job_titles.html
2855,Retail Pharmacist,Healthcare,0.97,Very High,Pharmacists,29-1051.00,https://www.onetcenter.org/dictionary/30.3/excel/job_titles.html
2856,Roadway Inspector,Transportation & Logistics,0.97,Very High,Transportation Inspectors,53-6051.00,https://www.onetcenter.org/dictionary/30.3/excel/job_titles.html
2857,Robotics Engineer,Engineering & Architecture,0.97,Very High,Robotics Engineers,17-2199.08,https://www.onetcenter.org/dictionary/30.3/excel/job_titles.html
2858,Roofing Installer,Construction & Trades,0.97,Very High,Roofers,47-2181.00,https://www.onetcenter.org/dictionary/30.3/excel/job_titles.html
2859,Safety Specialist,Science,0.97,Very High,Occupational Health and Safety Specialists,19-5011.00,https://www.onetcenter.org/dictionary/30.3/excel/job_titles.html
2860,Sales Coordinator,Sales,0.97,Very High,Advertising Sales Agents,41-3011.00,https://www.onetcenter.org/dictionary/30.3/excel/job_titles.html
2861,Sales Team Member,Sales,0.97,Very High,"Sales Representatives, Wholesale and Manufacturing, Except Technical and Scientific Products",41-4012.00,https://www.onetcenter.org/dictionary/30.3/excel/job_titles.html
2862,Salon Coordinator,Management,0.97,Very High,Spa Managers,11-9179.02,https://www.onetcenter.org/dictionary/30.3/excel/job_titles.html
2863,Scrap Yard Worker,Transportation & Logistics,0.97,Very High,Hoist and Winch Operators,53-7041.00,https://www.onetcenter.org/dictionary/30.3/excel/job_titles.html
2864,Scrubber Operator,Manufacturing & Production,0.97,Very High,"Cleaning, Washing, and Metal Pickling Equipment Operators and Tenders",51-9192.00,https://www.onetcenter.org/dictionary/30.3/excel/job_titles.html
2865,Seafood Processor,Manufacturing & Production,0.97,Very High,Slaughterers and Meat Packers,51-3023.00,https://www.onetcenter.org/dictionary/30.3/excel/job_titles.html
2866,Search Specialist,Business & Finance,0.97,Very High,Search Marketing Strategists,13-1161.01,https://www.onetcenter.org/dictionary/30.3/excel/job_titles.html
2867,Sensor Technician,Engineering & Architecture,0.97,Very High,Robotics Technicians,17-3024.01,https://www.onetcenter.org/dictionary/30.3/excel/job_titles.html
2868,Septic Technician,Construction & Trades,0.97,Very High,Septic Tank Servicers and Sewer Pipe Cleaners,47-4071.00,https://www.onetcenter.org/dictionary/30.3/excel/job_titles.html
2869,Service Bartender,Food & Hospitality,0.97,Very High,Bartenders,35-3011.00,https://www.onetcenter.org/dictionary/30.3/excel/job_titles.html
2870,Service Concierge,Personal Care & Services,0.97,Very High,Concierges,39-6012.00,https://www.onetcenter.org/dictionary/30.3/excel/job_titles.html
2871,Shift Electrician,Construction & Trades,0.97,Very High,Electricians,47-2111.00,https://www.onetcenter.org/dictionary/30.3/excel/job_titles.html
2872,Signal Technician,"Installation, Maintenance & Repair",0.97,Very High,Signal and Track Switch Repairers,49-9097.00,https://www.onetcenter.org/dictionary/30.3/excel/job_titles.html
2873,Smart Home Expert,Education & Library,0.97,Very High,Farm and Home Management Educators,25-9021.00,https://www.onetcenter.org/dictionary/30.3/excel/job_titles.html
2874,Solar Electrician,Construction & Trades,0.97,Very High,Electricians,47-2111.00,https://www.onetcenter.org/dictionary/30.3/excel/job_titles.html
2875,Special Craftsman,Manufacturing & Production,0.97,Very High,"Model Makers, Wood",51-7031.00,https://www.onetcenter.org/dictionary/30.3/excel/job_titles.html
2876,Sports Book Clerk,Personal Care & Services,0.97,Very High,Gambling and Sports Book Writers and Runners,39-3012.00,https://www.onetcenter.org/dictionary/30.3/excel/job_titles.html
2877,Stamping Operator,Manufacturing & Production,0.97,Very High,"Cutting, Punching, and Press Machine Setters, Operators, and Tenders, Metal and Plastic",51-4031.00,https://www.onetcenter.org/dictionary/30.3/excel/job_titles.html
2878,Sterile Processor,Healthcare Support,0.97,Very High,Medical Equipment Preparers,31-9093.00,https://www.onetcenter.org/dictionary/30.3/excel/job_titles.html
2879,Stitcher Operator,Manufacturing & Production,0.97,Very High,Print Binding and Finishing Workers,51-5113.00,https://www.onetcenter.org/dictionary/30.3/excel/job_titles.html
2880,Store Crew Member,Sales,0.97,Very High,Cashiers,41-2011.00,https://www.onetcenter.org/dictionary/30.3/excel/job_titles.html
2881,Store Team Member,Sales,0.97,Very High,Retail Salespersons,41-2031.00,https://www.onetcenter.org/dictionary/30.3/excel/job_titles.html
2882,Stucco Applicator,Construction & Trades,0.97,Very High,Plasterers and Stucco Masons,47-2161.00,https://www.onetcenter.org/dictionary/30.3/excel/job_titles.html
2883,Studio Instructor,Education & Library,0.97,Very High,"Art, Drama, and Music Teachers, Postsecondary",25-1121.00,https://www.onetcenter.org/dictionary/30.3/excel/job_titles.html
2884,Supply Specialist,Business & Finance,0.97,Very High,Logistics Analysts,13-1081.02,https://www.onetcenter.org/dictionary/30.3/excel/job_titles.html
2885,Supply Technician,Business & Finance,0.97,Very High,Logistics Analysts,13-1081.02,https://www.onetcenter.org/dictionary/30.3/excel/job_titles.html
2886,Surgery Scheduler,Office & Administration,0.97,Very High,Medical Secretaries and Administrative Assistants,43-6013.00,https://www.onetcenter.org/dictionary/30.3/excel/job_titles.html
2887,Survey Technician,Engineering & Architecture,0.97,Very High,Surveying and Mapping Technicians,17-3031.00,https://www.onetcenter.org/dictionary/30.3/excel/job_titles.html
2888,Switch Technician,Office & Administration,0.97,Very High,"Switchboard Operators, Including Answering Service",43-2011.00,https://www.onetcenter.org/dictionary/30.3/excel/job_titles.html
2889,Systems Architect,"Software, IT & Data",0.97,Very High,Computer Systems Engineers/Architects,15-1299.08,https://www.onetcenter.org/dictionary/30.3/excel/job_titles.html
2890,Tailings Engineer,Engineering & Architecture,0.97,Very High,"Mining and Geological Engineers, Including Mining Safety Engineers",17-2151.00,https://www.onetcenter.org/dictionary/30.3/excel/job_titles.html
2891,Targeting Analyst,Public Safety,0.97,Very High,Intelligence Analysts,33-3021.06,https://www.onetcenter.org/dictionary/30.3/excel/job_titles.html
2892,Technical Analyst,"Software, IT & Data",0.97,Very High,Computer Systems Analysts,15-1211.00,https://www.onetcenter.org/dictionary/30.3/excel/job_titles.html
2893,Technical Trainer,Business & Finance,0.97,Very High,Training and Development Specialists,13-1151.00,https://www.onetcenter.org/dictionary/30.3/excel/job_titles.html
2894,Technician Writer,"Arts, Media & Design",0.97,Very High,Technical Writers,27-3042.00,https://www.onetcenter.org/dictionary/30.3/excel/job_titles.html
2895,Terminal Operator,Office & Administration,0.97,Very High,Data Entry Keyers,43-9021.00,https://www.onetcenter.org/dictionary/30.3/excel/job_titles.html
2896,Termite Inspector,Cleaning & Grounds,0.97,Very High,Pest Control Workers,37-2021.00,https://www.onetcenter.org/dictionary/30.3/excel/job_titles.html
2897,Threat Researcher,"Software, IT & Data",0.97,Very High,Digital Forensics Analysts,15-1299.06,https://www.onetcenter.org/dictionary/30.3/excel/job_titles.html
2898,Title Coordinator,Law,0.97,Very High,"Title Examiners, Abstractors, and Searchers",23-2093.00,https://www.onetcenter.org/dictionary/30.3/excel/job_titles.html
2899,Traffic Attendant,Public Safety,0.97,Very High,Crossing Guards and Flaggers,33-9091.00,https://www.onetcenter.org/dictionary/30.3/excel/job_titles.html
2900,Travel Pharmacist,Healthcare,0.97,Very High,Pharmacists,29-1051.00,https://www.onetcenter.org/dictionary/30.3/excel/job_titles.html
2901,Travel Specialist,Sales,0.97,Very High,Travel Agents,41-3041.00,https://www.onetcenter.org/dictionary/30.3/excel/job_titles.html
2902,Truck Team Member,Food & Hospitality,0.97,Very High,"Cooks, Fast Food",35-2011.00,https://www.onetcenter.org/dictionary/30.3/excel/job_titles.html
2903,Uniform Attendant,Personal Care & Services,0.97,Very High,Costume Attendants,39-3092.00,https://www.onetcenter.org/dictionary/30.3/excel/job_titles.html
2904,Urology Physician,Healthcare,0.97,Very High,Urologists,29-1229.03,https://www.onetcenter.org/dictionary/30.3/excel/job_titles.html
2905,Utilities Manager,Manufacturing & Production,0.97,Very High,Stationary Engineers and Boiler Operators,51-8021.00,https://www.onetcenter.org/dictionary/30.3/excel/job_titles.html
2906,Utility Inspector,Construction & Trades,0.97,Very High,Construction and Building Inspectors,47-4011.00,https://www.onetcenter.org/dictionary/30.3/excel/job_titles.html
2907,Valuation Manager,Business & Finance,0.97,Very High,Appraisers and Assessors of Real Estate,13-2023.00,https://www.onetcenter.org/dictionary/30.3/excel/job_titles.html
2908,Vehicle Inspector,Transportation & Logistics,0.97,Very High,"Transportation Vehicle, Equipment and Systems Inspectors, Except Aviation",53-6051.07,https://www.onetcenter.org/dictionary/30.3/excel/job_titles.html
2909,Vending Attendant,"Installation, Maintenance & Repair",0.97,Very High,"Coin, Vending, and Amusement Machine Servicers and Repairers",49-9091.00,https://www.onetcenter.org/dictionary/30.3/excel/job_titles.html
2910,Video Coordinator,"Arts, Media & Design",0.97,Very High,"Camera Operators, Television, Video, and Film",27-4031.00,https://www.onetcenter.org/dictionary/30.3/excel/job_titles.html
2911,Vision Specialist,Healthcare,0.97,Very High,"Low Vision Therapists, Orientation and Mobility Specialists, and Vision Rehabilitation Therapists",29-1122.01,https://www.onetcenter.org/dictionary/30.3/excel/job_titles.html
2912,Wall Paper Hanger,Construction & Trades,0.97,Very High,Paperhangers,47-2142.00,https://www.onetcenter.org/dictionary/30.3/excel/job_titles.html
2913,Wallpaper Remover,Construction & Trades,0.97,Very High,Paperhangers,47-2142.00,https://www.onetcenter.org/dictionary/30.3/excel/job_titles.html
2914,Washroom Operator,Manufacturing & Production,0.97,Very High,Laundry and Dry-Cleaning Workers,51-6011.00,https://www.onetcenter.org/dictionary/30.3/excel/job_titles.html
2915,Waxing Specialist,Personal Care & Services,0.97,Very High,Skincare Specialists,39-5094.00,https://www.onetcenter.org/dictionary/30.3/excel/job_titles.html
2916,Web Administrator,"Software, IT & Data",0.97,Very High,Web Administrators,15-1299.01,https://www.onetcenter.org/dictionary/30.3/excel/job_titles.html
2917,Wellness Director,Management,0.97,Very High,Fitness and Wellness Coordinators,11-9179.01,https://www.onetcenter.org/dictionary/30.3/excel/job_titles.html
2918,Wetland Ecologist,Science,0.97,Very High,Zoologists and Wildlife Biologists,19-1023.00,https://www.onetcenter.org/dictionary/30.3/excel/job_titles.html
2919,Wetland Scientist,Science,0.97,Very High,Zoologists and Wildlife Biologists,19-1023.00,https://www.onetcenter.org/dictionary/30.3/excel/job_titles.html
2920,Wireless Engineer,"Software, IT & Data",0.97,Very High,Computer Network Architects,15-1241.00,https://www.onetcenter.org/dictionary/30.3/excel/job_titles.html
2921,Wireline Operator,Construction & Trades,0.97,Very High,"Service Unit Operators, Oil and Gas",47-5013.00,https://www.onetcenter.org/dictionary/30.3/excel/job_titles.html
2922,Wiring Technician,Manufacturing & Production,0.97,Very High,Electrical and Electronic Equipment Assemblers,51-2022.00,https://www.onetcenter.org/dictionary/30.3/excel/job_titles.html
2923,Workforce Analyst,Business & Finance,0.97,Very High,"Compensation, Benefits, and Job Analysis Specialists",13-1141.00,https://www.onetcenter.org/dictionary/30.3/excel/job_titles.html
2924,Workforce Manager,Management,0.97,Very High,Human Resources Managers,11-3121.00,https://www.onetcenter.org/dictionary/30.3/excel/job_titles.html
2925,Accounting Manager,Management,0.97,Very High,Financial Managers,11-3031.00,https://www.onetcenter.org/dictionary/30.3/excel/job_titles.html
2926,Activities Manager,Management,0.97,Very High,"Entertainment and Recreation Managers, Except Gambling",11-9072.00,https://www.onetcenter.org/dictionary/30.3/excel/job_titles.html
2927,Activity Therapist,Healthcare,0.97,Very High,Recreational Therapists,29-1125.00,https://www.onetcenter.org/dictionary/30.3/excel/job_titles.html
2928,Acupuncture Doctor,Healthcare,0.97,Very High,Acupuncturists,29-1291.00,https://www.onetcenter.org/dictionary/30.3/excel/job_titles.html
2929,Adhesive Laminator,Manufacturing & Production,0.97,Very High,Adhesive Bonding Machine Operators and Tenders,51-9191.00,https://www.onetcenter.org/dictionary/30.3/excel/job_titles.html
2930,Adjunct Instructor,Education & Library,0.97,Very High,"Business Teachers, Postsecondary",25-1011.00,https://www.onetcenter.org/dictionary/30.3/excel/job_titles.html
2931,Admissions Advisor,Office & Administration,0.97,Very High,"Interviewers, Except Eligibility and Loan",43-4111.00,https://www.onetcenter.org/dictionary/30.3/excel/job_titles.html
2932,Adoption Counselor,Public Safety,0.97,Very High,Animal Control Workers,33-9011.00,https://www.onetcenter.org/dictionary/30.3/excel/job_titles.html
2933,Advertising Poster,Construction & Trades,0.97,Very High,Paperhangers,47-2142.00,https://www.onetcenter.org/dictionary/30.3/excel/job_titles.html
2934,Aerographer's Mate,Transportation & Logistics,0.97,Very High,Sailors and Marine Oilers,53-5011.00,https://www.onetcenter.org/dictionary/30.3/excel/job_titles.html
2935,Aircraft Inspector,Transportation & Logistics,0.97,Very High,Aviation Inspectors,53-6051.01,https://www.onetcenter.org/dictionary/30.3/excel/job_titles.html
2936,Airport Ramp Agent,Transportation & Logistics,0.97,Very High,Airfield Operations Specialists,53-2022.00,https://www.onetcenter.org/dictionary/30.3/excel/job_titles.html
2937,Airport Supervisor,Transportation & Logistics,0.97,Very High,Airfield Operations Specialists,53-2022.00,https://www.onetcenter.org/dictionary/30.3/excel/job_titles.html
2938,Algorithm Engineer,Engineering & Architecture,0.97,Very High,Robotics Engineers,17-2199.08,https://www.onetcenter.org/dictionary/30.3/excel/job_titles.html
2939,All Source Analyst,Public Safety,0.97,Very High,Intelligence Analysts,33-3021.06,https://www.onetcenter.org/dictionary/30.3/excel/job_titles.html
2940,Allergy Specialist,Healthcare,0.97,Very High,Allergists and Immunologists,29-1229.01,https://www.onetcenter.org/dictionary/30.3/excel/job_titles.html
2941,Ammonia Technician,Manufacturing & Production,0.97,Very High,Chemical Plant and System Operators,51-8091.00,https://www.onetcenter.org/dictionary/30.3/excel/job_titles.html
2942,Apparel Specialist,Manufacturing & Production,0.97,Very High,"Sewers, Hand",51-6051.00,https://www.onetcenter.org/dictionary/30.3/excel/job_titles.html
2943,Appeals Specialist,Law,0.97,Very High,"Judges, Magistrate Judges, and Magistrates",23-1023.00,https://www.onetcenter.org/dictionary/30.3/excel/job_titles.html
2944,Appointment Setter,Office & Administration,0.97,Very High,Receptionists and Information Clerks,43-4171.00,https://www.onetcenter.org/dictionary/30.3/excel/job_titles.html
2945,Appraisal Reviewer,Business & Finance,0.97,Very High,Appraisers and Assessors of Real Estate,13-2023.00,https://www.onetcenter.org/dictionary/30.3/excel/job_titles.html
2946,Aquatic Instructor,Education & Library,0.97,Very High,"Recreation and Fitness Studies Teachers, Postsecondary",25-1193.00,https://www.onetcenter.org/dictionary/30.3/excel/job_titles.html
2947,Aquatics Lifeguard,Public Safety,0.97,Very High,"Lifeguards, Ski Patrol, and Other Recreational Protective Service Workers",33-9092.00,https://www.onetcenter.org/dictionary/30.3/excel/job_titles.html
2948,Attorney Law Clerk,Law,0.97,Very High,Judicial Law Clerks,23-1012.00,https://www.onetcenter.org/dictionary/30.3/excel/job_titles.html
2949,Auxiliary Operator,Manufacturing & Production,0.97,Very High,Power Distributors and Dispatchers,51-8012.00,https://www.onetcenter.org/dictionary/30.3/excel/job_titles.html
2950,Avionics Inspector,Transportation & Logistics,0.97,Very High,Aviation Inspectors,53-6051.01,https://www.onetcenter.org/dictionary/30.3/excel/job_titles.html
2951,Avionics Installer,"Installation, Maintenance & Repair",0.97,Very High,Avionics Technicians,49-2091.00,https://www.onetcenter.org/dictionary/30.3/excel/job_titles.html
2952,Back End Developer,"Software, IT & Data",0.97,Very High,Web Developers,15-1254.00,https://www.onetcenter.org/dictionary/30.3/excel/job_titles.html
2953,Behavior Therapist,Community & Social Services,0.97,Very High,Marriage and Family Therapists,21-1013.00,https://www.onetcenter.org/dictionary/30.3/excel/job_titles.html
2954,Bicycle Technician,"Installation, Maintenance & Repair",0.97,Very High,Bicycle Repairers,49-3091.00,https://www.onetcenter.org/dictionary/30.3/excel/job_titles.html
2955,Big Data Architect,"Software, IT & Data",0.97,Very High,Database Architects,15-1243.00,https://www.onetcenter.org/dictionary/30.3/excel/job_titles.html
2956,Billing Specialist,Office & Administration,0.97,Very High,Billing and Posting Clerks,43-3021.00,https://www.onetcenter.org/dictionary/30.3/excel/job_titles.html
2957,Bindery Specialist,Manufacturing & Production,0.97,Very High,Print Binding and Finishing Workers,51-5113.00,https://www.onetcenter.org/dictionary/30.3/excel/job_titles.html
2958,Biology Instructor,Education & Library,0.97,Very High,"Biological Science Teachers, Postsecondary",25-1042.00,https://www.onetcenter.org/dictionary/30.3/excel/job_titles.html
2959,Biology Researcher,Science,0.97,Very High,Molecular and Cellular Biologists,19-1029.02,https://www.onetcenter.org/dictionary/30.3/excel/job_titles.html
2960,Biometric Screener,Public Safety,0.97,Very High,Transportation Security Screeners,33-9093.00,https://www.onetcenter.org/dictionary/30.3/excel/job_titles.html
2961,Brick Mason Helper,Construction & Trades,0.97,Very High,"Helpers--Brickmasons, Blockmasons, Stonemasons, and Tile and Marble Setters",47-3011.00,https://www.onetcenter.org/dictionary/30.3/excel/job_titles.html
2962,Bridge Crew Member,Transportation & Logistics,0.97,Very High,Bridge and Lock Tenders,53-6011.00,https://www.onetcenter.org/dictionary/30.3/excel/job_titles.html
2963,Broadcast Director,"Arts, Media & Design",0.97,Very High,Media Programming Directors,27-2012.03,https://www.onetcenter.org/dictionary/30.3/excel/job_titles.html
2964,Brow Waxing Expert,Personal Care & Services,0.97,Very High,Skincare Specialists,39-5094.00,https://www.onetcenter.org/dictionary/30.3/excel/job_titles.html
2965,Building Craftsman,Manufacturing & Production,0.97,Very High,"Model Makers, Wood",51-7031.00,https://www.onetcenter.org/dictionary/30.3/excel/job_titles.html
2966,Bulldozer Operator,Construction & Trades,0.97,Very High,Continuous Mining Machine Operators,47-5041.00,https://www.onetcenter.org/dictionary/30.3/excel/job_titles.html
2967,Cabinet Specialist,Manufacturing & Production,0.97,Very High,Cabinetmakers and Bench Carpenters,51-7011.00,https://www.onetcenter.org/dictionary/30.3/excel/job_titles.html
2968,Cage Shift Manager,Management,0.97,Very High,Gambling Managers,11-9071.00,https://www.onetcenter.org/dictionary/30.3/excel/job_titles.html
2969,Campus Coordinator,Management,0.97,Very High,"Education Administrators, Postsecondary",11-9033.00,https://www.onetcenter.org/dictionary/30.3/excel/job_titles.html
2970,Cardiac Specialist,Healthcare,0.97,Very High,Cardiologists,29-1212.00,https://www.onetcenter.org/dictionary/30.3/excel/job_titles.html
2971,Casing Crew Pusher,Construction & Trades,0.97,Very High,"Roustabouts, Oil and Gas",47-5071.00,https://www.onetcenter.org/dictionary/30.3/excel/job_titles.html
2972,Catering Bartender,Food & Hospitality,0.97,Very High,Bartenders,35-3011.00,https://www.onetcenter.org/dictionary/30.3/excel/job_titles.html
2973,Certified Arborist,"Agriculture, Fishing & Forestry",0.97,Very High,Fallers,45-4021.00,https://www.onetcenter.org/dictionary/30.3/excel/job_titles.html
2974,Chiller Technician,Manufacturing & Production,0.97,Very High,Biomass Plant Technicians,51-8013.03,https://www.onetcenter.org/dictionary/30.3/excel/job_titles.html
2975,Chinese Instructor,Education & Library,0.97,Very High,"Foreign Language and Literature Teachers, Postsecondary",25-1124.00,https://www.onetcenter.org/dictionary/30.3/excel/job_titles.html
2976,Clinical Counselor,Community & Social Services,0.97,Very High,Mental Health Counselors,21-1014.00,https://www.onetcenter.org/dictionary/30.3/excel/job_titles.html
2977,Clinical Evaluator,Science,0.97,Very High,Sociologists,19-3041.00,https://www.onetcenter.org/dictionary/30.3/excel/job_titles.html
2978,Clinical Professor,Education & Library,0.97,Very High,"Health Specialties Teachers, Postsecondary",25-1071.00,https://www.onetcenter.org/dictionary/30.3/excel/job_titles.html
2979,Clinical Scientist,Science,0.97,Very High,"Medical Scientists, Except Epidemiologists",19-1042.00,https://www.onetcenter.org/dictionary/30.3/excel/job_titles.html
2980,Clinical Therapist,Community & Social Services,0.97,Very High,Marriage and Family Therapists,21-1013.00,https://www.onetcenter.org/dictionary/30.3/excel/job_titles.html
2981,Cold Etch Operator,Manufacturing & Production,0.97,Very High,Etchers and Engravers,51-9194.00,https://www.onetcenter.org/dictionary/30.3/excel/job_titles.html
2982,College Instructor,Education & Library,0.97,Very High,"Biological Science Teachers, Postsecondary",25-1042.00,https://www.onetcenter.org/dictionary/30.3/excel/job_titles.html
2983,Commercial Glazier,Construction & Trades,0.97,Very High,Glaziers,47-2121.00,https://www.onetcenter.org/dictionary/30.3/excel/job_titles.html
2984,Commissary Manager,Public Safety,0.97,Very High,First-Line Supervisors of Correctional Officers,33-1011.00,https://www.onetcenter.org/dictionary/30.3/excel/job_titles.html
2985,Community Director,Management,0.97,Very High,Public Relations Managers,11-2032.00,https://www.onetcenter.org/dictionary/30.3/excel/job_titles.html
2986,Compliance Analyst,Business & Finance,0.97,Very High,Compliance Officers,13-1041.00,https://www.onetcenter.org/dictionary/30.3/excel/job_titles.html
2987,Compliance Manager,Management,0.97,Very High,Compliance Managers,11-9199.02,https://www.onetcenter.org/dictionary/30.3/excel/job_titles.html
2988,Compliance Officer,Business & Finance,0.97,Very High,Compliance Officers,13-1041.00,https://www.onetcenter.org/dictionary/30.3/excel/job_titles.html
2989,Compounding Scaler,"Agriculture, Fishing & Forestry",0.97,Very High,Log Graders and Scalers,45-4023.00,https://www.onetcenter.org/dictionary/30.3/excel/job_titles.html
2990,Concrete Craftsman,"Installation, Maintenance & Repair",0.97,Very High,Manufactured Building and Mobile Home Installers,49-9095.00,https://www.onetcenter.org/dictionary/30.3/excel/job_titles.html
2991,Content Specialist,"Software, IT & Data",0.97,Very High,Document Management Specialists,15-1299.03,https://www.onetcenter.org/dictionary/30.3/excel/job_titles.html
2992,Content Strategist,"Software, IT & Data",0.97,Very High,Document Management Specialists,15-1299.03,https://www.onetcenter.org/dictionary/30.3/excel/job_titles.html
2993,Contract Inspector,Business & Finance,0.97,Very High,Government Property Inspectors and Investigators,13-1041.04,https://www.onetcenter.org/dictionary/30.3/excel/job_titles.html
2994,Contract Recruiter,Business & Finance,0.97,Very High,Human Resources Specialists,13-1071.00,https://www.onetcenter.org/dictionary/30.3/excel/job_titles.html
2995,Control Room Agent,Manufacturing & Production,0.97,Very High,Nuclear Power Reactor Operators,51-8011.00,https://www.onetcenter.org/dictionary/30.3/excel/job_titles.html
2996,Control Specialist,"Installation, Maintenance & Repair",0.97,Very High,"Control and Valve Installers and Repairers, Except Mechanical Door",49-9012.00,https://www.onetcenter.org/dictionary/30.3/excel/job_titles.html
2997,Cooking Instructor,Education & Library,0.97,Very High,Farm and Home Management Educators,25-9021.00,https://www.onetcenter.org/dictionary/30.3/excel/job_titles.html
2998,Cooler Case Picker,Manufacturing & Production,0.97,Very High,Cooling and Freezing Equipment Operators and Tenders,51-9193.00,https://www.onetcenter.org/dictionary/30.3/excel/job_titles.html
2999,Court Stenographer,Office & Administration,0.97,Very High,Word Processors and Typists,43-9022.00,https://www.onetcenter.org/dictionary/30.3/excel/job_titles.html
3000,Creative Therapist,Healthcare,0.97,Very High,Art Therapists,29-1129.01,https://www.onetcenter.org/dictionary/30.3/excel/job_titles.html
3001,Credit Coordinator,Business & Finance,0.97,Very High,Credit Analysts,13-2041.00,https://www.onetcenter.org/dictionary/30.3/excel/job_titles.html
3002,Credit Underwriter,Business & Finance,0.97,Very High,Insurance Underwriters,13-2053.00,https://www.onetcenter.org/dictionary/30.3/excel/job_titles.html
3003,Cruise Coordinator,Personal Care & Services,0.97,Very High,Travel Guides,39-7012.00,https://www.onetcenter.org/dictionary/30.3/excel/job_titles.html
3004,Data Editing Clerk,Office & Administration,0.97,Very High,Statistical Assistants,43-9111.00,https://www.onetcenter.org/dictionary/30.3/excel/job_titles.html
3005,Database Developer,"Software, IT & Data",0.97,Very High,Database Administrators,15-1242.00,https://www.onetcenter.org/dictionary/30.3/excel/job_titles.html
3006,Day Camp Counselor,Personal Care & Services,0.97,Very High,Recreation Workers,39-9032.00,https://www.onetcenter.org/dictionary/30.3/excel/job_titles.html
3007,Dermatopathologist,Healthcare,0.97,Very High,"Physicians, Pathologists",29-1222.00,https://www.onetcenter.org/dictionary/30.3/excel/job_titles.html
3008,Detention Director,Public Safety,0.97,Very High,First-Line Supervisors of Correctional Officers,33-1011.00,https://www.onetcenter.org/dictionary/30.3/excel/job_titles.html
3009,Diamond Specialist,Manufacturing & Production,0.97,Very High,Jewelers and Precious Stone and Metal Workers,51-9071.00,https://www.onetcenter.org/dictionary/30.3/excel/job_titles.html
3010,Digital Copywriter,"Arts, Media & Design",0.97,Very High,Writers and Authors,27-3043.00,https://www.onetcenter.org/dictionary/30.3/excel/job_titles.html
3011,Digital Technician,Manufacturing & Production,0.97,Very High,Photographic Process Workers and Processing Machine Operators,51-9151.00,https://www.onetcenter.org/dictionary/30.3/excel/job_titles.html
3012,Dining Room Server,Food & Hospitality,0.97,Very High,"Food Servers, Nonrestaurant",35-3041.00,https://www.onetcenter.org/dictionary/30.3/excel/job_titles.html
3013,Direct Care Worker,Healthcare Support,0.97,Very High,Home Health Aides,31-1121.00,https://www.onetcenter.org/dictionary/30.3/excel/job_titles.html
3014,Direct Sales Agent,Sales,0.97,Very High,Telemarketers,41-9041.00,https://www.onetcenter.org/dictionary/30.3/excel/job_titles.html
3015,Dispute Specialist,Office & Administration,0.97,Very High,Correspondence Clerks,43-4021.00,https://www.onetcenter.org/dictionary/30.3/excel/job_titles.html
3016,Distribution Clerk,Office & Administration,0.97,Very High,"Shipping, Receiving, and Inventory Clerks",43-5071.00,https://www.onetcenter.org/dictionary/30.3/excel/job_titles.html
3017,Document Processor,"Software, IT & Data",0.97,Very High,Document Management Specialists,15-1299.03,https://www.onetcenter.org/dictionary/30.3/excel/job_titles.html
3018,Doughnut Processor,Manufacturing & Production,0.97,Very High,Food Cooking Machine Operators and Tenders,51-3093.00,https://www.onetcenter.org/dictionary/30.3/excel/job_titles.html
3019,Drawing Instructor,Education & Library,0.97,Very High,"Engineering Teachers, Postsecondary",25-1032.00,https://www.onetcenter.org/dictionary/30.3/excel/job_titles.html
3020,Drill Rig Operator,Construction & Trades,0.97,Very High,"Earth Drillers, Except Oil and Gas",47-5023.00,https://www.onetcenter.org/dictionary/30.3/excel/job_titles.html
3021,Driving Instructor,Education & Library,0.97,Very High,"Career/Technical Education Teachers, Secondary School",25-2032.00,https://www.onetcenter.org/dictionary/30.3/excel/job_titles.html
3022,Drywall Contractor,Construction & Trades,0.97,Very High,Drywall and Ceiling Tile Installers,47-2081.00,https://www.onetcenter.org/dictionary/30.3/excel/job_titles.html
3023,Drywall Technician,Construction & Trades,0.97,Very High,Drywall and Ceiling Tile Installers,47-2081.00,https://www.onetcenter.org/dictionary/30.3/excel/job_titles.html
3024,E-Commerce Analyst,Business & Finance,0.97,Very High,Online Merchants,13-1199.06,https://www.onetcenter.org/dictionary/30.3/excel/job_titles.html
3025,E-Commerce Manager,Business & Finance,0.97,Very High,Online Merchants,13-1199.06,https://www.onetcenter.org/dictionary/30.3/excel/job_titles.html
3026,Economics Lecturer,Education & Library,0.97,Very High,"Economics Teachers, Postsecondary",25-1063.00,https://www.onetcenter.org/dictionary/30.3/excel/job_titles.html
3027,Education Director,Management,0.97,Very High,"Education and Childcare Administrators, Preschool and Daycare",11-9031.00,https://www.onetcenter.org/dictionary/30.3/excel/job_titles.html
3028,Education Reporter,"Arts, Media & Design",0.97,Very High,"News Analysts, Reporters, and Journalists",27-3023.00,https://www.onetcenter.org/dictionary/30.3/excel/job_titles.html
3029,Electrician Helper,Construction & Trades,0.97,Very High,Helpers--Electricians,47-3013.00,https://www.onetcenter.org/dictionary/30.3/excel/job_titles.html
3030,Elementary Teacher,Education & Library,0.97,Very High,"Elementary School Teachers, Except Special Education",25-2021.00,https://www.onetcenter.org/dictionary/30.3/excel/job_titles.html
3031,English Instructor,Education & Library,0.97,Very High,"English Language and Literature Teachers, Postsecondary",25-1123.00,https://www.onetcenter.org/dictionary/30.3/excel/job_titles.html
3032,English Translator,"Arts, Media & Design",0.97,Very High,Interpreters and Translators,27-3091.00,https://www.onetcenter.org/dictionary/30.3/excel/job_titles.html
3033,Equipment Operator,Construction & Trades,0.97,Very High,"Rotary Drill Operators, Oil and Gas",47-5012.00,https://www.onetcenter.org/dictionary/30.3/excel/job_titles.html
3034,Evaluation Analyst,Science,0.97,Very High,Survey Researchers,19-3022.00,https://www.onetcenter.org/dictionary/30.3/excel/job_titles.html
3035,Event Photographer,"Arts, Media & Design",0.97,Very High,Photographers,27-4021.00,https://www.onetcenter.org/dictionary/30.3/excel/job_titles.html
3036,Event Staff Member,Sales,0.97,Very High,Demonstrators and Product Promoters,41-9011.00,https://www.onetcenter.org/dictionary/30.3/excel/job_titles.html
3037,Event Videographer,"Arts, Media & Design",0.97,Very High,"Camera Operators, Television, Video, and Film",27-4031.00,https://www.onetcenter.org/dictionary/30.3/excel/job_titles.html
3038,Excavator Operator,Construction & Trades,0.97,Very High,"Excavating and Loading Machine and Dragline Operators, Surface Mining",47-5022.00,https://www.onetcenter.org/dictionary/30.3/excel/job_titles.html
3039,Executive Director,Management,0.97,Very High,Chief Executives,11-1011.00,https://www.onetcenter.org/dictionary/30.3/excel/job_titles.html
3040,Exhibit Technician,Education & Library,0.97,Very High,Museum Technicians and Conservators,25-4013.00,https://www.onetcenter.org/dictionary/30.3/excel/job_titles.html
3041,Extrusion Operator,Manufacturing & Production,0.97,Very High,"Extruding and Drawing Machine Setters, Operators, and Tenders, Metal and Plastic",51-4021.00,https://www.onetcenter.org/dictionary/30.3/excel/job_titles.html
3042,Eyewear Specialist,Healthcare,0.97,Very High,"Opticians, Dispensing",29-2081.00,https://www.onetcenter.org/dictionary/30.3/excel/job_titles.html
3043,Feed Mill Operator,Manufacturing & Production,0.97,Very High,"Milling and Planing Machine Setters, Operators, and Tenders, Metal and Plastic",51-4035.00,https://www.onetcenter.org/dictionary/30.3/excel/job_titles.html
3044,Field Investigator,Business & Finance,0.97,Very High,"Claims Adjusters, Examiners, and Investigators",13-1031.00,https://www.onetcenter.org/dictionary/30.3/excel/job_titles.html
3045,Financial Engineer,Business & Finance,0.97,Very High,Financial Quantitative Analysts,13-2099.01,https://www.onetcenter.org/dictionary/30.3/excel/job_titles.html
3046,Financial Examiner,Business & Finance,0.97,Very High,Financial Examiners,13-2061.00,https://www.onetcenter.org/dictionary/30.3/excel/job_titles.html
3047,Fitness Specialist,Healthcare,0.97,Very High,Exercise Physiologists,29-1128.00,https://www.onetcenter.org/dictionary/30.3/excel/job_titles.html
3048,Flight Crew Member,Transportation & Logistics,0.97,Very High,Flight Attendants,53-2031.00,https://www.onetcenter.org/dictionary/30.3/excel/job_titles.html
3049,Flooring Installer,Construction & Trades,0.97,Very High,"Floor Layers, Except Carpet, Wood, and Hard Tiles",47-2042.00,https://www.onetcenter.org/dictionary/30.3/excel/job_titles.html
3050,Forestry Inspector,"Agriculture, Fishing & Forestry",0.97,Very High,Agricultural Inspectors,45-2011.00,https://www.onetcenter.org/dictionary/30.3/excel/job_titles.html
3051,Fraud Data Analyst,Business & Finance,0.97,Very High,"Fraud Examiners, Investigators and Analysts",13-2099.04,https://www.onetcenter.org/dictionary/30.3/excel/job_titles.html
3052,Fraud Investigator,Business & Finance,0.97,Very High,"Fraud Examiners, Investigators and Analysts",13-2099.04,https://www.onetcenter.org/dictionary/30.3/excel/job_titles.html
3053,Fraud Risk Analyst,Business & Finance,0.97,Very High,"Fraud Examiners, Investigators and Analysts",13-2099.04,https://www.onetcenter.org/dictionary/30.3/excel/job_titles.html
3054,Front Desk Auditor,Office & Administration,0.97,Very High,"Hotel, Motel, and Resort Desk Clerks",43-4081.00,https://www.onetcenter.org/dictionary/30.3/excel/job_titles.html
3055,Front Desk Hostess,Food & Hospitality,0.97,Very High,"Hosts and Hostesses, Restaurant, Lounge, and Coffee Shop",35-9031.00,https://www.onetcenter.org/dictionary/30.3/excel/job_titles.html
3056,Front Desk Manager,Management,0.97,Very High,Lodging Managers,11-9081.00,https://www.onetcenter.org/dictionary/30.3/excel/job_titles.html
3057,Front End Engineer,"Software, IT & Data",0.97,Very High,Web Developers,15-1254.00,https://www.onetcenter.org/dictionary/30.3/excel/job_titles.html
3058,Fuel Cell Designer,Engineering & Architecture,0.97,Very High,Fuel Cell Engineers,17-2141.01,https://www.onetcenter.org/dictionary/30.3/excel/job_titles.html
3059,Fuel Farm Operator,Construction & Trades,0.97,Very High,"Roustabouts, Oil and Gas",47-5071.00,https://www.onetcenter.org/dictionary/30.3/excel/job_titles.html
3060,Furniture Designer,Manufacturing & Production,0.97,Very High,Fabric and Apparel Patternmakers,51-6092.00,https://www.onetcenter.org/dictionary/30.3/excel/job_titles.html
3061,Game Mathematician,"Software, IT & Data",0.97,Very High,Mathematicians,15-2021.00,https://www.onetcenter.org/dictionary/30.3/excel/job_titles.html
3062,Gas Systems Worker,Manufacturing & Production,0.97,Very High,Gas Plant Operators,51-8092.00,https://www.onetcenter.org/dictionary/30.3/excel/job_titles.html
3063,Gastroenterologist,Healthcare,0.97,Very High,General Internal Medicine Physicians,29-1216.00,https://www.onetcenter.org/dictionary/30.3/excel/job_titles.html
3064,General Maintainer,"Installation, Maintenance & Repair",0.97,Very High,"Maintenance Workers, Machinery",49-9043.00,https://www.onetcenter.org/dictionary/30.3/excel/job_titles.html
3065,Generation Manager,Management,0.97,Very High,Hydroelectric Production Managers,11-3051.06,https://www.onetcenter.org/dictionary/30.3/excel/job_titles.html
3066,Genetics Counselor,Healthcare,0.97,Very High,Genetic Counselors,29-9092.00,https://www.onetcenter.org/dictionary/30.3/excel/job_titles.html
3067,Granite Fabricator,Construction & Trades,0.97,Very High,Tile and Stone Setters,47-2044.00,https://www.onetcenter.org/dictionary/30.3/excel/job_titles.html
3068,Grounds Supervisor,Cleaning & Grounds,0.97,Very High,"First-Line Supervisors of Landscaping, Lawn Service, and Groundskeeping Workers",37-1012.00,https://www.onetcenter.org/dictionary/30.3/excel/job_titles.html
3069,Hardware Architect,Engineering & Architecture,0.97,Very High,Computer Hardware Engineers,17-2061.00,https://www.onetcenter.org/dictionary/30.3/excel/job_titles.html
3070,Healthcare Analyst,"Software, IT & Data",0.97,Very High,Health Informatics Specialists,15-1211.01,https://www.onetcenter.org/dictionary/30.3/excel/job_titles.html
3071,Hearing Specialist,Healthcare,0.97,Very High,Hearing Aid Specialists,29-2092.00,https://www.onetcenter.org/dictionary/30.3/excel/job_titles.html
3072,Heat Seal Operator,Manufacturing & Production,0.97,Very High,Adhesive Bonding Machine Operators and Tenders,51-9191.00,https://www.onetcenter.org/dictionary/30.3/excel/job_titles.html
3073,History Instructor,Education & Library,0.97,Very High,"History Teachers, Postsecondary",25-1125.00,https://www.onetcenter.org/dictionary/30.3/excel/job_titles.html
3074,Hospital Mortician,Personal Care & Services,0.97,Very High,"Morticians, Undertakers, and Funeral Arrangers",39-4031.00,https://www.onetcenter.org/dictionary/30.3/excel/job_titles.html
3075,Hydraulic Leverman,Transportation & Logistics,0.97,Very High,Dredge Operators,53-7031.00,https://www.onetcenter.org/dictionary/30.3/excel/job_titles.html
3076,Image Review Clerk,Office & Administration,0.97,Very High,Correspondence Clerks,43-4021.00,https://www.onetcenter.org/dictionary/30.3/excel/job_titles.html
3077,Incident Responder,"Software, IT & Data",0.97,Very High,Digital Forensics Analysts,15-1299.06,https://www.onetcenter.org/dictionary/30.3/excel/job_titles.html
3078,Independent Driver,Transportation & Logistics,0.97,Very High,Light Truck Drivers,53-3033.00,https://www.onetcenter.org/dictionary/30.3/excel/job_titles.html
3079,Industrial Manager,Management,0.97,Very High,Biofuels Production Managers,11-3051.03,https://www.onetcenter.org/dictionary/30.3/excel/job_titles.html
3080,Injection Operator,Manufacturing & Production,0.97,Very High,"Molding, Coremaking, and Casting Machine Setters, Operators, and Tenders, Metal and Plastic",51-4072.00,https://www.onetcenter.org/dictionary/30.3/excel/job_titles.html
3081,Instrument Builder,"Installation, Maintenance & Repair",0.97,Very High,Musical Instrument Repairers and Tuners,49-9063.00,https://www.onetcenter.org/dictionary/30.3/excel/job_titles.html
3082,Insurance Producer,Sales,0.97,Very High,Insurance Sales Agents,41-3021.00,https://www.onetcenter.org/dictionary/30.3/excel/job_titles.html
3083,Intake Coordinator,Office & Administration,0.97,Very High,"Interviewers, Except Eligibility and Loan",43-4111.00,https://www.onetcenter.org/dictionary/30.3/excel/job_titles.html
3084,Interior Architect,Engineering & Architecture,0.97,Very High,"Architects, Except Landscape and Naval",17-1011.00,https://www.onetcenter.org/dictionary/30.3/excel/job_titles.html
3085,Investment Manager,Management,0.97,Very High,Investment Fund Managers,11-3031.03,https://www.onetcenter.org/dictionary/30.3/excel/job_titles.html
3086,Janitorial Manager,Cleaning & Grounds,0.97,Very High,First-Line Supervisors of Housekeeping and Janitorial Workers,37-1011.00,https://www.onetcenter.org/dictionary/30.3/excel/job_titles.html
3087,Journeyman Lineman,Construction & Trades,0.97,Very High,Electricians,47-2111.00,https://www.onetcenter.org/dictionary/30.3/excel/job_titles.html
3088,Journeyman Painter,Construction & Trades,0.97,Very High,"Painters, Construction and Maintenance",47-2141.00,https://www.onetcenter.org/dictionary/30.3/excel/job_titles.html
3089,Journeyman Plumber,Construction & Trades,0.97,Very High,"Plumbers, Pipefitters, and Steamfitters",47-2152.00,https://www.onetcenter.org/dictionary/30.3/excel/job_titles.html
3090,Judicial Law Clerk,Law,0.97,Very High,Judicial Law Clerks,23-1012.00,https://www.onetcenter.org/dictionary/30.3/excel/job_titles.html
3091,Juvenile Counselor,Community & Social Services,0.97,Very High,Probation Officers and Correctional Treatment Specialists,21-1092.00,https://www.onetcenter.org/dictionary/30.3/excel/job_titles.html
3092,Kettle Coordinator,Manufacturing & Production,0.97,Very High,Textile Bleaching and Dyeing Machine Operators and Tenders,51-6061.00,https://www.onetcenter.org/dictionary/30.3/excel/job_titles.html
3093,Laborer Journeyman,"Installation, Maintenance & Repair",0.97,Very High,Riggers,49-9096.00,https://www.onetcenter.org/dictionary/30.3/excel/job_titles.html
3094,Lamination Builder,Manufacturing & Production,0.97,Very High,Fiberglass Laminators and Fabricators,51-2051.00,https://www.onetcenter.org/dictionary/30.3/excel/job_titles.html
3095,Laundry Supervisor,Cleaning & Grounds,0.97,Very High,First-Line Supervisors of Housekeeping and Janitorial Workers,37-1011.00,https://www.onetcenter.org/dictionary/30.3/excel/job_titles.html
3096,Leasing Consultant,Sales,0.97,Very High,Real Estate Sales Agents,41-9022.00,https://www.onetcenter.org/dictionary/30.3/excel/job_titles.html
3097,Leasing Specialist,Sales,0.97,Very High,Real Estate Brokers,41-9021.00,https://www.onetcenter.org/dictionary/30.3/excel/job_titles.html
3098,Legal Receptionist,Office & Administration,0.97,Very High,Legal Secretaries and Administrative Assistants,43-6012.00,https://www.onetcenter.org/dictionary/30.3/excel/job_titles.html
3099,Legal Videographer,"Arts, Media & Design",0.97,Very High,"Camera Operators, Television, Video, and Film",27-4031.00,https://www.onetcenter.org/dictionary/30.3/excel/job_titles.html
3100,Library Specialist,Education & Library,0.97,Very High,Library Technicians,25-4031.00,https://www.onetcenter.org/dictionary/30.3/excel/job_titles.html
3101,Library Technician,Education & Library,0.97,Very High,Library Technicians,25-4031.00,https://www.onetcenter.org/dictionary/30.3/excel/job_titles.html
3102,Licensed Architect,Engineering & Architecture,0.97,Very High,"Architects, Except Landscape and Naval",17-1011.00,https://www.onetcenter.org/dictionary/30.3/excel/job_titles.html
3103,Licensed Clinician,Community & Social Services,0.97,Very High,Substance Abuse and Behavioral Disorder Counselors,21-1011.00,https://www.onetcenter.org/dictionary/30.3/excel/job_titles.html
3104,Licensed Counselor,Community & Social Services,0.97,Very High,Mental Health Counselors,21-1014.00,https://www.onetcenter.org/dictionary/30.3/excel/job_titles.html
3105,Licensed Therapist,Community & Social Services,0.97,Very High,Marriage and Family Therapists,21-1013.00,https://www.onetcenter.org/dictionary/30.3/excel/job_titles.html
3106,Lifestyle Director,Management,0.97,Very High,Fitness and Wellness Coordinators,11-9179.01,https://www.onetcenter.org/dictionary/30.3/excel/job_titles.html
3107,Logistics Engineer,Business & Finance,0.97,Very High,Logistics Engineers,13-1081.01,https://www.onetcenter.org/dictionary/30.3/excel/job_titles.html
3108,Lumber Yard Worker,Manufacturing & Production,0.97,Very High,"Sawing Machine Setters, Operators, and Tenders, Wood",51-7041.00,https://www.onetcenter.org/dictionary/30.3/excel/job_titles.html
3109,Machine Technician,Manufacturing & Production,0.97,Very High,"Multiple Machine Tool Setters, Operators, and Tenders, Metal and Plastic",51-4081.00,https://www.onetcenter.org/dictionary/30.3/excel/job_titles.html
3110,Maintenance Person,"Installation, Maintenance & Repair",0.97,Very High,"Maintenance and Repair Workers, General",49-9071.00,https://www.onetcenter.org/dictionary/30.3/excel/job_titles.html
3111,Marine Underwriter,Business & Finance,0.97,Very High,Insurance Underwriters,13-2053.00,https://www.onetcenter.org/dictionary/30.3/excel/job_titles.html
3112,Materials Engineer,Engineering & Architecture,0.97,Very High,Materials Engineers,17-2131.00,https://www.onetcenter.org/dictionary/30.3/excel/job_titles.html
3113,Measure Technician,"Installation, Maintenance & Repair",0.97,Very High,Automotive Body and Related Repairers,49-3021.00,https://www.onetcenter.org/dictionary/30.3/excel/job_titles.html
3114,Medical Geneticist,Science,0.97,Very High,Geneticists,19-1029.03,https://www.onetcenter.org/dictionary/30.3/excel/job_titles.html
3115,Medical Oncologist,Healthcare,0.97,Very High,General Internal Medicine Physicians,29-1216.00,https://www.onetcenter.org/dictionary/30.3/excel/job_titles.html
3116,Medical Technician,Healthcare,0.97,Very High,Medical and Clinical Laboratory Technicians,29-2012.00,https://www.onetcenter.org/dictionary/30.3/excel/job_titles.html
3117,Medicine Physician,Healthcare,0.97,Very High,Physical Medicine and Rehabilitation Physicians,29-1229.04,https://www.onetcenter.org/dictionary/30.3/excel/job_titles.html
3118,Messaging Engineer,"Software, IT & Data",0.97,Very High,Telecommunications Engineering Specialists,15-1241.01,https://www.onetcenter.org/dictionary/30.3/excel/job_titles.html
3119,Metadata Librarian,Education & Library,0.97,Very High,Librarians and Media Collections Specialists,25-4022.00,https://www.onetcenter.org/dictionary/30.3/excel/job_titles.html
3120,Microwave Engineer,Engineering & Architecture,0.97,Very High,Radio Frequency Identification Device Specialists,17-2072.01,https://www.onetcenter.org/dictionary/30.3/excel/job_titles.html
3121,Model Risk Manager,Business & Finance,0.97,Very High,Financial Risk Specialists,13-2054.00,https://www.onetcenter.org/dictionary/30.3/excel/job_titles.html
3122,Molding Technician,Manufacturing & Production,0.97,Very High,Tire Builders,51-9197.00,https://www.onetcenter.org/dictionary/30.3/excel/job_titles.html
3123,Monitor Technician,Healthcare,0.97,Very High,Cardiovascular Technologists and Technicians,29-2031.00,https://www.onetcenter.org/dictionary/30.3/excel/job_titles.html
3124,Natural Fabricator,Manufacturing & Production,0.97,Very High,"Grinding and Polishing Workers, Hand",51-9022.00,https://www.onetcenter.org/dictionary/30.3/excel/job_titles.html
3125,Network Consultant,"Software, IT & Data",0.97,Very High,Computer Network Support Specialists,15-1231.00,https://www.onetcenter.org/dictionary/30.3/excel/job_titles.html
3126,Nuclear Instructor,Education & Library,0.97,Very High,"Physics Teachers, Postsecondary",25-1054.00,https://www.onetcenter.org/dictionary/30.3/excel/job_titles.html
3127,Nursing Instructor,Education & Library,0.97,Very High,"Nursing Instructors and Teachers, Postsecondary",25-1072.00,https://www.onetcenter.org/dictionary/30.3/excel/job_titles.html
3128,Ocean Export Clerk,Office & Administration,0.97,Very High,Freight Forwarders,43-5011.01,https://www.onetcenter.org/dictionary/30.3/excel/job_titles.html
3129,On-Air Personality,"Arts, Media & Design",0.97,Very High,Broadcast Announcers and Radio Disc Jockeys,27-3011.00,https://www.onetcenter.org/dictionary/30.3/excel/job_titles.html
3130,Onboarding Manager,Management,0.97,Very High,Training and Development Managers,11-3131.00,https://www.onetcenter.org/dictionary/30.3/excel/job_titles.html
3131,Oncology Physician,Healthcare,0.97,Very High,General Internal Medicine Physicians,29-1216.00,https://www.onetcenter.org/dictionary/30.3/excel/job_titles.html
3132,Operating Engineer,Construction & Trades,0.97,Very High,Operating Engineers and Other Construction Equipment Operators,47-2073.00,https://www.onetcenter.org/dictionary/30.3/excel/job_titles.html
3133,Orthotic Clinician,Healthcare,0.97,Very High,Orthotists and Prosthetists,29-2091.00,https://www.onetcenter.org/dictionary/30.3/excel/job_titles.html
3134,Package Supervisor,Transportation & Logistics,0.97,Very High,"First-Line Supervisors of Helpers, Laborers, and Material Movers, Hand",53-1042.00,https://www.onetcenter.org/dictionary/30.3/excel/job_titles.html
3135,Packaging Operator,Manufacturing & Production,0.97,Very High,Packaging and Filling Machine Operators and Tenders,51-9111.00,https://www.onetcenter.org/dictionary/30.3/excel/job_titles.html
3136,Paid Media Manager,"Arts, Media & Design",0.97,Very High,Media Programming Directors,27-2012.03,https://www.onetcenter.org/dictionary/30.3/excel/job_titles.html
3137,Parking Supervisor,Public Safety,0.97,Very High,Parking Enforcement Workers,33-3041.00,https://www.onetcenter.org/dictionary/30.3/excel/job_titles.html
3138,Paving Crew Member,Construction & Trades,0.97,Very High,"Paving, Surfacing, and Tamping Equipment Operators",47-2071.00,https://www.onetcenter.org/dictionary/30.3/excel/job_titles.html
3139,Payroll Specialist,Business & Finance,0.97,Very High,"Compensation, Benefits, and Job Analysis Specialists",13-1141.00,https://www.onetcenter.org/dictionary/30.3/excel/job_titles.html
3140,Penetration Tester,"Software, IT & Data",0.97,Very High,Penetration Testers,15-1299.04,https://www.onetcenter.org/dictionary/30.3/excel/job_titles.html
3141,Performance Tester,"Software, IT & Data",0.97,Very High,Software Quality Assurance Analysts and Testers,15-1253.00,https://www.onetcenter.org/dictionary/30.3/excel/job_titles.html
3142,Permit Coordinator,Office & Administration,0.97,Very High,"Court, Municipal, and License Clerks",43-4031.00,https://www.onetcenter.org/dictionary/30.3/excel/job_titles.html
3143,Petroleum Operator,Manufacturing & Production,0.97,Very High,"Furnace, Kiln, Oven, Drier, and Kettle Operators and Tenders",51-9051.00,https://www.onetcenter.org/dictionary/30.3/excel/job_titles.html
3144,Photo Booth Renter,Sales,0.97,Very High,Counter and Rental Clerks,41-2021.00,https://www.onetcenter.org/dictionary/30.3/excel/job_titles.html
3145,Photonics Engineer,Engineering & Architecture,0.97,Very High,Photonics Technicians,17-3029.08,https://www.onetcenter.org/dictionary/30.3/excel/job_titles.html
3146,Physical Scientist,Science,0.97,Very High,Conservation Scientists,19-1031.00,https://www.onetcenter.org/dictionary/30.3/excel/job_titles.html
3147,Physician Reviewer,"Software, IT & Data",0.97,Very High,Health Informatics Specialists,15-1211.01,https://www.onetcenter.org/dictionary/30.3/excel/job_titles.html
3148,Physics Instructor,Education & Library,0.97,Very High,"Physics Teachers, Postsecondary",25-1054.00,https://www.onetcenter.org/dictionary/30.3/excel/job_titles.html
3149,Platform Architect,"Software, IT & Data",0.97,Very High,Computer Network Architects,15-1241.00,https://www.onetcenter.org/dictionary/30.3/excel/job_titles.html
3150,Poker Room Manager,Personal Care & Services,0.97,Very High,First-Line Supervisors of Gambling Services Workers,39-1013.00,https://www.onetcenter.org/dictionary/30.3/excel/job_titles.html
3151,Pole Lift Operator,Transportation & Logistics,0.97,Very High,Hoist and Winch Operators,53-7041.00,https://www.onetcenter.org/dictionary/30.3/excel/job_titles.html
3152,Posting Specialist,Office & Administration,0.97,Very High,"Credit Authorizers, Checkers, and Clerks",43-4041.00,https://www.onetcenter.org/dictionary/30.3/excel/job_titles.html
3153,Pre Batch Operator,Manufacturing & Production,0.97,Very High,"Heat Treating Equipment Setters, Operators, and Tenders, Metal and Plastic",51-4191.00,https://www.onetcenter.org/dictionary/30.3/excel/job_titles.html
3154,Pre-Sales Engineer,Sales,0.97,Very High,Sales Engineers,41-9031.00,https://www.onetcenter.org/dictionary/30.3/excel/job_titles.html
3155,Pre-School Teacher,Education & Library,0.97,Very High,"Preschool Teachers, Except Special Education",25-2011.00,https://www.onetcenter.org/dictionary/30.3/excel/job_titles.html
3156,Predictive Modeler,Business & Finance,0.97,Very High,Financial Quantitative Analysts,13-2099.01,https://www.onetcenter.org/dictionary/30.3/excel/job_titles.html
3157,Preload Supervisor,Transportation & Logistics,0.97,Very High,"First-Line Supervisors of Helpers, Laborers, and Material Movers, Hand",53-1042.00,https://www.onetcenter.org/dictionary/30.3/excel/job_titles.html
3158,Press Setup Person,Manufacturing & Production,0.97,Very High,"Lathe and Turning Machine Tool Setters, Operators, and Tenders, Metal and Plastic",51-4034.00,https://www.onetcenter.org/dictionary/30.3/excel/job_titles.html
3159,Printer Technician,"Installation, Maintenance & Repair",0.97,Very High,"Computer, Automated Teller, and Office Machine Repairers",49-2011.00,https://www.onetcenter.org/dictionary/30.3/excel/job_titles.html
3160,Product Specialist,Sales,0.97,Very High,"Sales Representatives of Services, Except Advertising, Insurance, Financial Services, and Travel",41-3091.00,https://www.onetcenter.org/dictionary/30.3/excel/job_titles.html
3161,Production Chemist,Science,0.97,Very High,Chemists,19-2031.00,https://www.onetcenter.org/dictionary/30.3/excel/job_titles.html
3162,Production Manager,Management,0.97,Very High,Industrial Production Managers,11-3051.00,https://www.onetcenter.org/dictionary/30.3/excel/job_titles.html
3163,Program Instructor,Education & Library,0.97,Very High,"Foreign Language and Literature Teachers, Postsecondary",25-1124.00,https://www.onetcenter.org/dictionary/30.3/excel/job_titles.html
3164,Program Specialist,Office & Administration,0.97,Very High,"Eligibility Interviewers, Government Programs",43-4061.00,https://www.onetcenter.org/dictionary/30.3/excel/job_titles.html
3165,Program Supervisor,Management,0.97,Very High,Social and Community Service Managers,11-9151.00,https://www.onetcenter.org/dictionary/30.3/excel/job_titles.html
3166,Programmer Analyst,Science,0.97,Very High,Bioinformatics Scientists,19-1029.01,https://www.onetcenter.org/dictionary/30.3/excel/job_titles.html
3167,Project Controller,Management,0.97,Very High,Treasurers and Controllers,11-3031.01,https://www.onetcenter.org/dictionary/30.3/excel/job_titles.html
3168,Property Inspector,Business & Finance,0.97,Very High,Government Property Inspectors and Investigators,13-1041.04,https://www.onetcenter.org/dictionary/30.3/excel/job_titles.html
3169,Protein Biochemist,Science,0.97,Very High,Biochemists and Biophysicists,19-1021.00,https://www.onetcenter.org/dictionary/30.3/excel/job_titles.html
3170,Pump Kill Operator,Transportation & Logistics,0.97,Very High,"Pump Operators, Except Wellhead Pumpers",53-7072.00,https://www.onetcenter.org/dictionary/30.3/excel/job_titles.html
3171,Purchasing Analyst,Office & Administration,0.97,Very High,Procurement Clerks,43-3061.00,https://www.onetcenter.org/dictionary/30.3/excel/job_titles.html
3172,Quality Specialist,Science,0.97,Very High,Quality Control Analysts,19-4099.01,https://www.onetcenter.org/dictionary/30.3/excel/job_titles.html
3173,Quality Supervisor,Management,0.97,Very High,Industrial Production Managers,11-3051.00,https://www.onetcenter.org/dictionary/30.3/excel/job_titles.html
3174,Quality Technician,Engineering & Architecture,0.97,Very High,Environmental Engineering Technologists and Technicians,17-3025.00,https://www.onetcenter.org/dictionary/30.3/excel/job_titles.html
3175,Reactor Technician,Manufacturing & Production,0.97,Very High,Semiconductor Processing Technicians,51-9141.00,https://www.onetcenter.org/dictionary/30.3/excel/job_titles.html
3176,Reading Specialist,Education & Library,0.97,Very High,"Elementary School Teachers, Except Special Education",25-2021.00,https://www.onetcenter.org/dictionary/30.3/excel/job_titles.html
3177,Real Time Operator,Manufacturing & Production,0.97,Very High,Power Distributors and Dispatchers,51-8012.00,https://www.onetcenter.org/dictionary/30.3/excel/job_titles.html
3178,Receiving Operator,Transportation & Logistics,0.97,Very High,"Tank Car, Truck, and Ship Loaders",53-7121.00,https://www.onetcenter.org/dictionary/30.3/excel/job_titles.html
3179,Records Specialist,"Software, IT & Data",0.97,Very High,Document Management Specialists,15-1299.03,https://www.onetcenter.org/dictionary/30.3/excel/job_titles.html
3180,Records Technician,"Software, IT & Data",0.97,Very High,Document Management Specialists,15-1299.03,https://www.onetcenter.org/dictionary/30.3/excel/job_titles.html
3181,Recreation Manager,Management,0.97,Very High,"Entertainment and Recreation Managers, Except Gambling",11-9072.00,https://www.onetcenter.org/dictionary/30.3/excel/job_titles.html
3182,Recruiting Manager,Management,0.97,Very High,Human Resources Managers,11-3121.00,https://www.onetcenter.org/dictionary/30.3/excel/job_titles.html
3183,Recycle Supervisor,Transportation & Logistics,0.97,Very High,Recycling Coordinators,53-1042.01,https://www.onetcenter.org/dictionary/30.3/excel/job_titles.html
3184,Recycling Operator,Transportation & Logistics,0.97,Very High,"First-Line Supervisors of Helpers, Laborers, and Material Movers, Hand",53-1042.00,https://www.onetcenter.org/dictionary/30.3/excel/job_titles.html
3185,Regulatory Analyst,Business & Finance,0.97,Very High,Regulatory Affairs Specialists,13-1041.07,https://www.onetcenter.org/dictionary/30.3/excel/job_titles.html
3186,Regulatory Manager,Management,0.97,Very High,Natural Sciences Managers,11-9121.00,https://www.onetcenter.org/dictionary/30.3/excel/job_titles.html
3187,Religion Professor,Education & Library,0.97,Very High,"Philosophy and Religion Teachers, Postsecondary",25-1126.00,https://www.onetcenter.org/dictionary/30.3/excel/job_titles.html
3188,Remediation Expert,Management,0.97,Very High,Brownfield Redevelopment Specialists and Site Managers,11-9199.11,https://www.onetcenter.org/dictionary/30.3/excel/job_titles.html
3189,Rental Sales Agent,Sales,0.97,Very High,Counter and Rental Clerks,41-2021.00,https://www.onetcenter.org/dictionary/30.3/excel/job_titles.html
3190,Repossession Agent,Office & Administration,0.97,Very High,Bill and Account Collectors,43-3011.00,https://www.onetcenter.org/dictionary/30.3/excel/job_titles.html
3191,Research Economist,Science,0.97,Very High,Economists,19-3011.00,https://www.onetcenter.org/dictionary/30.3/excel/job_titles.html
3192,Research Historian,Science,0.97,Very High,Historians,19-3093.00,https://www.onetcenter.org/dictionary/30.3/excel/job_titles.html
3193,Research Scientist,"Software, IT & Data",0.97,Very High,Computer and Information Research Scientists,15-1221.00,https://www.onetcenter.org/dictionary/30.3/excel/job_titles.html
3194,Reservoir Engineer,Engineering & Architecture,0.97,Very High,Petroleum Engineers,17-2171.00,https://www.onetcenter.org/dictionary/30.3/excel/job_titles.html
3195,Residential Driver,Transportation & Logistics,0.97,Very High,Light Truck Drivers,53-3033.00,https://www.onetcenter.org/dictionary/30.3/excel/job_titles.html
3196,Resource Navigator,Community & Social Services,0.97,Very High,Rehabilitation Counselors,21-1015.00,https://www.onetcenter.org/dictionary/30.3/excel/job_titles.html
3197,Restaurant Hostess,Food & Hospitality,0.97,Very High,"Hosts and Hostesses, Restaurant, Lounge, and Coffee Shop",35-9031.00,https://www.onetcenter.org/dictionary/30.3/excel/job_titles.html
3198,Retread Technician,Manufacturing & Production,0.97,Very High,Tire Builders,51-9197.00,https://www.onetcenter.org/dictionary/30.3/excel/job_titles.html
3199,Review Coordinator,Office & Administration,0.97,Very High,Correspondence Clerks,43-4021.00,https://www.onetcenter.org/dictionary/30.3/excel/job_titles.html
3200,Risk Model Auditor,Business & Finance,0.97,Very High,Financial Quantitative Analysts,13-2099.01,https://www.onetcenter.org/dictionary/30.3/excel/job_titles.html
3201,Robotic Technician,Engineering & Architecture,0.97,Very High,Robotics Technicians,17-3024.01,https://www.onetcenter.org/dictionary/30.3/excel/job_titles.html
3202,Roofing Consultant,Construction & Trades,0.97,Very High,Roofers,47-2181.00,https://www.onetcenter.org/dictionary/30.3/excel/job_titles.html
3203,Roofing Contractor,Construction & Trades,0.97,Very High,Roofers,47-2181.00,https://www.onetcenter.org/dictionary/30.3/excel/job_titles.html
3204,Roofing Specialist,Construction & Trades,0.97,Very High,Roofers,47-2181.00,https://www.onetcenter.org/dictionary/30.3/excel/job_titles.html
3205,Safety Coordinator,Science,0.97,Very High,Occupational Health and Safety Technicians,19-5012.00,https://www.onetcenter.org/dictionary/30.3/excel/job_titles.html
3206,Sales Photographer,"Arts, Media & Design",0.97,Very High,Photographers,27-4021.00,https://www.onetcenter.org/dictionary/30.3/excel/job_titles.html
3207,Sales Professional,Sales,0.97,Very High,"Sales Representatives, Wholesale and Manufacturing, Except Technical and Scientific Products",41-4012.00,https://www.onetcenter.org/dictionary/30.3/excel/job_titles.html
3208,Salon Receptionist,Office & Administration,0.97,Very High,Receptionists and Information Clerks,43-4171.00,https://www.onetcenter.org/dictionary/30.3/excel/job_titles.html
3209,Sanding Technician,Manufacturing & Production,0.97,Very High,Semiconductor Processing Technicians,51-9141.00,https://www.onetcenter.org/dictionary/30.3/excel/job_titles.html
3210,Scaffolding Helper,Construction & Trades,0.97,Very High,"Helpers--Painters, Paperhangers, Plasterers, and Stucco Masons",47-3014.00,https://www.onetcenter.org/dictionary/30.3/excel/job_titles.html
3211,Security Architect,"Software, IT & Data",0.97,Very High,Information Security Engineers,15-1299.05,https://www.onetcenter.org/dictionary/30.3/excel/job_titles.html
3212,Service Technician,"Installation, Maintenance & Repair",0.97,Very High,"Telecommunications Equipment Installers and Repairers, Except Line Installers",49-2022.00,https://www.onetcenter.org/dictionary/30.3/excel/job_titles.html
3213,Shampoo Specialist,Personal Care & Services,0.97,Very High,Shampooers,39-5093.00,https://www.onetcenter.org/dictionary/30.3/excel/job_titles.html
3214,Sheet Metal Helper,Manufacturing & Production,0.97,Very High,Helpers--Production Workers,51-9198.00,https://www.onetcenter.org/dictionary/30.3/excel/job_titles.html
3215,Skincare Therapist,Personal Care & Services,0.97,Very High,Skincare Specialists,39-5094.00,https://www.onetcenter.org/dictionary/30.3/excel/job_titles.html
3216,Small Lot Operator,Manufacturing & Production,0.97,Very High,"Lathe and Turning Machine Tool Setters, Operators, and Tenders, Metal and Plastic",51-4034.00,https://www.onetcenter.org/dictionary/30.3/excel/job_titles.html
3217,Sociology Lecturer,Education & Library,0.97,Very High,"Sociology Teachers, Postsecondary",25-1067.00,https://www.onetcenter.org/dictionary/30.3/excel/job_titles.html
3218,Solution Architect,"Software, IT & Data",0.97,Very High,Computer Systems Analysts,15-1211.00,https://www.onetcenter.org/dictionary/30.3/excel/job_titles.html
3219,Spanish Instructor,Education & Library,0.97,Very High,"Foreign Language and Literature Teachers, Postsecondary",25-1124.00,https://www.onetcenter.org/dictionary/30.3/excel/job_titles.html
3220,Specimen Collector,Healthcare,0.97,Very High,Medical and Clinical Laboratory Technicians,29-2012.00,https://www.onetcenter.org/dictionary/30.3/excel/job_titles.html
3221,Specimen Processor,Healthcare,0.97,Very High,Medical and Clinical Laboratory Technicians,29-2012.00,https://www.onetcenter.org/dictionary/30.3/excel/job_titles.html
3222,Sports Book Server,Personal Care & Services,0.97,Very High,Gambling and Sports Book Writers and Runners,39-3012.00,https://www.onetcenter.org/dictionary/30.3/excel/job_titles.html
3223,Spray Rig Operator,Construction & Trades,0.97,Very High,"Service Unit Operators, Oil and Gas",47-5013.00,https://www.onetcenter.org/dictionary/30.3/excel/job_titles.html
3224,State Fire Marshal,Public Safety,0.97,Very High,First-Line Supervisors of Firefighting and Prevention Workers,33-1021.00,https://www.onetcenter.org/dictionary/30.3/excel/job_titles.html
3225,Station Loadmaster,Transportation & Logistics,0.97,Very High,Aircraft Cargo Handling Supervisors,53-1041.00,https://www.onetcenter.org/dictionary/30.3/excel/job_titles.html
3226,Stock Merchandiser,Transportation & Logistics,0.97,Very High,Stockers and Order Fillers,53-7065.00,https://www.onetcenter.org/dictionary/30.3/excel/job_titles.html
3227,Student Ambassador,"Arts, Media & Design",0.97,Very High,Public Relations Specialists,27-3031.00,https://www.onetcenter.org/dictionary/30.3/excel/job_titles.html
3228,Studio Coordinator,"Arts, Media & Design",0.97,Very High,Broadcast Technicians,27-4012.00,https://www.onetcenter.org/dictionary/30.3/excel/job_titles.html
3229,Substation Wireman,"Installation, Maintenance & Repair",0.97,Very High,"Electrical and Electronics Repairers, Powerhouse, Substation, and Relay",49-2095.00,https://www.onetcenter.org/dictionary/30.3/excel/job_titles.html
3230,Support Technician,"Software, IT & Data",0.97,Very High,Computer Network Support Specialists,15-1231.00,https://www.onetcenter.org/dictionary/30.3/excel/job_titles.html
3231,Surety Underwriter,Business & Finance,0.97,Very High,Insurance Underwriters,13-2053.00,https://www.onetcenter.org/dictionary/30.3/excel/job_titles.html
3232,Surface Fabricator,Manufacturing & Production,0.97,Very High,"Layout Workers, Metal and Plastic",51-4192.00,https://www.onetcenter.org/dictionary/30.3/excel/job_titles.html
3233,Surface Technician,Manufacturing & Production,0.97,Very High,Ophthalmic Laboratory Technicians,51-9083.00,https://www.onetcenter.org/dictionary/30.3/excel/job_titles.html
3234,Surgery Technician,Healthcare,0.97,Very High,Surgical Assistants,29-9093.00,https://www.onetcenter.org/dictionary/30.3/excel/job_titles.html
3235,Surveillance Agent,Public Safety,0.97,Very High,Private Detectives and Investigators,33-9021.00,https://www.onetcenter.org/dictionary/30.3/excel/job_titles.html
3236,Survey Crew Member,Engineering & Architecture,0.97,Very High,Surveying and Mapping Technicians,17-3031.00,https://www.onetcenter.org/dictionary/30.3/excel/job_titles.html
3237,Survey Interviewer,Science,0.97,Very High,Survey Researchers,19-3022.00,https://www.onetcenter.org/dictionary/30.3/excel/job_titles.html
3238,Systems Specialist,"Software, IT & Data",0.97,Very High,Network and Computer Systems Administrators,15-1244.00,https://www.onetcenter.org/dictionary/30.3/excel/job_titles.html
3239,Systems Technician,Manufacturing & Production,0.97,Very High,Biofuels Processing Technicians,51-8099.01,https://www.onetcenter.org/dictionary/30.3/excel/job_titles.html
3240,Technical Animator,"Arts, Media & Design",0.97,Very High,Special Effects Artists and Animators,27-1014.00,https://www.onetcenter.org/dictionary/30.3/excel/job_titles.html
3241,Technical Director,Management,0.97,Very High,Computer and Information Systems Managers,11-3021.00,https://www.onetcenter.org/dictionary/30.3/excel/job_titles.html
3242,Technology Manager,"Software, IT & Data",0.97,Very High,Information Technology Project Managers,15-1299.09,https://www.onetcenter.org/dictionary/30.3/excel/job_titles.html
3243,Technology Teacher,Education & Library,0.97,Very High,"Career/Technical Education Teachers, Postsecondary",25-1194.00,https://www.onetcenter.org/dictionary/30.3/excel/job_titles.html
3244,Tender Coordinator,Manufacturing & Production,0.97,Very High,Textile Bleaching and Dyeing Machine Operators and Tenders,51-6061.00,https://www.onetcenter.org/dictionary/30.3/excel/job_titles.html
3245,Therapeutic Mentor,Healthcare,0.97,Very High,Recreational Therapists,29-1125.00,https://www.onetcenter.org/dictionary/30.3/excel/job_titles.html
3246,Thermal Technician,Construction & Trades,0.97,Very High,Solar Thermal Installers and Technicians,47-2152.04,https://www.onetcenter.org/dictionary/30.3/excel/job_titles.html
3247,Traffic Controller,Construction & Trades,0.97,Very High,Highway Maintenance Workers,47-4051.00,https://www.onetcenter.org/dictionary/30.3/excel/job_titles.html
3248,Traffic Specialist,Transportation & Logistics,0.97,Very High,Traffic Technicians,53-6041.00,https://www.onetcenter.org/dictionary/30.3/excel/job_titles.html
3249,Traffic Supervisor,Transportation & Logistics,0.97,Very High,Air Traffic Controllers,53-2021.00,https://www.onetcenter.org/dictionary/30.3/excel/job_titles.html
3250,Training Developer,Business & Finance,0.97,Very High,Training and Development Specialists,13-1151.00,https://www.onetcenter.org/dictionary/30.3/excel/job_titles.html
3251,Transit Specialist,Public Safety,0.97,Very High,Transit and Railroad Police,33-3052.00,https://www.onetcenter.org/dictionary/30.3/excel/job_titles.html
3252,Transport Operator,Transportation & Logistics,0.97,Very High,"Bus Drivers, Transit and Intercity",53-3052.00,https://www.onetcenter.org/dictionary/30.3/excel/job_titles.html
3253,Travel Coordinator,Sales,0.97,Very High,Travel Agents,41-3041.00,https://www.onetcenter.org/dictionary/30.3/excel/job_titles.html
3254,Turbine Technician,"Installation, Maintenance & Repair",0.97,Very High,Wind Turbine Service Technicians,49-9081.00,https://www.onetcenter.org/dictionary/30.3/excel/job_titles.html
3255,Utilities Operator,Manufacturing & Production,0.97,Very High,Stationary Engineers and Boiler Operators,51-8021.00,https://www.onetcenter.org/dictionary/30.3/excel/job_titles.html
3256,Utility Applicator,Construction & Trades,0.97,Very High,Stonemasons,47-2022.00,https://www.onetcenter.org/dictionary/30.3/excel/job_titles.html
3257,Utility Pipe Layer,Construction & Trades,0.97,Very High,Pipelayers,47-2151.00,https://www.onetcenter.org/dictionary/30.3/excel/job_titles.html
3258,Utility Technician,Office & Administration,0.97,Very High,"Meter Readers, Utilities",43-5041.00,https://www.onetcenter.org/dictionary/30.3/excel/job_titles.html
3259,Warehouse Packager,Transportation & Logistics,0.97,Very High,"Packers and Packagers, Hand",53-7064.00,https://www.onetcenter.org/dictionary/30.3/excel/job_titles.html
3260,Warehouse Receiver,Office & Administration,0.97,Very High,"Shipping, Receiving, and Inventory Clerks",43-5071.00,https://www.onetcenter.org/dictionary/30.3/excel/job_titles.html
3261,Water Jet Operator,Manufacturing & Production,0.97,Very High,Textile Bleaching and Dyeing Machine Operators and Tenders,51-6061.00,https://www.onetcenter.org/dictionary/30.3/excel/job_titles.html
3262,Wetland Specialist,Science,0.97,Very High,Conservation Scientists,19-1031.00,https://www.onetcenter.org/dictionary/30.3/excel/job_titles.html
3263,Windows Consultant,Construction & Trades,0.97,Very High,Glaziers,47-2121.00,https://www.onetcenter.org/dictionary/30.3/excel/job_titles.html
3264,Accessory Installer,"Installation, Maintenance & Repair",0.97,Very High,"Electronic Equipment Installers and Repairers, Motor Vehicles",49-2096.00,https://www.onetcenter.org/dictionary/30.3/excel/job_titles.html
3265,Accounting Lecturer,Education & Library,0.97,Very High,"Economics Teachers, Postsecondary",25-1063.00,https://www.onetcenter.org/dictionary/30.3/excel/job_titles.html
3266,Aerospace Assembler,Engineering & Architecture,0.97,Very High,Aerospace Engineering and Operations Technologists and Technicians,17-3021.00,https://www.onetcenter.org/dictionary/30.3/excel/job_titles.html
3267,Aerospace Inspector,Transportation & Logistics,0.97,Very High,Aviation Inspectors,53-6051.01,https://www.onetcenter.org/dictionary/30.3/excel/job_titles.html
3268,Agriculture Teacher,Education & Library,0.97,Very High,"Career/Technical Education Teachers, Secondary School",25-2032.00,https://www.onetcenter.org/dictionary/30.3/excel/job_titles.html
3269,Agronomy Specialist,Science,0.97,Very High,Precision Agriculture Technicians,19-4012.01,https://www.onetcenter.org/dictionary/30.3/excel/job_titles.html
3270,Air Traffic Manager,Transportation & Logistics,0.97,Very High,Air Traffic Controllers,53-2021.00,https://www.onetcenter.org/dictionary/30.3/excel/job_titles.html
3271,Airport Firefighter,Public Safety,0.97,Very High,Firefighters,33-2011.00,https://www.onetcenter.org/dictionary/30.3/excel/job_titles.html
3272,Annual Fund Manager,Management,0.97,Very High,Investment Fund Managers,11-3031.03,https://www.onetcenter.org/dictionary/30.3/excel/job_titles.html
3273,Appeals Coordinator,Business & Finance,0.97,Very High,Equal Opportunity Representatives and Officers,13-1041.03,https://www.onetcenter.org/dictionary/30.3/excel/job_titles.html
3274,Application Analyst,"Software, IT & Data",0.97,Very High,Clinical Data Managers,15-2051.02,https://www.onetcenter.org/dictionary/30.3/excel/job_titles.html
3275,Aquatics Specialist,Public Safety,0.97,Very High,"Lifeguards, Ski Patrol, and Other Recreational Protective Service Workers",33-9092.00,https://www.onetcenter.org/dictionary/30.3/excel/job_titles.html
3276,Aquatics Supervisor,Personal Care & Services,0.97,Very High,First-Line Supervisors of Personal Service Workers,39-1022.00,https://www.onetcenter.org/dictionary/30.3/excel/job_titles.html
3277,Aquatics Technician,Science,0.97,Very High,Biological Technicians,19-4021.00,https://www.onetcenter.org/dictionary/30.3/excel/job_titles.html
3278,Arbitration Manager,Law,0.97,Very High,"Arbitrators, Mediators, and Conciliators",23-1022.00,https://www.onetcenter.org/dictionary/30.3/excel/job_titles.html
3279,Archives Specialist,Education & Library,0.97,Very High,Archivists,25-4011.00,https://www.onetcenter.org/dictionary/30.3/excel/job_titles.html
3280,Arrhythmia Engineer,Engineering & Architecture,0.97,Very High,Microsystems Engineers,17-2199.06,https://www.onetcenter.org/dictionary/30.3/excel/job_titles.html
3281,Asbestos Technician,Construction & Trades,0.97,Very High,Hazardous Materials Removal Workers,47-4041.00,https://www.onetcenter.org/dictionary/30.3/excel/job_titles.html
3282,Assembly Technician,Engineering & Architecture,0.97,Very High,Robotics Technicians,17-3024.01,https://www.onetcenter.org/dictionary/30.3/excel/job_titles.html
3283,Authorized Retailer,Sales,0.97,Very High,"Sales Representatives, Wholesale and Manufacturing, Technical and Scientific Products",41-4011.00,https://www.onetcenter.org/dictionary/30.3/excel/job_titles.html
3284,Auto Body Appraiser,Business & Finance,0.97,Very High,"Insurance Appraisers, Auto Damage",13-1032.00,https://www.onetcenter.org/dictionary/30.3/excel/job_titles.html
3285,Automation Operator,Manufacturing & Production,0.97,Very High,Textile Bleaching and Dyeing Machine Operators and Tenders,51-6061.00,https://www.onetcenter.org/dictionary/30.3/excel/job_titles.html
3286,Behavior Specialist,Community & Social Services,0.97,Very High,Marriage and Family Therapists,21-1013.00,https://www.onetcenter.org/dictionary/30.3/excel/job_titles.html
3287,Benefits Consultant,Business & Finance,0.97,Very High,"Compensation, Benefits, and Job Analysis Specialists",13-1141.00,https://www.onetcenter.org/dictionary/30.3/excel/job_titles.html
3288,Bilingual Clinician,Community & Social Services,0.97,Very High,Marriage and Family Therapists,21-1013.00,https://www.onetcenter.org/dictionary/30.3/excel/job_titles.html
3289,Body Shop Estimator,Business & Finance,0.97,Very High,"Insurance Appraisers, Auto Damage",13-1032.00,https://www.onetcenter.org/dictionary/30.3/excel/job_titles.html
3290,Boiler Plant Worker,Manufacturing & Production,0.97,Very High,Chemical Equipment Operators and Tenders,51-9011.00,https://www.onetcenter.org/dictionary/30.3/excel/job_titles.html
3291,Border Patrol Agent,Public Safety,0.97,Very High,Customs and Border Protection Officers,33-3051.04,https://www.onetcenter.org/dictionary/30.3/excel/job_titles.html
3292,Breakfast Line Cook,Food & Hospitality,0.97,Very High,"Cooks, Short Order",35-2015.00,https://www.onetcenter.org/dictionary/30.3/excel/job_titles.html
3293,Broadband Installer,"Installation, Maintenance & Repair",0.97,Very High,"Telecommunications Equipment Installers and Repairers, Except Line Installers",49-2022.00,https://www.onetcenter.org/dictionary/30.3/excel/job_titles.html
3294,Building Serviceman,Construction & Trades,0.97,Very High,Elevator and Escalator Installers and Repairers,47-4021.00,https://www.onetcenter.org/dictionary/30.3/excel/job_titles.html
3295,Bulk Gas Specialist,Manufacturing & Production,0.97,Very High,Gas Plant Operators,51-8092.00,https://www.onetcenter.org/dictionary/30.3/excel/job_titles.html
3296,Bulk Pallet Builder,Manufacturing & Production,0.97,Very High,Adhesive Bonding Machine Operators and Tenders,51-9191.00,https://www.onetcenter.org/dictionary/30.3/excel/job_titles.html
3297,Burn Table Operator,Manufacturing & Production,0.97,Very High,"Woodworking Machine Setters, Operators, and Tenders, Except Sawing",51-7042.00,https://www.onetcenter.org/dictionary/30.3/excel/job_titles.html
3298,Certified Lifeguard,Public Safety,0.97,Very High,"Lifeguards, Ski Patrol, and Other Recreational Protective Service Workers",33-9092.00,https://www.onetcenter.org/dictionary/30.3/excel/job_titles.html
3299,Chemical Applicator,Science,0.97,Very High,Agricultural Technicians,19-4012.00,https://www.onetcenter.org/dictionary/30.3/excel/job_titles.html
3300,Chemistry Scientist,Science,0.97,Very High,Biochemists and Biophysicists,19-1021.00,https://www.onetcenter.org/dictionary/30.3/excel/job_titles.html
3301,Child Care Provider,Personal Care & Services,0.97,Very High,Childcare Workers,39-9011.00,https://www.onetcenter.org/dictionary/30.3/excel/job_titles.html
3302,Cleanroom Assembler,Manufacturing & Production,0.97,Very High,"Aircraft Structure, Surfaces, Rigging, and Systems Assemblers",51-2011.00,https://www.onetcenter.org/dictionary/30.3/excel/job_titles.html
3303,Clinic Receptionist,Office & Administration,0.97,Very High,Medical Secretaries and Administrative Assistants,43-6013.00,https://www.onetcenter.org/dictionary/30.3/excel/job_titles.html
3304,Clinical Geneticist,Science,0.97,Very High,Geneticists,19-1029.03,https://www.onetcenter.org/dictionary/30.3/excel/job_titles.html
3305,Clinical Instructor,Education & Library,0.97,Very High,"Health Specialties Teachers, Postsecondary",25-1071.00,https://www.onetcenter.org/dictionary/30.3/excel/job_titles.html
3306,Cognitive Therapist,Healthcare,0.97,Very High,Art Therapists,29-1129.01,https://www.onetcenter.org/dictionary/30.3/excel/job_titles.html
3307,Collections Analyst,Office & Administration,0.97,Very High,Bill and Account Collectors,43-3011.00,https://www.onetcenter.org/dictionary/30.3/excel/job_titles.html
3308,Collision Appraiser,Business & Finance,0.97,Very High,"Insurance Appraisers, Auto Damage",13-1032.00,https://www.onetcenter.org/dictionary/30.3/excel/job_titles.html
3309,Collision Estimator,Business & Finance,0.97,Very High,"Insurance Appraisers, Auto Damage",13-1032.00,https://www.onetcenter.org/dictionary/30.3/excel/job_titles.html
3310,Compliance Director,Management,0.97,Very High,Compliance Managers,11-9199.02,https://www.onetcenter.org/dictionary/30.3/excel/job_titles.html
3311,Composite Laminator,Manufacturing & Production,0.97,Very High,Fiberglass Laminators and Fabricators,51-2051.00,https://www.onetcenter.org/dictionary/30.3/excel/job_titles.html
3312,Compressor Mechanic,Manufacturing & Production,0.97,Very High,"Extruding, Forming, Pressing, and Compacting Machine Setters, Operators, and Tenders",51-9041.00,https://www.onetcenter.org/dictionary/30.3/excel/job_titles.html
3313,Compressor Operator,Transportation & Logistics,0.97,Very High,Gas Compressor and Gas Pumping Station Operators,53-7071.00,https://www.onetcenter.org/dictionary/30.3/excel/job_titles.html
3314,Concrete Journeyman,Construction & Trades,0.97,Very High,Terrazzo Workers and Finishers,47-2053.00,https://www.onetcenter.org/dictionary/30.3/excel/job_titles.html
3315,Concrete Specialist,Construction & Trades,0.97,Very High,Cement Masons and Concrete Finishers,47-2051.00,https://www.onetcenter.org/dictionary/30.3/excel/job_titles.html
3316,Conservation Worker,Education & Library,0.97,Very High,Museum Technicians and Conservators,25-4013.00,https://www.onetcenter.org/dictionary/30.3/excel/job_titles.html
3317,Content Coordinator,Office & Administration,0.97,Very High,Proofreaders and Copy Markers,43-9081.00,https://www.onetcenter.org/dictionary/30.3/excel/job_titles.html
3318,Contract Serviceman,Construction & Trades,0.97,Very High,Elevator and Escalator Installers and Repairers,47-4021.00,https://www.onetcenter.org/dictionary/30.3/excel/job_titles.html
3319,Controls Specialist,"Installation, Maintenance & Repair",0.97,Very High,"Control and Valve Installers and Repairers, Except Mechanical Door",49-9012.00,https://www.onetcenter.org/dictionary/30.3/excel/job_titles.html
3320,Controls Technician,"Installation, Maintenance & Repair",0.97,Very High,"Control and Valve Installers and Repairers, Except Mechanical Door",49-9012.00,https://www.onetcenter.org/dictionary/30.3/excel/job_titles.html
3321,Conveyer Technician,Transportation & Logistics,0.97,Very High,Conveyor Operators and Tenders,53-7011.00,https://www.onetcenter.org/dictionary/30.3/excel/job_titles.html
3322,Conveyor Technician,Transportation & Logistics,0.97,Very High,Conveyor Operators and Tenders,53-7011.00,https://www.onetcenter.org/dictionary/30.3/excel/job_titles.html
3323,Core Microarchitect,Manufacturing & Production,0.97,Very High,Foundry Mold and Coremakers,51-4071.00,https://www.onetcenter.org/dictionary/30.3/excel/job_titles.html
3324,Corporate Paralegal,Law,0.97,Very High,Paralegals and Legal Assistants,23-2011.00,https://www.onetcenter.org/dictionary/30.3/excel/job_titles.html
3325,Courtesy Bus Driver,Transportation & Logistics,0.97,Very High,"Bus Drivers, Transit and Intercity",53-3052.00,https://www.onetcenter.org/dictionary/30.3/excel/job_titles.html
3326,Creative Copywriter,"Arts, Media & Design",0.97,Very High,Writers and Authors,27-3043.00,https://www.onetcenter.org/dictionary/30.3/excel/job_titles.html
3327,Credit Risk Manager,Business & Finance,0.97,Very High,Credit Analysts,13-2041.00,https://www.onetcenter.org/dictionary/30.3/excel/job_titles.html
3328,Criminal Specialist,Public Safety,0.97,Very High,Police Identification and Records Officers,33-3021.02,https://www.onetcenter.org/dictionary/30.3/excel/job_titles.html
3329,Customer Specialist,"Arts, Media & Design",0.97,Very High,Public Relations Specialists,27-3031.00,https://www.onetcenter.org/dictionary/30.3/excel/job_titles.html
3330,Cyber Threat Hunter,"Software, IT & Data",0.97,Very High,Digital Forensics Analysts,15-1299.06,https://www.onetcenter.org/dictionary/30.3/excel/job_titles.html
3331,Dance Choreographer,"Arts, Media & Design",0.97,Very High,Choreographers,27-2032.00,https://www.onetcenter.org/dictionary/30.3/excel/job_titles.html
3332,Data Analysis Clerk,Office & Administration,0.97,Very High,Statistical Assistants,43-9111.00,https://www.onetcenter.org/dictionary/30.3/excel/job_titles.html
3333,Database Specialist,"Software, IT & Data",0.97,Very High,Data Warehousing Specialists,15-1243.01,https://www.onetcenter.org/dictionary/30.3/excel/job_titles.html
3334,Delivery Dispatcher,Office & Administration,0.97,Very High,"Dispatchers, Except Police, Fire, and Ambulance",43-5032.00,https://www.onetcenter.org/dictionary/30.3/excel/job_titles.html
3335,Delivery Specialist,Transportation & Logistics,0.97,Very High,Driver/Sales Workers,53-3031.00,https://www.onetcenter.org/dictionary/30.3/excel/job_titles.html
3336,Delivery Supervisor,Management,0.97,Very High,Postmasters and Mail Superintendents,11-9131.00,https://www.onetcenter.org/dictionary/30.3/excel/job_titles.html
3337,Dental Receptionist,Office & Administration,0.97,Very High,Medical Secretaries and Administrative Assistants,43-6013.00,https://www.onetcenter.org/dictionary/30.3/excel/job_titles.html
3338,Deportation Officer,Public Safety,0.97,Very High,Customs and Border Protection Officers,33-3051.04,https://www.onetcenter.org/dictionary/30.3/excel/job_titles.html
3339,Die Cutter Operator,Manufacturing & Production,0.97,Very High,"Textile Cutting Machine Setters, Operators, and Tenders",51-6062.00,https://www.onetcenter.org/dictionary/30.3/excel/job_titles.html
3340,Directional Driller,Manufacturing & Production,0.97,Very High,"Drilling and Boring Machine Tool Setters, Operators, and Tenders, Metal and Plastic",51-4032.00,https://www.onetcenter.org/dictionary/30.3/excel/job_titles.html
3341,Dispatch Specialist,Office & Administration,0.97,Very High,Public Safety Telecommunicators,43-5031.00,https://www.onetcenter.org/dictionary/30.3/excel/job_titles.html
3342,Dispensing Operator,Manufacturing & Production,0.97,Very High,Cooling and Freezing Equipment Operators and Tenders,51-9193.00,https://www.onetcenter.org/dictionary/30.3/excel/job_titles.html
3343,Dispute Coordinator,Law,0.97,Very High,"Arbitrators, Mediators, and Conciliators",23-1022.00,https://www.onetcenter.org/dictionary/30.3/excel/job_titles.html
3344,Document Controller,"Software, IT & Data",0.97,Very High,Document Management Specialists,15-1299.03,https://www.onetcenter.org/dictionary/30.3/excel/job_titles.html
3345,Document Specialist,"Software, IT & Data",0.97,Very High,Document Management Specialists,15-1299.03,https://www.onetcenter.org/dictionary/30.3/excel/job_titles.html
3346,Donation Specialist,Business & Finance,0.97,Very High,Fundraisers,13-1131.00,https://www.onetcenter.org/dictionary/30.3/excel/job_titles.html
3347,Durability Engineer,Engineering & Architecture,0.97,Very High,Nanosystems Engineers,17-2199.09,https://www.onetcenter.org/dictionary/30.3/excel/job_titles.html
3348,Economic Instructor,Education & Library,0.97,Very High,"Economics Teachers, Postsecondary",25-1063.00,https://www.onetcenter.org/dictionary/30.3/excel/job_titles.html
3349,Economic Specialist,Science,0.97,Very High,Economists,19-3011.00,https://www.onetcenter.org/dictionary/30.3/excel/job_titles.html
3350,Economics Professor,Education & Library,0.97,Very High,"Economics Teachers, Postsecondary",25-1063.00,https://www.onetcenter.org/dictionary/30.3/excel/job_titles.html
3351,Education Professor,Education & Library,0.97,Very High,"Education Teachers, Postsecondary",25-1081.00,https://www.onetcenter.org/dictionary/30.3/excel/job_titles.html
3352,Electric Technician,"Installation, Maintenance & Repair",0.97,Very High,"Electric Motor, Power Tool, and Related Repairers",49-2092.00,https://www.onetcenter.org/dictionary/30.3/excel/job_titles.html
3353,Electrical Designer,Engineering & Architecture,0.97,Very High,Electrical and Electronics Drafters,17-3012.00,https://www.onetcenter.org/dictionary/30.3/excel/job_titles.html
3354,Electrophysiologist,Science,0.97,Very High,Molecular and Cellular Biologists,19-1029.02,https://www.onetcenter.org/dictionary/30.3/excel/job_titles.html
3355,Emissions Inspector,Transportation & Logistics,0.97,Very High,"Transportation Vehicle, Equipment and Systems Inspectors, Except Aviation",53-6051.07,https://www.onetcenter.org/dictionary/30.3/excel/job_titles.html
3356,Enforcement Officer,Public Safety,0.97,Very High,Parking Enforcement Workers,33-3041.00,https://www.onetcenter.org/dictionary/30.3/excel/job_titles.html
3357,Engineering Officer,Engineering & Architecture,0.97,Very High,Nuclear Engineers,17-2161.00,https://www.onetcenter.org/dictionary/30.3/excel/job_titles.html
3358,Enhancement Manager,Cleaning & Grounds,0.97,Very High,"First-Line Supervisors of Landscaping, Lawn Service, and Groundskeeping Workers",37-1012.00,https://www.onetcenter.org/dictionary/30.3/excel/job_titles.html
3359,Enrollment Provider,Office & Administration,0.97,Very High,"Eligibility Interviewers, Government Programs",43-4061.00,https://www.onetcenter.org/dictionary/30.3/excel/job_titles.html
3360,Equipment Inspector,Transportation & Logistics,0.97,Very High,Transportation Inspectors,53-6051.00,https://www.onetcenter.org/dictionary/30.3/excel/job_titles.html
3361,Ergonomics Engineer,Engineering & Architecture,0.97,Very High,Human Factors Engineers and Ergonomists,17-2112.01,https://www.onetcenter.org/dictionary/30.3/excel/job_titles.html
3362,Evidence Specialist,Science,0.97,Very High,Forensic Science Technicians,19-4092.00,https://www.onetcenter.org/dictionary/30.3/excel/job_titles.html
3363,Excavation Operator,Construction & Trades,0.97,Very High,"Excavating and Loading Machine and Dragline Operators, Surface Mining",47-5022.00,https://www.onetcenter.org/dictionary/30.3/excel/job_titles.html
3364,Executive Chauffeur,Transportation & Logistics,0.97,Very High,Shuttle Drivers and Chauffeurs,53-3053.00,https://www.onetcenter.org/dictionary/30.3/excel/job_titles.html
3365,Executive Secretary,Office & Administration,0.97,Very High,Executive Secretaries and Executive Administrative Assistants,43-6011.00,https://www.onetcenter.org/dictionary/30.3/excel/job_titles.html
3366,Executive Sous Chef,Food & Hospitality,0.97,Very High,Chefs and Head Cooks,35-1011.00,https://www.onetcenter.org/dictionary/30.3/excel/job_titles.html
3367,Exercise Instructor,Education & Library,0.97,Very High,"Recreation and Fitness Studies Teachers, Postsecondary",25-1193.00,https://www.onetcenter.org/dictionary/30.3/excel/job_titles.html
3368,Experience Designer,"Software, IT & Data",0.97,Very High,Web and Digital Interface Designers,15-1255.00,https://www.onetcenter.org/dictionary/30.3/excel/job_titles.html
3369,Facilities Engineer,Management,0.97,Very High,Facilities Managers,11-3013.00,https://www.onetcenter.org/dictionary/30.3/excel/job_titles.html
3370,Facilities Operator,Science,0.97,Very High,Nuclear Technicians,19-4051.00,https://www.onetcenter.org/dictionary/30.3/excel/job_titles.html
3371,Fiberglass Finisher,Manufacturing & Production,0.97,Very High,Fiberglass Laminators and Fabricators,51-2051.00,https://www.onetcenter.org/dictionary/30.3/excel/job_titles.html
3372,Field Archaeologist,Science,0.97,Very High,Anthropologists and Archeologists,19-3091.00,https://www.onetcenter.org/dictionary/30.3/excel/job_titles.html
3373,Fine Grade Operator,Manufacturing & Production,0.97,Very High,"Cutters and Trimmers, Hand",51-9031.00,https://www.onetcenter.org/dictionary/30.3/excel/job_titles.html
3374,Fire Safety Officer,Public Safety,0.97,Very High,Fire Inspectors and Investigators,33-2021.00,https://www.onetcenter.org/dictionary/30.3/excel/job_titles.html
3375,Firearms Specialist,Science,0.97,Very High,Forensic Science Technicians,19-4092.00,https://www.onetcenter.org/dictionary/30.3/excel/job_titles.html
3376,Fisheries Biologist,Science,0.97,Very High,Zoologists and Wildlife Biologists,19-1023.00,https://www.onetcenter.org/dictionary/30.3/excel/job_titles.html
3377,Flooring Contractor,Construction & Trades,0.97,Very High,"Floor Layers, Except Carpet, Wood, and Hard Tiles",47-2042.00,https://www.onetcenter.org/dictionary/30.3/excel/job_titles.html
3378,Food Safety Auditor,Science,0.97,Very High,Food Scientists and Technologists,19-1012.00,https://www.onetcenter.org/dictionary/30.3/excel/job_titles.html
3379,Food Service Worker,Food & Hospitality,0.97,Very High,"Cooks, Institution and Cafeteria",35-2012.00,https://www.onetcenter.org/dictionary/30.3/excel/job_titles.html
3380,Forensic Specialist,Science,0.97,Very High,Forensic Science Technicians,19-4092.00,https://www.onetcenter.org/dictionary/30.3/excel/job_titles.html
3381,Forestry Specialist,Science,0.97,Very High,Foresters,19-1032.00,https://www.onetcenter.org/dictionary/30.3/excel/job_titles.html
3382,Formulation Chemist,Science,0.97,Very High,Chemists,19-2031.00,https://www.onetcenter.org/dictionary/30.3/excel/job_titles.html
3383,Front Wash Operator,Manufacturing & Production,0.97,Very High,Chemical Plant and System Operators,51-8091.00,https://www.onetcenter.org/dictionary/30.3/excel/job_titles.html
3384,Fuel Pilot Engineer,Transportation & Logistics,0.97,Very High,Locomotive Engineers,53-4011.00,https://www.onetcenter.org/dictionary/30.3/excel/job_titles.html
3385,Fulfillment Manager,Management,0.97,Very High,"Transportation, Storage, and Distribution Managers",11-3071.00,https://www.onetcenter.org/dictionary/30.3/excel/job_titles.html
3386,Full Stack Engineer,"Software, IT & Data",0.97,Very High,Software Developers,15-1252.00,https://www.onetcenter.org/dictionary/30.3/excel/job_titles.html
3387,Furniture Assembler,Manufacturing & Production,0.97,Very High,Team Assemblers,51-2092.00,https://www.onetcenter.org/dictionary/30.3/excel/job_titles.html
3388,Furniture Installer,Manufacturing & Production,0.97,Very High,Furniture Finishers,51-7021.00,https://www.onetcenter.org/dictionary/30.3/excel/job_titles.html
3389,General Radiologist,Healthcare,0.97,Very High,Radiologists,29-1224.00,https://www.onetcenter.org/dictionary/30.3/excel/job_titles.html
3390,Genetic Coordinator,Healthcare,0.97,Very High,Genetic Counselors,29-9092.00,https://www.onetcenter.org/dictionary/30.3/excel/job_titles.html
3391,Genomics Specialist,Science,0.97,Very High,Bioinformatics Scientists,19-1029.01,https://www.onetcenter.org/dictionary/30.3/excel/job_titles.html
3392,Geodetic Technician,Engineering & Architecture,0.97,Very High,Geodetic Surveyors,17-1022.01,https://www.onetcenter.org/dictionary/30.3/excel/job_titles.html
3393,Guest Service Agent,Office & Administration,0.97,Very High,"Hotel, Motel, and Resort Desk Clerks",43-4081.00,https://www.onetcenter.org/dictionary/30.3/excel/job_titles.html
3394,Health Psychologist,Science,0.97,Very High,Clinical and Counseling Psychologists,19-3033.00,https://www.onetcenter.org/dictionary/30.3/excel/job_titles.html
3395,Healthcare Advocate,Community & Social Services,0.97,Very High,Healthcare Social Workers,21-1022.00,https://www.onetcenter.org/dictionary/30.3/excel/job_titles.html
3396,Helicopter Repairer,"Installation, Maintenance & Repair",0.97,Very High,Aircraft Mechanics and Service Technicians,49-3011.00,https://www.onetcenter.org/dictionary/30.3/excel/job_titles.html
3397,High Reach Operator,Construction & Trades,0.97,Very High,Septic Tank Servicers and Sewer Pipe Cleaners,47-4071.00,https://www.onetcenter.org/dictionary/30.3/excel/job_titles.html
3398,Historian Developer,Science,0.97,Very High,Historians,19-3093.00,https://www.onetcenter.org/dictionary/30.3/excel/job_titles.html
3399,Hotel Night Auditor,Office & Administration,0.97,Very High,"Hotel, Motel, and Resort Desk Clerks",43-4081.00,https://www.onetcenter.org/dictionary/30.3/excel/job_titles.html
3400,Hybrid Technologist,Science,0.97,Very High,Food Scientists and Technologists,19-1012.00,https://www.onetcenter.org/dictionary/30.3/excel/job_titles.html
3401,Hydraulics Engineer,Engineering & Architecture,0.97,Very High,Water/Wastewater Engineers,17-2051.02,https://www.onetcenter.org/dictionary/30.3/excel/job_titles.html
3402,Industrial Designer,"Arts, Media & Design",0.97,Very High,Commercial and Industrial Designers,27-1021.00,https://www.onetcenter.org/dictionary/30.3/excel/job_titles.html
3403,Industrial Engineer,Engineering & Architecture,0.97,Very High,Industrial Engineers,17-2112.00,https://www.onetcenter.org/dictionary/30.3/excel/job_titles.html
3404,Installation Helper,Construction & Trades,0.97,Very High,Helpers--Electricians,47-3013.00,https://www.onetcenter.org/dictionary/30.3/excel/job_titles.html
3405,Institute Scientist,Science,0.97,Very High,Astronomers,19-2011.00,https://www.onetcenter.org/dictionary/30.3/excel/job_titles.html
3406,Instructional Coach,Education & Library,0.97,Very High,Instructional Coordinators,25-9031.00,https://www.onetcenter.org/dictionary/30.3/excel/job_titles.html
3407,Instrument Operator,Engineering & Architecture,0.97,Very High,Surveying and Mapping Technicians,17-3031.00,https://www.onetcenter.org/dictionary/30.3/excel/job_titles.html
3408,Insurance Appraiser,Business & Finance,0.97,Very High,Appraisers and Assessors of Real Estate,13-2023.00,https://www.onetcenter.org/dictionary/30.3/excel/job_titles.html
3409,Interior Specialist,Construction & Trades,0.97,Very High,Drywall and Ceiling Tile Installers,47-2081.00,https://www.onetcenter.org/dictionary/30.3/excel/job_titles.html
3410,Journeyman Mechanic,"Installation, Maintenance & Repair",0.97,Very High,Industrial Machinery Mechanics,49-9041.00,https://www.onetcenter.org/dictionary/30.3/excel/job_titles.html
3411,Judicial Specialist,Office & Administration,0.97,Very High,"Court, Municipal, and License Clerks",43-4031.00,https://www.onetcenter.org/dictionary/30.3/excel/job_titles.html
3412,Juvenile Specialist,Community & Social Services,0.97,Very High,"Child, Family, and School Social Workers",21-1021.00,https://www.onetcenter.org/dictionary/30.3/excel/job_titles.html
3413,Kitchen Team Member,Food & Hospitality,0.97,Very High,"Cooks, Fast Food",35-2011.00,https://www.onetcenter.org/dictionary/30.3/excel/job_titles.html
3414,Lamination Operator,Manufacturing & Production,0.97,Very High,Fiberglass Laminators and Fabricators,51-2051.00,https://www.onetcenter.org/dictionary/30.3/excel/job_titles.html
3415,Landscaping Foreman,Cleaning & Grounds,0.97,Very High,"First-Line Supervisors of Landscaping, Lawn Service, and Groundskeeping Workers",37-1012.00,https://www.onetcenter.org/dictionary/30.3/excel/job_titles.html
3416,Law Firm Consultant,Law,0.97,Very High,Judicial Law Clerks,23-1012.00,https://www.onetcenter.org/dictionary/30.3/excel/job_titles.html
3417,Leadership Director,Community & Social Services,0.97,Very High,"Directors, Religious Activities and Education",21-2021.00,https://www.onetcenter.org/dictionary/30.3/excel/job_titles.html
3418,Lease Administrator,Management,0.97,Very High,"Property, Real Estate, and Community Association Managers",11-9141.00,https://www.onetcenter.org/dictionary/30.3/excel/job_titles.html
3419,Legislative Analyst,Science,0.97,Very High,Political Scientists,19-3094.00,https://www.onetcenter.org/dictionary/30.3/excel/job_titles.html
3420,Legislative Liaison,Science,0.97,Very High,Political Scientists,19-3094.00,https://www.onetcenter.org/dictionary/30.3/excel/job_titles.html
3421,Lighting Specialist,"Arts, Media & Design",0.97,Very High,Lighting Technicians,27-4015.00,https://www.onetcenter.org/dictionary/30.3/excel/job_titles.html
3422,Literacy Specialist,Education & Library,0.97,Very High,"Adult Basic Education, Adult Secondary Education, and English as a Second Language Instructors",25-3011.00,https://www.onetcenter.org/dictionary/30.3/excel/job_titles.html
3423,Locomotive Engineer,Transportation & Logistics,0.97,Very High,Locomotive Engineers,53-4011.00,https://www.onetcenter.org/dictionary/30.3/excel/job_titles.html
3424,Log Data Technician,"Software, IT & Data",0.97,Very High,Bioinformatics Technicians,15-2099.01,https://www.onetcenter.org/dictionary/30.3/excel/job_titles.html
3425,Mail Services Clerk,Office & Administration,0.97,Very High,"Mail Clerks and Mail Machine Operators, Except Postal Service",43-9051.00,https://www.onetcenter.org/dictionary/30.3/excel/job_titles.html
3426,Mailroom Specialist,Office & Administration,0.97,Very High,"Mail Clerks and Mail Machine Operators, Except Postal Service",43-9051.00,https://www.onetcenter.org/dictionary/30.3/excel/job_titles.html
3427,Maintenance Laborer,Construction & Trades,0.97,Very High,Rail-Track Laying and Maintenance Equipment Operators,47-4061.00,https://www.onetcenter.org/dictionary/30.3/excel/job_titles.html
3428,Maintenance Manager,"Installation, Maintenance & Repair",0.97,Very High,"First-Line Supervisors of Mechanics, Installers, and Repairers",49-1011.00,https://www.onetcenter.org/dictionary/30.3/excel/job_titles.html
3429,Major Gifts Manager,Management,0.97,Very High,Fundraising Managers,11-2033.00,https://www.onetcenter.org/dictionary/30.3/excel/job_titles.html
3430,Marketing Processor,Sales,0.97,Very High,Telemarketers,41-9041.00,https://www.onetcenter.org/dictionary/30.3/excel/job_titles.html
3431,Marketplace Manager,Business & Finance,0.97,Very High,Online Merchants,13-1199.06,https://www.onetcenter.org/dictionary/30.3/excel/job_titles.html
3432,Mass Spectrometrist,Science,0.97,Very High,Chemical Technicians,19-4031.00,https://www.onetcenter.org/dictionary/30.3/excel/job_titles.html
3433,Material Applicator,Construction & Trades,0.97,Very High,Stonemasons,47-2022.00,https://www.onetcenter.org/dictionary/30.3/excel/job_titles.html
3434,Materials Inspector,"Agriculture, Fishing & Forestry",0.97,Very High,Log Graders and Scalers,45-4023.00,https://www.onetcenter.org/dictionary/30.3/excel/job_titles.html
3435,Mattress Specialist,Manufacturing & Production,0.97,Very High,"Sewers, Hand",51-6051.00,https://www.onetcenter.org/dictionary/30.3/excel/job_titles.html
3436,Measurement Advisor,Engineering & Architecture,0.97,Very High,Geodetic Surveyors,17-1022.01,https://www.onetcenter.org/dictionary/30.3/excel/job_titles.html
3437,Medical Transporter,Healthcare Support,0.97,Very High,Orderlies,31-1132.00,https://www.onetcenter.org/dictionary/30.3/excel/job_titles.html
3438,Mental Health Nurse,Healthcare,0.97,Very High,Advanced Practice Psychiatric Nurses,29-1141.02,https://www.onetcenter.org/dictionary/30.3/excel/job_titles.html
3439,Millwright Mechanic,"Installation, Maintenance & Repair",0.97,Very High,Millwrights,49-9044.00,https://www.onetcenter.org/dictionary/30.3/excel/job_titles.html
3440,Ministries Director,Community & Social Services,0.97,Very High,"Directors, Religious Activities and Education",21-2021.00,https://www.onetcenter.org/dictionary/30.3/excel/job_titles.html
3441,Mobile Phlebotomist,Healthcare Support,0.97,Very High,Phlebotomists,31-9097.00,https://www.onetcenter.org/dictionary/30.3/excel/job_titles.html
3442,Mobile Professional,"Installation, Maintenance & Repair",0.97,Very High,Manufactured Building and Mobile Home Installers,49-9095.00,https://www.onetcenter.org/dictionary/30.3/excel/job_titles.html
3443,Mobility Specialist,Healthcare,0.97,Very High,"Low Vision Therapists, Orientation and Mobility Specialists, and Vision Rehabilitation Therapists",29-1122.01,https://www.onetcenter.org/dictionary/30.3/excel/job_titles.html
3444,Molecular Biologist,Science,0.97,Very High,Biochemists and Biophysicists,19-1021.00,https://www.onetcenter.org/dictionary/30.3/excel/job_titles.html
3445,Morning News Anchor,"Arts, Media & Design",0.97,Very High,"News Analysts, Reporters, and Journalists",27-3023.00,https://www.onetcenter.org/dictionary/30.3/excel/job_titles.html
3446,Move In Coordinator,Transportation & Logistics,0.97,Very High,First-Line Supervisors of Material-Moving Machine and Vehicle Operators,53-1043.00,https://www.onetcenter.org/dictionary/30.3/excel/job_titles.html
3447,Multimedia Reporter,"Arts, Media & Design",0.97,Very High,"News Analysts, Reporters, and Journalists",27-3023.00,https://www.onetcenter.org/dictionary/30.3/excel/job_titles.html
3448,Music Art Therapist,Healthcare,0.97,Very High,Music Therapists,29-1129.02,https://www.onetcenter.org/dictionary/30.3/excel/job_titles.html
3449,Music Arts Director,"Arts, Media & Design",0.97,Very High,Music Directors and Composers,27-2041.00,https://www.onetcenter.org/dictionary/30.3/excel/job_titles.html
3450,Natural Gas Analyst,Engineering & Architecture,0.97,Very High,Petroleum Engineers,17-2171.00,https://www.onetcenter.org/dictionary/30.3/excel/job_titles.html
3451,Navigation Engineer,Engineering & Architecture,0.97,Very High,Marine Engineers and Naval Architects,17-2121.00,https://www.onetcenter.org/dictionary/30.3/excel/job_titles.html
3452,Neurology Physician,Healthcare,0.97,Very High,Neurologists,29-1217.00,https://www.onetcenter.org/dictionary/30.3/excel/job_titles.html
3453,Nuclear Electrician,Engineering & Architecture,0.97,Very High,Nuclear Engineers,17-2161.00,https://www.onetcenter.org/dictionary/30.3/excel/job_titles.html
3454,Open Rank Professor,Education & Library,0.97,Very High,"Art, Drama, and Music Teachers, Postsecondary",25-1121.00,https://www.onetcenter.org/dictionary/30.3/excel/job_titles.html
3455,Operations Director,Management,0.97,Very High,General and Operations Managers,11-1021.00,https://www.onetcenter.org/dictionary/30.3/excel/job_titles.html
3456,Paid Media Director,"Arts, Media & Design",0.97,Very High,Media Programming Directors,27-2012.03,https://www.onetcenter.org/dictionary/30.3/excel/job_titles.html
3457,Paid Search Manager,Business & Finance,0.97,Very High,Search Marketing Strategists,13-1161.01,https://www.onetcenter.org/dictionary/30.3/excel/job_titles.html
3458,Passport Specialist,Public Safety,0.97,Very High,Customs and Border Protection Officers,33-3051.04,https://www.onetcenter.org/dictionary/30.3/excel/job_titles.html
3459,Pathology Physician,Healthcare,0.97,Very High,"Physicians, Pathologists",29-1222.00,https://www.onetcenter.org/dictionary/30.3/excel/job_titles.html
3460,Patient Coordinator,Healthcare,0.97,Very High,Patient Representatives,29-2099.08,https://www.onetcenter.org/dictionary/30.3/excel/job_titles.html
3461,Payroll Coordinator,Office & Administration,0.97,Very High,Payroll and Timekeeping Clerks,43-3051.00,https://www.onetcenter.org/dictionary/30.3/excel/job_titles.html
3462,Pediatric Allergist,Healthcare,0.97,Very High,Allergists and Immunologists,29-1229.01,https://www.onetcenter.org/dictionary/30.3/excel/job_titles.html
3463,Pediatric Physician,Healthcare,0.97,Very High,"Pediatricians, General",29-1221.00,https://www.onetcenter.org/dictionary/30.3/excel/job_titles.html
3464,Penetrant Inspector,Engineering & Architecture,0.97,Very High,Non-Destructive Testing Specialists,17-3029.01,https://www.onetcenter.org/dictionary/30.3/excel/job_titles.html
3465,Philosophy Lecturer,Education & Library,0.97,Very High,"Philosophy and Religion Teachers, Postsecondary",25-1126.00,https://www.onetcenter.org/dictionary/30.3/excel/job_titles.html
3466,Pilot Fuel Engineer,Transportation & Logistics,0.97,Very High,Locomotive Engineers,53-4011.00,https://www.onetcenter.org/dictionary/30.3/excel/job_titles.html
3467,Pipeline Technician,Transportation & Logistics,0.97,Very High,Gas Compressor and Gas Pumping Station Operators,53-7071.00,https://www.onetcenter.org/dictionary/30.3/excel/job_titles.html
3468,Planning Specialist,Science,0.97,Very High,Urban and Regional Planners,19-3051.00,https://www.onetcenter.org/dictionary/30.3/excel/job_titles.html
3469,Plumbing Supervisor,Construction & Trades,0.97,Very High,First-Line Supervisors of Construction Trades and Extraction Workers,47-1011.00,https://www.onetcenter.org/dictionary/30.3/excel/job_titles.html
3470,Political Canvasser,Sales,0.97,Very High,"Door-to-Door Sales Workers, News and Street Vendors, and Related Workers",41-9091.00,https://www.onetcenter.org/dictionary/30.3/excel/job_titles.html
3471,Postdoctoral Fellow,Management,0.97,Very High,Clinical Research Coordinators,11-9121.01,https://www.onetcenter.org/dictionary/30.3/excel/job_titles.html
3472,Powder Coat Painter,Construction & Trades,0.97,Very High,"Painters, Construction and Maintenance",47-2141.00,https://www.onetcenter.org/dictionary/30.3/excel/job_titles.html
3473,Powertrain Engineer,Engineering & Architecture,0.97,Very High,Automotive Engineers,17-2141.02,https://www.onetcenter.org/dictionary/30.3/excel/job_titles.html
3474,Pre-Flight Operator,Transportation & Logistics,0.97,Very High,Aviation Inspectors,53-6051.01,https://www.onetcenter.org/dictionary/30.3/excel/job_titles.html
3475,Premises Technician,"Installation, Maintenance & Repair",0.97,Very High,"Telecommunications Equipment Installers and Repairers, Except Line Installers",49-2022.00,https://www.onetcenter.org/dictionary/30.3/excel/job_titles.html
3476,Preservation Vendor,Education & Library,0.97,Very High,Museum Technicians and Conservators,25-4013.00,https://www.onetcenter.org/dictionary/30.3/excel/job_titles.html
3477,Pricing Team Member,"Arts, Media & Design",0.97,Very High,Merchandise Displayers and Window Trimmers,27-1026.00,https://www.onetcenter.org/dictionary/30.3/excel/job_titles.html
3478,Print Shop Operator,Manufacturing & Production,0.97,Very High,Printing Press Operators,51-5112.00,https://www.onetcenter.org/dictionary/30.3/excel/job_titles.html
3479,Processing Operator,Manufacturing & Production,0.97,Very High,Chemical Plant and System Operators,51-8091.00,https://www.onetcenter.org/dictionary/30.3/excel/job_titles.html
3480,Procurement Analyst,Business & Finance,0.97,Very High,"Purchasing Agents, Except Wholesale, Retail, and Farm Products",13-1023.00,https://www.onetcenter.org/dictionary/30.3/excel/job_titles.html
3481,Production Designer,"Arts, Media & Design",0.97,Very High,Graphic Designers,27-1024.00,https://www.onetcenter.org/dictionary/30.3/excel/job_titles.html
3482,Production Operator,Manufacturing & Production,0.97,Very High,Team Assemblers,51-2092.00,https://www.onetcenter.org/dictionary/30.3/excel/job_titles.html
3483,Program Coordinator,Management,0.97,Very High,Social and Community Service Managers,11-9151.00,https://www.onetcenter.org/dictionary/30.3/excel/job_titles.html
3484,Programs Technician,Engineering & Architecture,0.97,Very High,Environmental Engineering Technologists and Technicians,17-3025.00,https://www.onetcenter.org/dictionary/30.3/excel/job_titles.html
3485,Project Coordinator,Management,0.97,Very High,Construction Managers,11-9021.00,https://www.onetcenter.org/dictionary/30.3/excel/job_titles.html
3486,Property Accountant,Business & Finance,0.97,Very High,Accountants and Auditors,13-2011.00,https://www.onetcenter.org/dictionary/30.3/excel/job_titles.html
3487,Proposal Consultant,Business & Finance,0.97,Very High,Business Continuity Planners,13-1199.04,https://www.onetcenter.org/dictionary/30.3/excel/job_titles.html
3488,Psychology Lecturer,Education & Library,0.97,Very High,"Psychology Teachers, Postsecondary",25-1066.00,https://www.onetcenter.org/dictionary/30.3/excel/job_titles.html
3489,Pump Truck Operator,Transportation & Logistics,0.97,Very High,"Pump Operators, Except Wellhead Pumpers",53-7072.00,https://www.onetcenter.org/dictionary/30.3/excel/job_titles.html
3490,Quality Coordinator,Science,0.97,Very High,Quality Control Analysts,19-4099.01,https://www.onetcenter.org/dictionary/30.3/excel/job_titles.html
3491,Quality Food Expert,Science,0.97,Very High,Food Scientists and Technologists,19-1012.00,https://www.onetcenter.org/dictionary/30.3/excel/job_titles.html
3492,Race Engine Builder,Manufacturing & Production,0.97,Very High,Engine and Other Machine Assemblers,51-2031.00,https://www.onetcenter.org/dictionary/30.3/excel/job_titles.html
3493,Radiation Physicist,Science,0.97,Very High,Physicists,19-2012.00,https://www.onetcenter.org/dictionary/30.3/excel/job_titles.html
3494,Radiology Physician,Healthcare,0.97,Very High,Radiologists,29-1224.00,https://www.onetcenter.org/dictionary/30.3/excel/job_titles.html
3495,Recruitment Manager,Management,0.97,Very High,Human Resources Managers,11-3121.00,https://www.onetcenter.org/dictionary/30.3/excel/job_titles.html
3496,Recycling Attendant,Transportation & Logistics,0.97,Very High,Refuse and Recyclable Material Collectors,53-7081.00,https://www.onetcenter.org/dictionary/30.3/excel/job_titles.html
3497,Referral Specialist,Office & Administration,0.97,Very High,"Eligibility Interviewers, Government Programs",43-4061.00,https://www.onetcenter.org/dictionary/30.3/excel/job_titles.html
3498,Replenishment Buyer,Business & Finance,0.97,Very High,"Purchasing Agents, Except Wholesale, Retail, and Farm Products",13-1023.00,https://www.onetcenter.org/dictionary/30.3/excel/job_titles.html
3499,Research Agronomist,Science,0.97,Very High,Soil and Plant Scientists,19-1013.00,https://www.onetcenter.org/dictionary/30.3/excel/job_titles.html
3500,Research Biochemist,Science,0.97,Very High,Biochemists and Biophysicists,19-1021.00,https://www.onetcenter.org/dictionary/30.3/excel/job_titles.html
3501,Research Geneticist,Science,0.97,Very High,Geneticists,19-1029.03,https://www.onetcenter.org/dictionary/30.3/excel/job_titles.html
3502,Research Specialist,"Software, IT & Data",0.97,Very High,Operations Research Analysts,15-2031.00,https://www.onetcenter.org/dictionary/30.3/excel/job_titles.html
3503,Research Technician,Science,0.97,Very High,Molecular and Cellular Biologists,19-1029.02,https://www.onetcenter.org/dictionary/30.3/excel/job_titles.html
3504,Residential Glazier,Construction & Trades,0.97,Very High,Glaziers,47-2121.00,https://www.onetcenter.org/dictionary/30.3/excel/job_titles.html
3505,Residential Manager,Management,0.97,Very High,"Property, Real Estate, and Community Association Managers",11-9141.00,https://www.onetcenter.org/dictionary/30.3/excel/job_titles.html
3506,Residential Painter,Construction & Trades,0.97,Very High,"Painters, Construction and Maintenance",47-2141.00,https://www.onetcenter.org/dictionary/30.3/excel/job_titles.html
3507,Resource Specialist,Management,0.97,Very High,Water Resource Specialists,11-9121.02,https://www.onetcenter.org/dictionary/30.3/excel/job_titles.html
3508,Rest Area Attendant,Personal Care & Services,0.97,Very High,"Locker Room, Coatroom, and Dressing Room Attendants",39-3093.00,https://www.onetcenter.org/dictionary/30.3/excel/job_titles.html
3509,Retail Merchandiser,"Arts, Media & Design",0.97,Very High,Merchandise Displayers and Window Trimmers,27-1026.00,https://www.onetcenter.org/dictionary/30.3/excel/job_titles.html
3510,Robotics Instructor,Education & Library,0.97,Very High,"Engineering Teachers, Postsecondary",25-1032.00,https://www.onetcenter.org/dictionary/30.3/excel/job_titles.html
3511,Robotics Researcher,Engineering & Architecture,0.97,Very High,Robotics Engineers,17-2199.08,https://www.onetcenter.org/dictionary/30.3/excel/job_titles.html
3512,Room Service Server,Food & Hospitality,0.97,Very High,"Food Servers, Nonrestaurant",35-3041.00,https://www.onetcenter.org/dictionary/30.3/excel/job_titles.html
3513,Safety Professional,Engineering & Architecture,0.97,Very High,"Health and Safety Engineers, Except Mining Safety Engineers and Inspectors",17-2111.00,https://www.onetcenter.org/dictionary/30.3/excel/job_titles.html
3514,Satellite Installer,"Installation, Maintenance & Repair",0.97,Very High,"Telecommunications Equipment Installers and Repairers, Except Line Installers",49-2022.00,https://www.onetcenter.org/dictionary/30.3/excel/job_titles.html
3515,Seafood Team Member,Manufacturing & Production,0.97,Very High,"Meat, Poultry, and Fish Cutters and Trimmers",51-3022.00,https://www.onetcenter.org/dictionary/30.3/excel/job_titles.html
3516,Security Ambassador,Public Safety,0.97,Very High,Retail Loss Prevention Specialists,33-9099.02,https://www.onetcenter.org/dictionary/30.3/excel/job_titles.html
3517,Security Consultant,"Software, IT & Data",0.97,Very High,Information Security Analysts,15-1212.00,https://www.onetcenter.org/dictionary/30.3/excel/job_titles.html
3518,Security Dispatcher,Office & Administration,0.97,Very High,Public Safety Telecommunicators,43-5031.00,https://www.onetcenter.org/dictionary/30.3/excel/job_titles.html
3519,Security Specialist,Management,0.97,Very High,Security Managers,11-3013.01,https://www.onetcenter.org/dictionary/30.3/excel/job_titles.html
3520,Service Electrician,Construction & Trades,0.97,Very High,Electricians,47-2111.00,https://www.onetcenter.org/dictionary/30.3/excel/job_titles.html
3521,Signage Team Member,"Arts, Media & Design",0.97,Very High,Merchandise Displayers and Window Trimmers,27-1026.00,https://www.onetcenter.org/dictionary/30.3/excel/job_titles.html
3522,Site Civil Engineer,Engineering & Architecture,0.97,Very High,Civil Engineers,17-2051.00,https://www.onetcenter.org/dictionary/30.3/excel/job_titles.html
3523,Site Safety Manager,Science,0.97,Very High,Occupational Health and Safety Specialists,19-5011.00,https://www.onetcenter.org/dictionary/30.3/excel/job_titles.html
3524,Small Boat Engineer,Transportation & Logistics,0.97,Very High,Ship Engineers,53-5031.00,https://www.onetcenter.org/dictionary/30.3/excel/job_titles.html
3525,Social Service Aide,Community & Social Services,0.97,Very High,Social and Human Service Assistants,21-1093.00,https://www.onetcenter.org/dictionary/30.3/excel/job_titles.html
3526,Sociology Professor,Education & Library,0.97,Very High,"Sociology Teachers, Postsecondary",25-1067.00,https://www.onetcenter.org/dictionary/30.3/excel/job_titles.html
3527,Soil Sling Operator,Manufacturing & Production,0.97,Very High,"Crushing, Grinding, and Polishing Machine Setters, Operators, and Tenders",51-9021.00,https://www.onetcenter.org/dictionary/30.3/excel/job_titles.html
3528,Solar Sales Advisor,Sales,0.97,Very High,Solar Sales Representatives and Assessors,41-4011.07,https://www.onetcenter.org/dictionary/30.3/excel/job_titles.html
3529,Solutions Architect,"Software, IT & Data",0.97,Very High,Software Developers,15-1252.00,https://www.onetcenter.org/dictionary/30.3/excel/job_titles.html
3530,Spacecraft Engineer,Engineering & Architecture,0.97,Very High,Aerospace Engineers,17-2011.00,https://www.onetcenter.org/dictionary/30.3/excel/job_titles.html
3531,Stationary Engineer,Manufacturing & Production,0.97,Very High,Stationary Engineers and Boiler Operators,51-8021.00,https://www.onetcenter.org/dictionary/30.3/excel/job_titles.html
3532,Street Team Manager,Management,0.97,Very High,Advertising and Promotions Managers,11-2011.00,https://www.onetcenter.org/dictionary/30.3/excel/job_titles.html
3533,Structural Designer,Engineering & Architecture,0.97,Very High,Architectural and Civil Drafters,17-3011.00,https://www.onetcenter.org/dictionary/30.3/excel/job_titles.html
3534,Structural Repairer,"Installation, Maintenance & Repair",0.97,Very High,Rail Car Repairers,49-3043.00,https://www.onetcenter.org/dictionary/30.3/excel/job_titles.html
3535,Structures Mechanic,"Installation, Maintenance & Repair",0.97,Very High,Aircraft Mechanics and Service Technicians,49-3011.00,https://www.onetcenter.org/dictionary/30.3/excel/job_titles.html
3536,Substation Engineer,Engineering & Architecture,0.97,Very High,Electrical Engineers,17-2071.00,https://www.onetcenter.org/dictionary/30.3/excel/job_titles.html
3537,Substitute Bus Aide,Transportation & Logistics,0.97,Very High,Passenger Attendants,53-6061.00,https://www.onetcenter.org/dictionary/30.3/excel/job_titles.html
3538,Subsystems Engineer,Engineering & Architecture,0.97,Very High,Fuel Cell Engineers,17-2141.01,https://www.onetcenter.org/dictionary/30.3/excel/job_titles.html
3539,Surgical Technician,Healthcare,0.97,Very High,Surgical Technologists,29-2055.00,https://www.onetcenter.org/dictionary/30.3/excel/job_titles.html
3540,Survey Technologist,Engineering & Architecture,0.97,Very High,Geodetic Surveyors,17-1022.01,https://www.onetcenter.org/dictionary/30.3/excel/job_titles.html
3541,Surveyor Technician,Engineering & Architecture,0.97,Very High,Geodetic Surveyors,17-1022.01,https://www.onetcenter.org/dictionary/30.3/excel/job_titles.html
3542,Switchgear Operator,"Installation, Maintenance & Repair",0.97,Very High,Geothermal Technicians,49-9099.01,https://www.onetcenter.org/dictionary/30.3/excel/job_titles.html
3543,Synthetic Plasterer,Construction & Trades,0.97,Very High,Plasterers and Stucco Masons,47-2161.00,https://www.onetcenter.org/dictionary/30.3/excel/job_titles.html
3544,Technical Architect,"Software, IT & Data",0.97,Very High,Computer Systems Engineers/Architects,15-1299.08,https://www.onetcenter.org/dictionary/30.3/excel/job_titles.html
3545,Technical Craftsman,Manufacturing & Production,0.97,Very High,"Model Makers, Wood",51-7031.00,https://www.onetcenter.org/dictionary/30.3/excel/job_titles.html
3546,Technical Recruiter,Business & Finance,0.97,Very High,Human Resources Specialists,13-1071.00,https://www.onetcenter.org/dictionary/30.3/excel/job_titles.html
3547,Technology Director,Management,0.97,Very High,Computer and Information Systems Managers,11-3021.00,https://www.onetcenter.org/dictionary/30.3/excel/job_titles.html
3548,Trademark Paralegal,Law,0.97,Very High,Paralegals and Legal Assistants,23-2011.00,https://www.onetcenter.org/dictionary/30.3/excel/job_titles.html
3549,Training Supervisor,Management,0.97,Very High,Training and Development Managers,11-3131.00,https://www.onetcenter.org/dictionary/30.3/excel/job_titles.html
3550,Transfer Specialist,Office & Administration,0.97,Very High,Brokerage Clerks,43-4011.00,https://www.onetcenter.org/dictionary/30.3/excel/job_titles.html
3551,Travel Phlebotomist,Healthcare Support,0.97,Very High,Phlebotomists,31-9097.00,https://www.onetcenter.org/dictionary/30.3/excel/job_titles.html
3552,Treatment Counselor,Community & Social Services,0.97,Very High,Substance Abuse and Behavioral Disorder Counselors,21-1011.00,https://www.onetcenter.org/dictionary/30.3/excel/job_titles.html
3553,Tube Laser Operator,Manufacturing & Production,0.97,Very High,"Textile Cutting Machine Setters, Operators, and Tenders",51-6062.00,https://www.onetcenter.org/dictionary/30.3/excel/job_titles.html
3554,Turnaround Engineer,Transportation & Logistics,0.97,Very High,Ship Engineers,53-5031.00,https://www.onetcenter.org/dictionary/30.3/excel/job_titles.html
3555,Validation Engineer,"Software, IT & Data",0.97,Very High,Software Quality Assurance Analysts and Testers,15-1253.00,https://www.onetcenter.org/dictionary/30.3/excel/job_titles.html
3556,Van Delivery Driver,Transportation & Logistics,0.97,Very High,Driver/Sales Workers,53-3031.00,https://www.onetcenter.org/dictionary/30.3/excel/job_titles.html
3557,Veneer Manufacturer,Manufacturing & Production,0.97,Very High,"Grinding and Polishing Workers, Hand",51-9022.00,https://www.onetcenter.org/dictionary/30.3/excel/job_titles.html
3558,Warehouse Assembler,Manufacturing & Production,0.97,Very High,"Aircraft Structure, Surfaces, Rigging, and Systems Assemblers",51-2011.00,https://www.onetcenter.org/dictionary/30.3/excel/job_titles.html
3559,Warehouse Attendant,Transportation & Logistics,0.97,Very High,"Laborers and Freight, Stock, and Material Movers, Hand",53-7062.00,https://www.onetcenter.org/dictionary/30.3/excel/job_titles.html
3560,Wastewater Engineer,Engineering & Architecture,0.97,Very High,Water/Wastewater Engineers,17-2051.02,https://www.onetcenter.org/dictionary/30.3/excel/job_titles.html
3561,Web Content Manager,"Software, IT & Data",0.97,Very High,Web Administrators,15-1299.01,https://www.onetcenter.org/dictionary/30.3/excel/job_titles.html
3562,Weigh Up Technician,Manufacturing & Production,0.97,Very High,"Multiple Machine Tool Setters, Operators, and Tenders, Metal and Plastic",51-4081.00,https://www.onetcenter.org/dictionary/30.3/excel/job_titles.html
3563,Wellness Ambassador,Management,0.97,Very High,Fitness and Wellness Coordinators,11-9179.01,https://www.onetcenter.org/dictionary/30.3/excel/job_titles.html
3564,Wellness Instructor,Education & Library,0.97,Very High,"Recreation and Fitness Studies Teachers, Postsecondary",25-1193.00,https://www.onetcenter.org/dictionary/30.3/excel/job_titles.html
3565,Woodshop Instructor,Education & Library,0.97,Very High,"Art, Drama, and Music Teachers, Postsecondary",25-1121.00,https://www.onetcenter.org/dictionary/30.3/excel/job_titles.html
3566,Academic Coordinator,Management,0.97,Very High,"Education Administrators, Postsecondary",11-9033.00,https://www.onetcenter.org/dictionary/30.3/excel/job_titles.html
3567,Account Clerk Typist,Office & Administration,0.97,Very High,Word Processors and Typists,43-9022.00,https://www.onetcenter.org/dictionary/30.3/excel/job_titles.html
3568,Admissions Recruiter,Office & Administration,0.97,Very High,"Interviewers, Except Eligibility and Loan",43-4111.00,https://www.onetcenter.org/dictionary/30.3/excel/job_titles.html
3569,Air Quality Engineer,Engineering & Architecture,0.97,Very High,Environmental Engineers,17-2081.00,https://www.onetcenter.org/dictionary/30.3/excel/job_titles.html
3570,Aircraft Electrician,"Installation, Maintenance & Repair",0.97,Very High,Aircraft Mechanics and Service Technicians,49-3011.00,https://www.onetcenter.org/dictionary/30.3/excel/job_titles.html
3571,Analytical Scientist,Science,0.97,Very High,Chemists,19-2031.00,https://www.onetcenter.org/dictionary/30.3/excel/job_titles.html
3572,Analytics Consultant,"Software, IT & Data",0.97,Very High,Operations Research Analysts,15-2031.00,https://www.onetcenter.org/dictionary/30.3/excel/job_titles.html
3573,Anesthesia Physician,Healthcare,0.97,Very High,Nurse Anesthetists,29-1151.00,https://www.onetcenter.org/dictionary/30.3/excel/job_titles.html
3574,Apparel Patternmaker,Manufacturing & Production,0.97,Very High,Fabric and Apparel Patternmakers,51-6092.00,https://www.onetcenter.org/dictionary/30.3/excel/job_titles.html
3575,Application Engineer,Engineering & Architecture,0.97,Very High,Mechanical Engineers,17-2141.00,https://www.onetcenter.org/dictionary/30.3/excel/job_titles.html
3576,Appraisal Specialist,Business & Finance,0.97,Very High,"Insurance Appraisers, Auto Damage",13-1032.00,https://www.onetcenter.org/dictionary/30.3/excel/job_titles.html
3577,Aquatics Coordinator,Public Safety,0.97,Very High,"Lifeguards, Ski Patrol, and Other Recreational Protective Service Workers",33-9092.00,https://www.onetcenter.org/dictionary/30.3/excel/job_titles.html
3578,Arborist Crew Leader,Cleaning & Grounds,0.97,Very High,"First-Line Supervisors of Landscaping, Lawn Service, and Groundskeeping Workers",37-1012.00,https://www.onetcenter.org/dictionary/30.3/excel/job_titles.html
3579,Assembler Technician,Manufacturing & Production,0.97,Very High,"Aircraft Structure, Surfaces, Rigging, and Systems Assemblers",51-2011.00,https://www.onetcenter.org/dictionary/30.3/excel/job_titles.html
3580,Assembly Line Worker,Manufacturing & Production,0.97,Very High,Team Assemblers,51-2092.00,https://www.onetcenter.org/dictionary/30.3/excel/job_titles.html
3581,Asset Safety Manager,Management,0.97,Very High,Loss Prevention Managers,11-9199.08,https://www.onetcenter.org/dictionary/30.3/excel/job_titles.html
3582,Audio Video Engineer,"Arts, Media & Design",0.97,Very High,Sound Engineering Technicians,27-4014.00,https://www.onetcenter.org/dictionary/30.3/excel/job_titles.html
3583,Audio Visual Manager,Engineering & Architecture,0.97,Very High,"Electronics Engineers, Except Computer",17-2072.00,https://www.onetcenter.org/dictionary/30.3/excel/job_titles.html
3584,Audiology Technician,Healthcare,0.97,Very High,Hearing Aid Specialists,29-2092.00,https://www.onetcenter.org/dictionary/30.3/excel/job_titles.html
3585,Authorized Inspector,Business & Finance,0.97,Very High,Environmental Compliance Inspectors,13-1041.01,https://www.onetcenter.org/dictionary/30.3/excel/job_titles.html
3586,Automobile Installer,"Installation, Maintenance & Repair",0.97,Very High,Automotive Glass Installers and Repairers,49-3022.00,https://www.onetcenter.org/dictionary/30.3/excel/job_titles.html
3587,Automotive Inspector,Transportation & Logistics,0.97,Very High,"Transportation Vehicle, Equipment and Systems Inspectors, Except Aviation",53-6051.07,https://www.onetcenter.org/dictionary/30.3/excel/job_titles.html
3588,Bed Bug Exterminator,Cleaning & Grounds,0.97,Very High,Pest Control Workers,37-2021.00,https://www.onetcenter.org/dictionary/30.3/excel/job_titles.html
3589,Behavioral Clinician,Community & Social Services,0.97,Very High,Substance Abuse and Behavioral Disorder Counselors,21-1011.00,https://www.onetcenter.org/dictionary/30.3/excel/job_titles.html
3590,Benefits Coordinator,Business & Finance,0.97,Very High,"Compensation, Benefits, and Job Analysis Specialists",13-1141.00,https://www.onetcenter.org/dictionary/30.3/excel/job_titles.html
3591,Biological Scientist,Science,0.97,Very High,Biologists,19-1029.04,https://www.onetcenter.org/dictionary/30.3/excel/job_titles.html
3592,Boat Launch Operator,Transportation & Logistics,0.97,Very High,Motorboat Operators,53-5022.00,https://www.onetcenter.org/dictionary/30.3/excel/job_titles.html
3593,Boring Mill Operator,Manufacturing & Production,0.97,Very High,"Milling and Planing Machine Setters, Operators, and Tenders, Metal and Plastic",51-4035.00,https://www.onetcenter.org/dictionary/30.3/excel/job_titles.html
3594,Broadband Specialist,"Installation, Maintenance & Repair",0.97,Very High,"Telecommunications Equipment Installers and Repairers, Except Line Installers",49-2022.00,https://www.onetcenter.org/dictionary/30.3/excel/job_titles.html
3595,Broadband Technician,"Installation, Maintenance & Repair",0.97,Very High,"Telecommunications Equipment Installers and Repairers, Except Line Installers",49-2022.00,https://www.onetcenter.org/dictionary/30.3/excel/job_titles.html
3596,Brokerage Specialist,Office & Administration,0.97,Very High,Brokerage Clerks,43-4011.00,https://www.onetcenter.org/dictionary/30.3/excel/job_titles.html
3597,Bucket Wash Operator,Manufacturing & Production,0.97,Very High,Chemical Plant and System Operators,51-8091.00,https://www.onetcenter.org/dictionary/30.3/excel/job_titles.html
3598,Calibration Engineer,Engineering & Architecture,0.97,Very High,Calibration Technologists and Technicians,17-3028.00,https://www.onetcenter.org/dictionary/30.3/excel/job_titles.html
3599,Cardiology Physician,Healthcare,0.97,Very High,Cardiologists,29-1212.00,https://www.onetcenter.org/dictionary/30.3/excel/job_titles.html
3600,Casualty Underwriter,Business & Finance,0.97,Very High,Insurance Underwriters,13-2053.00,https://www.onetcenter.org/dictionary/30.3/excel/job_titles.html
3601,Catastrophe Adjuster,Business & Finance,0.97,Very High,"Insurance Appraisers, Auto Damage",13-1032.00,https://www.onetcenter.org/dictionary/30.3/excel/job_titles.html
3602,Catering Coordinator,Management,0.97,Very High,Food Service Managers,11-9051.00,https://www.onetcenter.org/dictionary/30.3/excel/job_titles.html
3603,Chemistry Instructor,Education & Library,0.97,Very High,"Chemistry Teachers, Postsecondary",25-1052.00,https://www.onetcenter.org/dictionary/30.3/excel/job_titles.html
3604,Chemistry Technician,Science,0.97,Very High,Chemical Technicians,19-4031.00,https://www.onetcenter.org/dictionary/30.3/excel/job_titles.html
3605,Commercial Carpenter,Construction & Trades,0.97,Very High,Carpenters,47-2031.00,https://www.onetcenter.org/dictionary/30.3/excel/job_titles.html
3606,Commercial Inspector,Construction & Trades,0.97,Very High,Construction and Building Inspectors,47-4011.00,https://www.onetcenter.org/dictionary/30.3/excel/job_titles.html
3607,Commercial Installer,Construction & Trades,0.97,Very High,"Floor Layers, Except Carpet, Wood, and Hard Tiles",47-2042.00,https://www.onetcenter.org/dictionary/30.3/excel/job_titles.html
3608,Commercial Insulator,Construction & Trades,0.97,Very High,"Insulation Workers, Mechanical",47-2132.00,https://www.onetcenter.org/dictionary/30.3/excel/job_titles.html
3609,Compensation Manager,Management,0.97,Very High,Compensation and Benefits Managers,11-3111.00,https://www.onetcenter.org/dictionary/30.3/excel/job_titles.html
3610,Component Fabricator,Manufacturing & Production,0.97,Very High,Structural Metal Fabricators and Fitters,51-2041.00,https://www.onetcenter.org/dictionary/30.3/excel/job_titles.html
3611,Composite Technician,"Installation, Maintenance & Repair",0.97,Very High,Avionics Technicians,49-2091.00,https://www.onetcenter.org/dictionary/30.3/excel/job_titles.html
3612,Compression Operator,Manufacturing & Production,0.97,Very High,"Molding, Coremaking, and Casting Machine Setters, Operators, and Tenders, Metal and Plastic",51-4072.00,https://www.onetcenter.org/dictionary/30.3/excel/job_titles.html
3613,Concrete Form Setter,Construction & Trades,0.97,Very High,Cement Masons and Concrete Finishers,47-2051.00,https://www.onetcenter.org/dictionary/30.3/excel/job_titles.html
3614,Conservation Planner,Science,0.97,Very High,Environmental Restoration Planners,19-2041.02,https://www.onetcenter.org/dictionary/30.3/excel/job_titles.html
3615,Contact Center Agent,Sales,0.97,Very High,Telemarketers,41-9041.00,https://www.onetcenter.org/dictionary/30.3/excel/job_titles.html
3616,Control Room Officer,Manufacturing & Production,0.97,Very High,Nuclear Power Reactor Operators,51-8011.00,https://www.onetcenter.org/dictionary/30.3/excel/job_titles.html
3617,Coroner Investigator,Business & Finance,0.97,Very High,Coroners,13-1041.06,https://www.onetcenter.org/dictionary/30.3/excel/job_titles.html
3618,Corporate Controller,Management,0.97,Very High,Treasurers and Controllers,11-3031.01,https://www.onetcenter.org/dictionary/30.3/excel/job_titles.html
3619,Correctional Captain,Public Safety,0.97,Very High,First-Line Supervisors of Correctional Officers,33-1011.00,https://www.onetcenter.org/dictionary/30.3/excel/job_titles.html
3620,Correctional Monitor,Public Safety,0.97,Very High,Correctional Officers and Jailers,33-3012.00,https://www.onetcenter.org/dictionary/30.3/excel/job_titles.html
3621,Correctional Officer,Community & Social Services,0.97,Very High,Probation Officers and Correctional Treatment Specialists,21-1092.00,https://www.onetcenter.org/dictionary/30.3/excel/job_titles.html
3622,Corrosion Technician,"Installation, Maintenance & Repair",0.97,Very High,"Electrical and Electronics Repairers, Powerhouse, Substation, and Relay",49-2095.00,https://www.onetcenter.org/dictionary/30.3/excel/job_titles.html
3623,Credit Administrator,Office & Administration,0.97,Very High,"Credit Authorizers, Checkers, and Clerks",43-4041.00,https://www.onetcenter.org/dictionary/30.3/excel/job_titles.html
3624,Criminology Lecturer,Education & Library,0.97,Very High,"Criminal Justice and Law Enforcement Teachers, Postsecondary",25-1111.00,https://www.onetcenter.org/dictionary/30.3/excel/job_titles.html
3625,Curriculum Developer,Education & Library,0.97,Very High,Instructional Coordinators,25-9031.00,https://www.onetcenter.org/dictionary/30.3/excel/job_titles.html
3626,Cyber Threat Analyst,"Software, IT & Data",0.97,Very High,Digital Forensics Analysts,15-1299.06,https://www.onetcenter.org/dictionary/30.3/excel/job_titles.html
3627,Decorative Plasterer,Construction & Trades,0.97,Very High,Plasterers and Stucco Masons,47-2161.00,https://www.onetcenter.org/dictionary/30.3/excel/job_titles.html
3628,Delivery Crew Member,"Installation, Maintenance & Repair",0.97,Very High,Manufactured Building and Mobile Home Installers,49-9095.00,https://www.onetcenter.org/dictionary/30.3/excel/job_titles.html
3629,Design Cell Engineer,Engineering & Architecture,0.97,Very High,Fuel Cell Engineers,17-2141.01,https://www.onetcenter.org/dictionary/30.3/excel/job_titles.html
3630,Detention Supervisor,Public Safety,0.97,Very High,First-Line Supervisors of Correctional Officers,33-1011.00,https://www.onetcenter.org/dictionary/30.3/excel/job_titles.html
3631,Development Director,Management,0.97,Very High,Training and Development Managers,11-3131.00,https://www.onetcenter.org/dictionary/30.3/excel/job_titles.html
3632,Device Test Engineer,Engineering & Architecture,0.97,Very High,Radio Frequency Identification Device Specialists,17-2072.01,https://www.onetcenter.org/dictionary/30.3/excel/job_titles.html
3633,Digital Art Director,"Arts, Media & Design",0.97,Very High,Art Directors,27-1011.00,https://www.onetcenter.org/dictionary/30.3/excel/job_titles.html
3634,Digital Video Editor,"Arts, Media & Design",0.97,Very High,Film and Video Editors,27-4032.00,https://www.onetcenter.org/dictionary/30.3/excel/job_titles.html
3635,Dimensional Engineer,Engineering & Architecture,0.97,Very High,Water/Wastewater Engineers,17-2051.02,https://www.onetcenter.org/dictionary/30.3/excel/job_titles.html
3636,Dispatch Coordinator,Office & Administration,0.97,Very High,"Dispatchers, Except Police, Fire, and Ambulance",43-5032.00,https://www.onetcenter.org/dictionary/30.3/excel/job_titles.html
3637,Distribution Handler,Office & Administration,0.97,Very High,"Postal Service Mail Sorters, Processors, and Processing Machine Operators",43-5053.00,https://www.onetcenter.org/dictionary/30.3/excel/job_titles.html
3638,Distribution Lineman,Manufacturing & Production,0.97,Very High,Power Distributors and Dispatchers,51-8012.00,https://www.onetcenter.org/dictionary/30.3/excel/job_titles.html
3639,Donation Coordinator,Business & Finance,0.97,Very High,Fundraisers,13-1131.00,https://www.onetcenter.org/dictionary/30.3/excel/job_titles.html
3640,Dual Rate Supervisor,Personal Care & Services,0.97,Very High,First-Line Supervisors of Gambling Services Workers,39-1013.00,https://www.onetcenter.org/dictionary/30.3/excel/job_titles.html
3641,E-Commerce Developer,Business & Finance,0.97,Very High,Online Merchants,13-1199.06,https://www.onetcenter.org/dictionary/30.3/excel/job_titles.html
3642,Economics Instructor,Education & Library,0.97,Very High,"Economics Teachers, Postsecondary",25-1063.00,https://www.onetcenter.org/dictionary/30.3/excel/job_titles.html
3643,Education Instructor,Education & Library,0.97,Very High,"Education Teachers, Postsecondary",25-1081.00,https://www.onetcenter.org/dictionary/30.3/excel/job_titles.html
3644,Electrician's Helper,Construction & Trades,0.97,Very High,Helpers--Electricians,47-3013.00,https://www.onetcenter.org/dictionary/30.3/excel/job_titles.html
3645,Electronics Mechanic,"Installation, Maintenance & Repair",0.97,Very High,"Computer, Automated Teller, and Office Machine Repairers",49-2011.00,https://www.onetcenter.org/dictionary/30.3/excel/job_titles.html
3646,Employment Navigator,Community & Social Services,0.97,Very High,Rehabilitation Counselors,21-1015.00,https://www.onetcenter.org/dictionary/30.3/excel/job_titles.html
3647,Engineering Designer,Engineering & Architecture,0.97,Very High,Automotive Engineers,17-2141.02,https://www.onetcenter.org/dictionary/30.3/excel/job_titles.html
3648,Engineering Director,Management,0.97,Very High,Architectural and Engineering Managers,11-9041.00,https://www.onetcenter.org/dictionary/30.3/excel/job_titles.html
3649,Engineering Lecturer,Education & Library,0.97,Very High,"Engineering Teachers, Postsecondary",25-1032.00,https://www.onetcenter.org/dictionary/30.3/excel/job_titles.html
3650,Enterprise Architect,"Software, IT & Data",0.97,Very High,Computer Systems Engineers/Architects,15-1299.08,https://www.onetcenter.org/dictionary/30.3/excel/job_titles.html
3651,Entertainment Dancer,"Arts, Media & Design",0.97,Very High,Dancers,27-2031.00,https://www.onetcenter.org/dictionary/30.3/excel/job_titles.html
3652,Epidemiology Analyst,Science,0.97,Very High,Epidemiologists,19-1041.00,https://www.onetcenter.org/dictionary/30.3/excel/job_titles.html
3653,Equipment Specialist,"Installation, Maintenance & Repair",0.97,Very High,Medical Equipment Repairers,49-9062.00,https://www.onetcenter.org/dictionary/30.3/excel/job_titles.html
3654,Equipment Technician,"Installation, Maintenance & Repair",0.97,Very High,"Mobile Heavy Equipment Mechanics, Except Engines",49-3042.00,https://www.onetcenter.org/dictionary/30.3/excel/job_titles.html
3655,Ergonomic Specialist,Engineering & Architecture,0.97,Very High,Human Factors Engineers and Ergonomists,17-2112.01,https://www.onetcenter.org/dictionary/30.3/excel/job_titles.html
3656,Exhibits Coordinator,Education & Library,0.97,Very High,Museum Technicians and Conservators,25-4013.00,https://www.onetcenter.org/dictionary/30.3/excel/job_titles.html
3657,Expressive Therapist,Healthcare,0.97,Very High,Art Therapists,29-1129.01,https://www.onetcenter.org/dictionary/30.3/excel/job_titles.html
3658,Exterior Work Helper,Construction & Trades,0.97,Very High,"Helpers--Painters, Paperhangers, Plasterers, and Stucco Masons",47-3014.00,https://www.onetcenter.org/dictionary/30.3/excel/job_titles.html
3659,Extrusion Technician,Manufacturing & Production,0.97,Very High,"Extruding and Forming Machine Setters, Operators, and Tenders, Synthetic and Glass Fibers",51-6091.00,https://www.onetcenter.org/dictionary/30.3/excel/job_titles.html
3660,Family Law Paralegal,Law,0.97,Very High,Paralegals and Legal Assistants,23-2011.00,https://www.onetcenter.org/dictionary/30.3/excel/job_titles.html
3661,Fermentation Manager,Management,0.97,Very High,Biofuels/Biodiesel Technology and Product Development Managers,11-9041.01,https://www.onetcenter.org/dictionary/30.3/excel/job_titles.html
3662,Fiber Optics Splicer,Engineering & Architecture,0.97,Very High,Photonics Technicians,17-3029.08,https://www.onetcenter.org/dictionary/30.3/excel/job_titles.html
3663,Field Auto Inspector,Transportation & Logistics,0.97,Very High,"Transportation Vehicle, Equipment and Systems Inspectors, Except Aviation",53-6051.07,https://www.onetcenter.org/dictionary/30.3/excel/job_titles.html
3664,Field Sales Engineer,Sales,0.97,Very High,Sales Engineers,41-9031.00,https://www.onetcenter.org/dictionary/30.3/excel/job_titles.html
3665,Field Training Agent,Public Safety,0.97,Very High,Transit and Railroad Police,33-3052.00,https://www.onetcenter.org/dictionary/30.3/excel/job_titles.html
3666,Financial Controller,Management,0.97,Very High,Treasurers and Controllers,11-3031.01,https://www.onetcenter.org/dictionary/30.3/excel/job_titles.html
3667,Financial Specialist,Office & Administration,0.97,Very High,Loan Interviewers and Clerks,43-4131.00,https://www.onetcenter.org/dictionary/30.3/excel/job_titles.html
3668,Fire Safety Engineer,Engineering & Architecture,0.97,Very High,Fire-Prevention and Protection Engineers,17-2111.02,https://www.onetcenter.org/dictionary/30.3/excel/job_titles.html
3669,Fisheries Instructor,Education & Library,0.97,Very High,"Agricultural Sciences Teachers, Postsecondary",25-1041.00,https://www.onetcenter.org/dictionary/30.3/excel/job_titles.html
3670,Fixed Route Operator,Manufacturing & Production,0.97,Very High,"Drilling and Boring Machine Tool Setters, Operators, and Tenders, Metal and Plastic",51-4032.00,https://www.onetcenter.org/dictionary/30.3/excel/job_titles.html
3671,Food Delivery Driver,Transportation & Logistics,0.97,Very High,Driver/Sales Workers,53-3031.00,https://www.onetcenter.org/dictionary/30.3/excel/job_titles.html
3672,Forensic Interviewer,Office & Administration,0.97,Very High,"Interviewers, Except Eligibility and Loan",43-4111.00,https://www.onetcenter.org/dictionary/30.3/excel/job_titles.html
3673,Foundry Patternmaker,Manufacturing & Production,0.97,Very High,"Patternmakers, Metal and Plastic",51-4062.00,https://www.onetcenter.org/dictionary/30.3/excel/job_titles.html
3674,Freight Flow Manager,Office & Administration,0.97,Very High,Freight Forwarders,43-5011.01,https://www.onetcenter.org/dictionary/30.3/excel/job_titles.html
3675,Full Stack Developer,"Software, IT & Data",0.97,Very High,Software Developers,15-1252.00,https://www.onetcenter.org/dictionary/30.3/excel/job_titles.html
3676,Gas Plant Specialist,Manufacturing & Production,0.97,Very High,Gas Plant Operators,51-8092.00,https://www.onetcenter.org/dictionary/30.3/excel/job_titles.html
3677,Gas Turbine Engineer,Engineering & Architecture,0.97,Very High,Petroleum Engineers,17-2171.00,https://www.onetcenter.org/dictionary/30.3/excel/job_titles.html
3678,General Cardiologist,Healthcare,0.97,Very High,Cardiologists,29-1212.00,https://www.onetcenter.org/dictionary/30.3/excel/job_titles.html
3679,General Psychiatrist,Healthcare,0.97,Very High,Psychiatrists,29-1223.00,https://www.onetcenter.org/dictionary/30.3/excel/job_titles.html
3680,Generator Technician,Manufacturing & Production,0.97,Very High,Photographic Process Workers and Processing Machine Operators,51-9151.00,https://www.onetcenter.org/dictionary/30.3/excel/job_titles.html
3681,Geodetic Coordinator,Engineering & Architecture,0.97,Very High,Geodetic Surveyors,17-1022.01,https://www.onetcenter.org/dictionary/30.3/excel/job_titles.html
3682,Geography Instructor,Education & Library,0.97,Very High,"Geography Teachers, Postsecondary",25-1064.00,https://www.onetcenter.org/dictionary/30.3/excel/job_titles.html
3683,Geomatics Technician,Engineering & Architecture,0.97,Very High,Geodetic Surveyors,17-1022.01,https://www.onetcenter.org/dictionary/30.3/excel/job_titles.html
3684,Geotechnical Driller,Construction & Trades,0.97,Very High,"Rotary Drill Operators, Oil and Gas",47-5012.00,https://www.onetcenter.org/dictionary/30.3/excel/job_titles.html
3685,Glue Line Formulator,Manufacturing & Production,0.97,Very High,Adhesive Bonding Machine Operators and Tenders,51-9191.00,https://www.onetcenter.org/dictionary/30.3/excel/job_titles.html
3686,Golf Course Mechanic,"Installation, Maintenance & Repair",0.97,Very High,Outdoor Power Equipment and Other Small Engine Mechanics,49-3053.00,https://www.onetcenter.org/dictionary/30.3/excel/job_titles.html
3687,Grocery Merchandiser,"Arts, Media & Design",0.97,Very High,Merchandise Displayers and Window Trimmers,27-1026.00,https://www.onetcenter.org/dictionary/30.3/excel/job_titles.html
3688,Healthcare Architect,Engineering & Architecture,0.97,Very High,"Architects, Except Landscape and Naval",17-1011.00,https://www.onetcenter.org/dictionary/30.3/excel/job_titles.html
3689,Healthcare Recruiter,Business & Finance,0.97,Very High,Human Resources Specialists,13-1071.00,https://www.onetcenter.org/dictionary/30.3/excel/job_titles.html
3690,Healthcare Registrar,Healthcare,0.97,Very High,Patient Representatives,29-2099.08,https://www.onetcenter.org/dictionary/30.3/excel/job_titles.html
3691,Holiday Food Prepper,Food & Hospitality,0.97,Very High,"Cooks, Private Household",35-2013.00,https://www.onetcenter.org/dictionary/30.3/excel/job_titles.html
3692,Home Delivery Driver,Transportation & Logistics,0.97,Very High,Driver/Sales Workers,53-3031.00,https://www.onetcenter.org/dictionary/30.3/excel/job_titles.html
3693,Home Lending Advisor,Business & Finance,0.97,Very High,Credit Counselors,13-2071.00,https://www.onetcenter.org/dictionary/30.3/excel/job_titles.html
3694,Horizontal Machinist,Construction & Trades,0.97,Very High,"Earth Drillers, Except Oil and Gas",47-5023.00,https://www.onetcenter.org/dictionary/30.3/excel/job_titles.html
3695,Housekeeping Manager,Cleaning & Grounds,0.97,Very High,First-Line Supervisors of Housekeeping and Janitorial Workers,37-1011.00,https://www.onetcenter.org/dictionary/30.3/excel/job_titles.html
3696,Human Rights Officer,Business & Finance,0.97,Very High,Equal Opportunity Representatives and Officers,13-1041.03,https://www.onetcenter.org/dictionary/30.3/excel/job_titles.html
3697,Husbandry Technician,"Agriculture, Fishing & Forestry",0.97,Very High,Animal Breeders,45-2021.00,https://www.onetcenter.org/dictionary/30.3/excel/job_titles.html
3698,Imaging Technologist,Healthcare,0.97,Very High,Magnetic Resonance Imaging Technologists,29-2035.00,https://www.onetcenter.org/dictionary/30.3/excel/job_titles.html
3699,Inclusion Specialist,Education & Library,0.97,Very High,"Special Education Teachers, Secondary School",25-2058.00,https://www.onetcenter.org/dictionary/30.3/excel/job_titles.html
3700,Industrial Assembler,Manufacturing & Production,0.97,Very High,"Aircraft Structure, Surfaces, Rigging, and Systems Assemblers",51-2011.00,https://www.onetcenter.org/dictionary/30.3/excel/job_titles.html
3701,Industrial Insulator,Construction & Trades,0.97,Very High,"Insulation Workers, Mechanical",47-2132.00,https://www.onetcenter.org/dictionary/30.3/excel/job_titles.html
3702,Insurance Specialist,Sales,0.97,Very High,Insurance Sales Agents,41-3021.00,https://www.onetcenter.org/dictionary/30.3/excel/job_titles.html
3703,Interaction Designer,"Arts, Media & Design",0.97,Very High,Special Effects Artists and Animators,27-1014.00,https://www.onetcenter.org/dictionary/30.3/excel/job_titles.html
3704,Interactive Designer,"Arts, Media & Design",0.97,Very High,Special Effects Artists and Animators,27-1014.00,https://www.onetcenter.org/dictionary/30.3/excel/job_titles.html
3705,Intervention Teacher,Education & Library,0.97,Very High,"Special Education Teachers, Middle School",25-2057.00,https://www.onetcenter.org/dictionary/30.3/excel/job_titles.html
3706,Inventory Controller,Office & Administration,0.97,Very High,"Weighers, Measurers, Checkers, and Samplers, Recordkeeping",43-5111.00,https://www.onetcenter.org/dictionary/30.3/excel/job_titles.html
3707,Inventory Supervisor,Management,0.97,Very High,Supply Chain Managers,11-3071.04,https://www.onetcenter.org/dictionary/30.3/excel/job_titles.html
3708,Journeyman Carpenter,Construction & Trades,0.97,Very High,Carpenters,47-2031.00,https://www.onetcenter.org/dictionary/30.3/excel/job_titles.html
3709,Landscape Supervisor,Cleaning & Grounds,0.97,Very High,"First-Line Supervisors of Landscaping, Lawn Service, and Groundskeeping Workers",37-1012.00,https://www.onetcenter.org/dictionary/30.3/excel/job_titles.html
3710,Litigation Paralegal,Law,0.97,Very High,Paralegals and Legal Assistants,23-2011.00,https://www.onetcenter.org/dictionary/30.3/excel/job_titles.html
3711,Litigation Secretary,Office & Administration,0.97,Very High,Legal Secretaries and Administrative Assistants,43-6012.00,https://www.onetcenter.org/dictionary/30.3/excel/job_titles.html
3712,Logistics Dispatcher,Office & Administration,0.97,Very High,"Dispatchers, Except Police, Fire, and Ambulance",43-5032.00,https://www.onetcenter.org/dictionary/30.3/excel/job_titles.html
3713,Logistics Supervisor,Management,0.97,Very High,"Transportation, Storage, and Distribution Managers",11-3071.00,https://www.onetcenter.org/dictionary/30.3/excel/job_titles.html
3714,Mail Delivery Driver,Office & Administration,0.97,Very High,Postal Service Mail Carriers,43-5052.00,https://www.onetcenter.org/dictionary/30.3/excel/job_titles.html
3715,Maintenance Engineer,Management,0.97,Very High,Facilities Managers,11-3013.00,https://www.onetcenter.org/dictionary/30.3/excel/job_titles.html
3716,Major Gifts Director,Management,0.97,Very High,Fundraising Managers,11-2033.00,https://www.onetcenter.org/dictionary/30.3/excel/job_titles.html
3717,Manual Mill Operator,Manufacturing & Production,0.97,Very High,"Milling and Planing Machine Setters, Operators, and Tenders, Metal and Plastic",51-4035.00,https://www.onetcenter.org/dictionary/30.3/excel/job_titles.html
3718,Manufacturing Potter,Manufacturing & Production,0.97,Very High,"Potters, Manufacturing",51-9195.05,https://www.onetcenter.org/dictionary/30.3/excel/job_titles.html
3719,Manufacturing Winder,Manufacturing & Production,0.97,Very High,"Coil Winders, Tapers, and Finishers",51-2021.00,https://www.onetcenter.org/dictionary/30.3/excel/job_titles.html
3720,Marketing Copywriter,"Arts, Media & Design",0.97,Very High,Writers and Authors,27-3043.00,https://www.onetcenter.org/dictionary/30.3/excel/job_titles.html
3721,Materials Specialist,Office & Administration,0.97,Very High,"Weighers, Measurers, Checkers, and Samplers, Recordkeeping",43-5111.00,https://www.onetcenter.org/dictionary/30.3/excel/job_titles.html
3722,Mathematics Lecturer,Education & Library,0.97,Very High,"Mathematical Science Teachers, Postsecondary",25-1022.00,https://www.onetcenter.org/dictionary/30.3/excel/job_titles.html
3723,Mechanical Assembler,Manufacturing & Production,0.97,Very High,Electrical and Electronic Equipment Assemblers,51-2022.00,https://www.onetcenter.org/dictionary/30.3/excel/job_titles.html
3724,Mechatronic Engineer,Engineering & Architecture,0.97,Very High,Mechatronics Engineers,17-2199.05,https://www.onetcenter.org/dictionary/30.3/excel/job_titles.html
3725,Medical Investigator,Business & Finance,0.97,Very High,Coroners,13-1041.06,https://www.onetcenter.org/dictionary/30.3/excel/job_titles.html
3726,Medical Receptionist,Office & Administration,0.97,Very High,Medical Secretaries and Administrative Assistants,43-6013.00,https://www.onetcenter.org/dictionary/30.3/excel/job_titles.html
3727,Medical Technologist,Healthcare,0.97,Very High,"Health Technologists and Technicians, All Other",29-2099.00,https://www.onetcenter.org/dictionary/30.3/excel/job_titles.html
3728,Medication Historian,Science,0.97,Very High,Historians,19-3093.00,https://www.onetcenter.org/dictionary/30.3/excel/job_titles.html
3729,Mental Health Worker,Community & Social Services,0.97,Very High,Mental Health and Substance Abuse Social Workers,21-1023.00,https://www.onetcenter.org/dictionary/30.3/excel/job_titles.html
3730,Merchandiser Stocker,Transportation & Logistics,0.97,Very High,Stockers and Order Fillers,53-7065.00,https://www.onetcenter.org/dictionary/30.3/excel/job_titles.html
3731,Microbiology Analyst,Science,0.97,Very High,Microbiologists,19-1022.00,https://www.onetcenter.org/dictionary/30.3/excel/job_titles.html
3732,Migration Specialist,Science,0.97,Very High,Precision Agriculture Technicians,19-4012.01,https://www.onetcenter.org/dictionary/30.3/excel/job_titles.html
3733,Molecular Geneticist,Science,0.97,Very High,Geneticists,19-1029.03,https://www.onetcenter.org/dictionary/30.3/excel/job_titles.html
3734,Mortgage Loan Closer,Business & Finance,0.97,Very High,Loan Officers,13-2072.00,https://www.onetcenter.org/dictionary/30.3/excel/job_titles.html
3735,Mortgage Underwriter,Business & Finance,0.97,Very High,Loan Officers,13-2072.00,https://www.onetcenter.org/dictionary/30.3/excel/job_titles.html
3736,Newborn Photographer,"Arts, Media & Design",0.97,Very High,Photographers,27-4021.00,https://www.onetcenter.org/dictionary/30.3/excel/job_titles.html
3737,Nuclear Technologist,Healthcare,0.97,Very High,Nuclear Medicine Technologists,29-2033.00,https://www.onetcenter.org/dictionary/30.3/excel/job_titles.html
3738,Nutrition Instructor,Education & Library,0.97,Very High,"Family and Consumer Sciences Teachers, Postsecondary",25-1192.00,https://www.onetcenter.org/dictionary/30.3/excel/job_titles.html
3739,Nutrition Specialist,Science,0.97,Very High,Animal Scientists,19-1011.00,https://www.onetcenter.org/dictionary/30.3/excel/job_titles.html
3740,Oil Field Technician,Transportation & Logistics,0.97,Very High,Wellhead Pumpers,53-7073.00,https://www.onetcenter.org/dictionary/30.3/excel/job_titles.html
3741,Operation Specialist,Manufacturing & Production,0.97,Very High,Gas Plant Operators,51-8092.00,https://www.onetcenter.org/dictionary/30.3/excel/job_titles.html
3742,Origination Director,Business & Finance,0.97,Very High,"Buyers and Purchasing Agents, Farm Products",13-1021.00,https://www.onetcenter.org/dictionary/30.3/excel/job_titles.html
3743,Orthopedic Physician,Healthcare,0.97,Very High,"Orthopedic Surgeons, Except Pediatric",29-1242.00,https://www.onetcenter.org/dictionary/30.3/excel/job_titles.html
3744,Outbound Sales Agent,Sales,0.97,Very High,Telemarketers,41-9041.00,https://www.onetcenter.org/dictionary/30.3/excel/job_titles.html
3745,Outpatient Clinician,Community & Social Services,0.97,Very High,Mental Health and Substance Abuse Social Workers,21-1023.00,https://www.onetcenter.org/dictionary/30.3/excel/job_titles.html
3746,Outpatient Therapist,Community & Social Services,0.97,Very High,Mental Health and Substance Abuse Social Workers,21-1023.00,https://www.onetcenter.org/dictionary/30.3/excel/job_titles.html
3747,Pancake Professional,Food & Hospitality,0.97,Very High,"Cooks, Fast Food",35-2011.00,https://www.onetcenter.org/dictionary/30.3/excel/job_titles.html
3748,Paralegal Specialist,Law,0.97,Very High,Paralegals and Legal Assistants,23-2011.00,https://www.onetcenter.org/dictionary/30.3/excel/job_titles.html
3749,Paramedical Examiner,Business & Finance,0.97,Very High,Coroners,13-1041.06,https://www.onetcenter.org/dictionary/30.3/excel/job_titles.html
3750,Pediatric Geneticist,Science,0.97,Very High,Geneticists,19-1029.03,https://www.onetcenter.org/dictionary/30.3/excel/job_titles.html
3751,Pediatrics Physician,Healthcare,0.97,Very High,"Pediatricians, General",29-1221.00,https://www.onetcenter.org/dictionary/30.3/excel/job_titles.html
3752,Pesticide Applicator,Cleaning & Grounds,0.97,Very High,"Pesticide Handlers, Sprayers, and Applicators, Vegetation",37-3012.00,https://www.onetcenter.org/dictionary/30.3/excel/job_titles.html
3753,Philosophy Professor,Education & Library,0.97,Very High,"Philosophy and Religion Teachers, Postsecondary",25-1126.00,https://www.onetcenter.org/dictionary/30.3/excel/job_titles.html
3754,Pipe Stress Engineer,Engineering & Architecture,0.97,Very High,Aerospace Engineers,17-2011.00,https://www.onetcenter.org/dictionary/30.3/excel/job_titles.html
3755,Placement Specialist,Construction & Trades,0.97,Very High,Cement Masons and Concrete Finishers,47-2051.00,https://www.onetcenter.org/dictionary/30.3/excel/job_titles.html
3756,Plant Superintendent,Management,0.97,Very High,Geothermal Production Managers,11-3051.02,https://www.onetcenter.org/dictionary/30.3/excel/job_titles.html
3757,Polishing Technician,Manufacturing & Production,0.97,Very High,Semiconductor Processing Technicians,51-9141.00,https://www.onetcenter.org/dictionary/30.3/excel/job_titles.html
3758,Precision Agronomist,Science,0.97,Very High,Soil and Plant Scientists,19-1013.00,https://www.onetcenter.org/dictionary/30.3/excel/job_titles.html
3759,Process Metallurgist,Engineering & Architecture,0.97,Very High,Materials Engineers,17-2131.00,https://www.onetcenter.org/dictionary/30.3/excel/job_titles.html
3760,Procurement Director,Management,0.97,Very High,Purchasing Managers,11-3061.00,https://www.onetcenter.org/dictionary/30.3/excel/job_titles.html
3761,Procurement Engineer,Business & Finance,0.97,Very High,Logistics Engineers,13-1081.01,https://www.onetcenter.org/dictionary/30.3/excel/job_titles.html
3762,Product Demonstrator,Sales,0.97,Very High,Demonstrators and Product Promoters,41-9011.00,https://www.onetcenter.org/dictionary/30.3/excel/job_titles.html
3763,Production Assembler,Manufacturing & Production,0.97,Very High,Team Assemblers,51-2092.00,https://www.onetcenter.org/dictionary/30.3/excel/job_titles.html
3764,Production Craftsman,Manufacturing & Production,0.97,Very High,"Model Makers, Wood",51-7031.00,https://www.onetcenter.org/dictionary/30.3/excel/job_titles.html
3765,Programming Director,"Arts, Media & Design",0.97,Very High,Media Programming Directors,27-2012.03,https://www.onetcenter.org/dictionary/30.3/excel/job_titles.html
3766,Proposal Coordinator,"Arts, Media & Design",0.97,Very High,Technical Writers,27-3042.00,https://www.onetcenter.org/dictionary/30.3/excel/job_titles.html
3767,Prototype Fabricator,Manufacturing & Production,0.97,Very High,"Model Makers, Metal and Plastic",51-4061.00,https://www.onetcenter.org/dictionary/30.3/excel/job_titles.html
3768,Psychiatry Physician,Healthcare,0.97,Very High,Psychiatrists,29-1223.00,https://www.onetcenter.org/dictionary/30.3/excel/job_titles.html
3769,Punch Press Operator,Manufacturing & Production,0.97,Very High,"Drilling and Boring Machine Tool Setters, Operators, and Tenders, Metal and Plastic",51-4032.00,https://www.onetcenter.org/dictionary/30.3/excel/job_titles.html
3770,Purchasing Expeditor,Office & Administration,0.97,Very High,Procurement Clerks,43-3061.00,https://www.onetcenter.org/dictionary/30.3/excel/job_titles.html
3771,Quarrying Specialist,Construction & Trades,0.97,Very High,"Rock Splitters, Quarry",47-5051.00,https://www.onetcenter.org/dictionary/30.3/excel/job_titles.html
3772,Rail Signal Designer,"Installation, Maintenance & Repair",0.97,Very High,Signal and Track Switch Repairers,49-9097.00,https://www.onetcenter.org/dictionary/30.3/excel/job_titles.html
3773,Reach Truck Operator,Transportation & Logistics,0.97,Very High,Industrial Truck and Tractor Operators,53-7051.00,https://www.onetcenter.org/dictionary/30.3/excel/job_titles.html
3774,Recreation Therapist,Healthcare,0.97,Very High,Recreational Therapists,29-1125.00,https://www.onetcenter.org/dictionary/30.3/excel/job_titles.html
3775,Recruitment Director,Management,0.97,Very High,Human Resources Managers,11-3121.00,https://www.onetcenter.org/dictionary/30.3/excel/job_titles.html
3776,Recycling Specialist,Transportation & Logistics,0.97,Very High,Refuse and Recyclable Material Collectors,53-7081.00,https://www.onetcenter.org/dictionary/30.3/excel/job_titles.html
3777,Recycling Supervisor,Transportation & Logistics,0.97,Very High,Recycling Coordinators,53-1042.01,https://www.onetcenter.org/dictionary/30.3/excel/job_titles.html
3778,Recycling Technician,Transportation & Logistics,0.97,Very High,Recycling and Reclamation Workers,53-7062.04,https://www.onetcenter.org/dictionary/30.3/excel/job_titles.html
3779,Registered Dietitian,Healthcare,0.97,Very High,Dietitians and Nutritionists,29-1031.00,https://www.onetcenter.org/dictionary/30.3/excel/job_titles.html
3780,Regulatory Scientist,Business & Finance,0.97,Very High,Regulatory Affairs Specialists,13-1041.07,https://www.onetcenter.org/dictionary/30.3/excel/job_titles.html
3781,Remediation Engineer,Engineering & Architecture,0.97,Very High,Water/Wastewater Engineers,17-2051.02,https://www.onetcenter.org/dictionary/30.3/excel/job_titles.html
3782,Research Coordinator,Management,0.97,Very High,Natural Sciences Managers,11-9121.00,https://www.onetcenter.org/dictionary/30.3/excel/job_titles.html
3783,Research Interviewer,Science,0.97,Very High,Social Science Research Assistants,19-4061.00,https://www.onetcenter.org/dictionary/30.3/excel/job_titles.html
3784,Resource Coordinator,Office & Administration,0.97,Very High,"Human Resources Assistants, Except Payroll and Timekeeping",43-4161.00,https://www.onetcenter.org/dictionary/30.3/excel/job_titles.html
3785,Response Coordinator,Management,0.97,Very High,Emergency Management Directors,11-9161.00,https://www.onetcenter.org/dictionary/30.3/excel/job_titles.html
3786,Restaurant Bartender,Food & Hospitality,0.97,Very High,Bartenders,35-3011.00,https://www.onetcenter.org/dictionary/30.3/excel/job_titles.html
3787,Retail Solar Advisor,Sales,0.97,Very High,Solar Sales Representatives and Assessors,41-4011.07,https://www.onetcenter.org/dictionary/30.3/excel/job_titles.html
3788,Safety Administrator,Science,0.97,Very High,Occupational Health and Safety Specialists,19-5011.00,https://www.onetcenter.org/dictionary/30.3/excel/job_titles.html
3789,Sales Representative,Sales,0.97,Very High,"Sales Representatives, Wholesale and Manufacturing, Technical and Scientific Products",41-4011.00,https://www.onetcenter.org/dictionary/30.3/excel/job_titles.html
3790,Scalehouse Attendant,Office & Administration,0.97,Very High,"Weighers, Measurers, Checkers, and Samplers, Recordkeeping",43-5111.00,https://www.onetcenter.org/dictionary/30.3/excel/job_titles.html
3791,Section 8 Specialist,Business & Finance,0.97,Very High,Government Property Inspectors and Investigators,13-1041.04,https://www.onetcenter.org/dictionary/30.3/excel/job_titles.html
3792,Server Administrator,"Software, IT & Data",0.97,Very High,Network and Computer Systems Administrators,15-1244.00,https://www.onetcenter.org/dictionary/30.3/excel/job_titles.html
3793,Shredding Specialist,Transportation & Logistics,0.97,Very High,Recycling and Reclamation Workers,53-7062.04,https://www.onetcenter.org/dictionary/30.3/excel/job_titles.html
3794,Simulator Instructor,Education & Library,0.97,Very High,"Career/Technical Education Teachers, Postsecondary",25-1194.00,https://www.onetcenter.org/dictionary/30.3/excel/job_titles.html
3795,Social Media Manager,Management,0.97,Very High,Public Relations Managers,11-2032.00,https://www.onetcenter.org/dictionary/30.3/excel/job_titles.html
3796,Sociology Instructor,Education & Library,0.97,Very High,"Sociology Teachers, Postsecondary",25-1067.00,https://www.onetcenter.org/dictionary/30.3/excel/job_titles.html
3797,Solar Array Engineer,Engineering & Architecture,0.97,Very High,Solar Energy Systems Engineers,17-2199.11,https://www.onetcenter.org/dictionary/30.3/excel/job_titles.html
3798,Solar Energy Advisor,Engineering & Architecture,0.97,Very High,Solar Energy Systems Engineers,17-2199.11,https://www.onetcenter.org/dictionary/30.3/excel/job_titles.html
3799,Solar Energy Manager,Manufacturing & Production,0.97,Very High,Power Plant Operators,51-8013.00,https://www.onetcenter.org/dictionary/30.3/excel/job_titles.html
3800,Special Investigator,Public Safety,0.97,Very High,Detectives and Criminal Investigators,33-3021.00,https://www.onetcenter.org/dictionary/30.3/excel/job_titles.html
3801,Specification Writer,"Arts, Media & Design",0.97,Very High,Writers and Authors,27-3043.00,https://www.onetcenter.org/dictionary/30.3/excel/job_titles.html
3802,Specimen Accessioner,Healthcare,0.97,Very High,Medical and Clinical Laboratory Technicians,29-2012.00,https://www.onetcenter.org/dictionary/30.3/excel/job_titles.html
3803,Substitute Librarian,Office & Administration,0.97,Very High,"Library Assistants, Clerical",43-4121.00,https://www.onetcenter.org/dictionary/30.3/excel/job_titles.html
3804,Supply Chain Analyst,Business & Finance,0.97,Very High,Logistics Analysts,13-1081.02,https://www.onetcenter.org/dictionary/30.3/excel/job_titles.html
3805,Supply Chain Manager,Management,0.97,Very High,Supply Chain Managers,11-3071.04,https://www.onetcenter.org/dictionary/30.3/excel/job_titles.html
3806,Surgical Coordinator,Healthcare,0.97,Very High,Ophthalmic Medical Technologists,29-2099.05,https://www.onetcenter.org/dictionary/30.3/excel/job_titles.html
3807,Surveillance Analyst,Public Safety,0.97,Very High,Intelligence Analysts,33-3021.06,https://www.onetcenter.org/dictionary/30.3/excel/job_titles.html
3808,Surveillance Manager,Public Safety,0.97,Very High,Private Detectives and Investigators,33-9021.00,https://www.onetcenter.org/dictionary/30.3/excel/job_titles.html
3809,Surveillance Officer,Public Safety,0.97,Very High,Private Detectives and Investigators,33-9021.00,https://www.onetcenter.org/dictionary/30.3/excel/job_titles.html
3810,Sustainability Coach,Business & Finance,0.97,Very High,Sustainability Specialists,13-1199.05,https://www.onetcenter.org/dictionary/30.3/excel/job_titles.html
3811,Technical Consultant,"Software, IT & Data",0.97,Very High,Computer Systems Analysts,15-1211.00,https://www.onetcenter.org/dictionary/30.3/excel/job_titles.html
3812,Telehealth Therapist,Community & Social Services,0.97,Very High,Mental Health Counselors,21-1014.00,https://www.onetcenter.org/dictionary/30.3/excel/job_titles.html
3813,Television Installer,"Installation, Maintenance & Repair",0.97,Very High,Telecommunications Line Installers and Repairers,49-9052.00,https://www.onetcenter.org/dictionary/30.3/excel/job_titles.html
3814,Temperature Screener,Manufacturing & Production,0.97,Very High,"Separating, Filtering, Clarifying, Precipitating, and Still Machine Setters, Operators, and Tenders",51-9012.00,https://www.onetcenter.org/dictionary/30.3/excel/job_titles.html
3815,Title Escrow Officer,Business & Finance,0.97,Very High,Financial Examiners,13-2061.00,https://www.onetcenter.org/dictionary/30.3/excel/job_titles.html
3816,Training Coordinator,Management,0.97,Very High,Training and Development Managers,11-3131.00,https://www.onetcenter.org/dictionary/30.3/excel/job_titles.html
3817,Transmission Builder,Manufacturing & Production,0.97,Very High,Engine and Other Machine Assemblers,51-2031.00,https://www.onetcenter.org/dictionary/30.3/excel/job_titles.html
3818,Treatment Specialist,Manufacturing & Production,0.97,Very High,Water and Wastewater Treatment Plant and System Operators,51-8031.00,https://www.onetcenter.org/dictionary/30.3/excel/job_titles.html
3819,Underwriting Analyst,Business & Finance,0.97,Very High,Insurance Underwriters,13-2053.00,https://www.onetcenter.org/dictionary/30.3/excel/job_titles.html
3820,University Archivist,Education & Library,0.97,Very High,Archivists,25-4011.00,https://www.onetcenter.org/dictionary/30.3/excel/job_titles.html
3821,Utilities Technician,Office & Administration,0.97,Very High,"Meter Readers, Utilities",43-5041.00,https://www.onetcenter.org/dictionary/30.3/excel/job_titles.html
3822,Utility Line Locator,"Installation, Maintenance & Repair",0.97,Very High,Electrical Power-Line Installers and Repairers,49-9051.00,https://www.onetcenter.org/dictionary/30.3/excel/job_titles.html
3823,Valuation Specialist,Business & Finance,0.97,Very High,Appraisers and Assessors of Real Estate,13-2023.00,https://www.onetcenter.org/dictionary/30.3/excel/job_titles.html
3824,Value Stream Manager,Management,0.97,Very High,Industrial Production Managers,11-3051.00,https://www.onetcenter.org/dictionary/30.3/excel/job_titles.html
3825,Waste Water Operator,Manufacturing & Production,0.97,Very High,Water and Wastewater Treatment Plant and System Operators,51-8031.00,https://www.onetcenter.org/dictionary/30.3/excel/job_titles.html
3826,Water Plant Operator,Manufacturing & Production,0.97,Very High,Power Plant Operators,51-8013.00,https://www.onetcenter.org/dictionary/30.3/excel/job_titles.html
3827,Water Resource Agent,Management,0.97,Very High,Water Resource Specialists,11-9121.02,https://www.onetcenter.org/dictionary/30.3/excel/job_titles.html
3828,Wound Care Physician,Healthcare,0.97,Very High,Emergency Medicine Physicians,29-1214.00,https://www.onetcenter.org/dictionary/30.3/excel/job_titles.html
3829,Accounting Specialist,Office & Administration,0.97,Very High,"Bookkeeping, Accounting, and Auditing Clerks",43-3031.00,https://www.onetcenter.org/dictionary/30.3/excel/job_titles.html
3830,Accounting Technician,Office & Administration,0.97,Very High,"Bookkeeping, Accounting, and Auditing Clerks",43-3031.00,https://www.onetcenter.org/dictionary/30.3/excel/job_titles.html
3831,Acoustical Consultant,"Arts, Media & Design",0.97,Very High,Sound Engineering Technicians,27-4014.00,https://www.onetcenter.org/dictionary/30.3/excel/job_titles.html
3832,Adjunct Law Professor,Education & Library,0.97,Very High,"Law Teachers, Postsecondary",25-1112.00,https://www.onetcenter.org/dictionary/30.3/excel/job_titles.html
3833,Admissions Specialist,Office & Administration,0.97,Very High,"Interviewers, Except Eligibility and Loan",43-4111.00,https://www.onetcenter.org/dictionary/30.3/excel/job_titles.html
3834,Air Freight Forwarder,Office & Administration,0.97,Very High,Freight Forwarders,43-5011.01,https://www.onetcenter.org/dictionary/30.3/excel/job_titles.html
3835,Air Import Specialist,Public Safety,0.97,Very High,Customs and Border Protection Officers,33-3051.04,https://www.onetcenter.org/dictionary/30.3/excel/job_titles.html
3836,Air Moving Technician,Engineering & Architecture,0.97,Very High,Environmental Engineering Technologists and Technicians,17-3025.00,https://www.onetcenter.org/dictionary/30.3/excel/job_titles.html
3837,Analytical Technician,Science,0.97,Very High,Chemical Technicians,19-4031.00,https://www.onetcenter.org/dictionary/30.3/excel/job_titles.html
3838,Anesthesia Specialist,Healthcare,0.97,Very High,Anesthesiologist Assistants,29-1071.01,https://www.onetcenter.org/dictionary/30.3/excel/job_titles.html
3839,Anesthesia Technician,Healthcare,0.97,Very High,Anesthesiologist Assistants,29-1071.01,https://www.onetcenter.org/dictionary/30.3/excel/job_titles.html
3840,Annual Giving Officer,Business & Finance,0.97,Very High,Fundraisers,13-1131.00,https://www.onetcenter.org/dictionary/30.3/excel/job_titles.html
3841,Anthropology Lecturer,Education & Library,0.97,Very High,"Anthropology and Archeology Teachers, Postsecondary",25-1061.00,https://www.onetcenter.org/dictionary/30.3/excel/job_titles.html
3842,Applications Engineer,Engineering & Architecture,0.97,Very High,Mechatronics Engineers,17-2199.05,https://www.onetcenter.org/dictionary/30.3/excel/job_titles.html
3843,Applied Mathematician,"Software, IT & Data",0.97,Very High,Mathematicians,15-2021.00,https://www.onetcenter.org/dictionary/30.3/excel/job_titles.html
3844,Archeology Instructor,Education & Library,0.97,Very High,"Anthropology and Archeology Teachers, Postsecondary",25-1061.00,https://www.onetcenter.org/dictionary/30.3/excel/job_titles.html
3845,Architecture Designer,Engineering & Architecture,0.97,Very High,Architectural and Civil Drafters,17-3011.00,https://www.onetcenter.org/dictionary/30.3/excel/job_titles.html
3846,Assessment Specialist,Community & Social Services,0.97,Very High,"Educational, Guidance, and Career Counselors and Advisors",21-1012.00,https://www.onetcenter.org/dictionary/30.3/excel/job_titles.html
3847,Automation Programmer,"Software, IT & Data",0.97,Very High,Computer Programmers,15-1251.00,https://www.onetcenter.org/dictionary/30.3/excel/job_titles.html
3848,Automation Specialist,"Software, IT & Data",0.97,Very High,Software Quality Assurance Analysts and Testers,15-1253.00,https://www.onetcenter.org/dictionary/30.3/excel/job_titles.html
3849,Automation Technician,Engineering & Architecture,0.97,Very High,Robotics Technicians,17-3024.01,https://www.onetcenter.org/dictionary/30.3/excel/job_titles.html
3850,Background Specialist,Public Safety,0.97,Very High,Intelligence Analysts,33-3021.06,https://www.onetcenter.org/dictionary/30.3/excel/job_titles.html
3851,Behavioral Technician,Community & Social Services,0.97,Very High,Substance Abuse and Behavioral Disorder Counselors,21-1011.00,https://www.onetcenter.org/dictionary/30.3/excel/job_titles.html
3852,Benefits Professional,Business & Finance,0.97,Very High,"Compensation, Benefits, and Job Analysis Specialists",13-1141.00,https://www.onetcenter.org/dictionary/30.3/excel/job_titles.html
3853,Biological Technician,Science,0.97,Very High,Biological Technicians,19-4021.00,https://www.onetcenter.org/dictionary/30.3/excel/job_titles.html
3854,Biomedical Technician,Science,0.97,Very High,Biological Technicians,19-4021.00,https://www.onetcenter.org/dictionary/30.3/excel/job_titles.html
3855,Biometrics Instructor,Education & Library,0.97,Very High,"Forestry and Conservation Science Teachers, Postsecondary",25-1043.00,https://www.onetcenter.org/dictionary/30.3/excel/job_titles.html
3856,Biometrics Technician,"Software, IT & Data",0.97,Very High,Bioinformatics Technicians,15-2099.01,https://www.onetcenter.org/dictionary/30.3/excel/job_titles.html
3857,Blow Molding Operator,Manufacturing & Production,0.97,Very High,"Molding, Coremaking, and Casting Machine Setters, Operators, and Tenders, Metal and Plastic",51-4072.00,https://www.onetcenter.org/dictionary/30.3/excel/job_titles.html
3858,Bucket Truck Operator,Cleaning & Grounds,0.97,Very High,Tree Trimmers and Pruners,37-3013.00,https://www.onetcenter.org/dictionary/30.3/excel/job_titles.html
3859,Business Data Analyst,"Software, IT & Data",0.97,Very High,Business Intelligence Analysts,15-2051.01,https://www.onetcenter.org/dictionary/30.3/excel/job_titles.html
3860,Business Professional,Business & Finance,0.97,Very High,Business Continuity Planners,13-1199.04,https://www.onetcenter.org/dictionary/30.3/excel/job_titles.html
3861,Business Risk Manager,Business & Finance,0.97,Very High,Financial Risk Specialists,13-2054.00,https://www.onetcenter.org/dictionary/30.3/excel/job_titles.html
3862,Case Services Manager,Management,0.97,Very High,Social and Community Service Managers,11-9151.00,https://www.onetcenter.org/dictionary/30.3/excel/job_titles.html
3863,Chargeback Specialist,Office & Administration,0.97,Very High,Correspondence Clerks,43-4021.00,https://www.onetcenter.org/dictionary/30.3/excel/job_titles.html
3864,Child Care Specialist,Personal Care & Services,0.97,Very High,Nannies,39-9011.01,https://www.onetcenter.org/dictionary/30.3/excel/job_titles.html
3865,Child Life Specialist,Personal Care & Services,0.97,Very High,Childcare Workers,39-9011.00,https://www.onetcenter.org/dictionary/30.3/excel/job_titles.html
3866,Choreography Director,"Arts, Media & Design",0.97,Very High,Choreographers,27-2032.00,https://www.onetcenter.org/dictionary/30.3/excel/job_titles.html
3867,Clinical Data Manager,"Software, IT & Data",0.97,Very High,Clinical Data Managers,15-2051.02,https://www.onetcenter.org/dictionary/30.3/excel/job_titles.html
3868,Collaborative Pianist,"Arts, Media & Design",0.97,Very High,Musicians and Singers,27-2042.00,https://www.onetcenter.org/dictionary/30.3/excel/job_titles.html
3869,Collection Specialist,Office & Administration,0.97,Very High,Bill and Account Collectors,43-3011.00,https://www.onetcenter.org/dictionary/30.3/excel/job_titles.html
3870,Collection Technician,Transportation & Logistics,0.97,Very High,Traffic Technicians,53-6041.00,https://www.onetcenter.org/dictionary/30.3/excel/job_titles.html
3871,Commercial Technician,"Installation, Maintenance & Repair",0.97,Very High,Mechanical Door Repairers,49-9011.00,https://www.onetcenter.org/dictionary/30.3/excel/job_titles.html
3872,Common Area Attendant,Personal Care & Services,0.97,Very High,"Locker Room, Coatroom, and Dressing Room Attendants",39-3093.00,https://www.onetcenter.org/dictionary/30.3/excel/job_titles.html
3873,Compliance Consultant,Business & Finance,0.97,Very High,Compliance Officers,13-1041.00,https://www.onetcenter.org/dictionary/30.3/excel/job_titles.html
3874,Compliance Specialist,Business & Finance,0.97,Very High,Compliance Officers,13-1041.00,https://www.onetcenter.org/dictionary/30.3/excel/job_titles.html
3875,Computer Patternmaker,Manufacturing & Production,0.97,Very High,"Patternmakers, Metal and Plastic",51-4062.00,https://www.onetcenter.org/dictionary/30.3/excel/job_titles.html
3876,Concrete Mixer Driver,Manufacturing & Production,0.97,Very High,"Molders, Shapers, and Casters, Except Metal and Plastic",51-9195.00,https://www.onetcenter.org/dictionary/30.3/excel/job_titles.html
3877,Concrete Saw Operator,Manufacturing & Production,0.97,Very High,"Cutting and Slicing Machine Setters, Operators, and Tenders",51-9032.00,https://www.onetcenter.org/dictionary/30.3/excel/job_titles.html
3878,Configuration Analyst,"Software, IT & Data",0.97,Very High,Computer Systems Analysts,15-1211.00,https://www.onetcenter.org/dictionary/30.3/excel/job_titles.html
3879,Configuration Manager,"Software, IT & Data",0.97,Very High,Computer Systems Analysts,15-1211.00,https://www.onetcenter.org/dictionary/30.3/excel/job_titles.html
3880,Conservation Educator,Education & Library,0.97,Very High,"Environmental Science Teachers, Postsecondary",25-1053.00,https://www.onetcenter.org/dictionary/30.3/excel/job_titles.html
3881,Construction Director,Management,0.97,Very High,Construction Managers,11-9021.00,https://www.onetcenter.org/dictionary/30.3/excel/job_titles.html
3882,Contract Investigator,Public Safety,0.97,Very High,Private Detectives and Investigators,33-9021.00,https://www.onetcenter.org/dictionary/30.3/excel/job_titles.html
3883,Contract Video Editor,"Arts, Media & Design",0.97,Very High,Film and Video Editors,27-4032.00,https://www.onetcenter.org/dictionary/30.3/excel/job_titles.html
3884,Creative Art Director,"Arts, Media & Design",0.97,Very High,Art Directors,27-1011.00,https://www.onetcenter.org/dictionary/30.3/excel/job_titles.html
3885,Credentialing Manager,"Software, IT & Data",0.97,Very High,Document Management Specialists,15-1299.03,https://www.onetcenter.org/dictionary/30.3/excel/job_titles.html
3886,Credit Representative,Business & Finance,0.97,Very High,Credit Counselors,13-2071.00,https://www.onetcenter.org/dictionary/30.3/excel/job_titles.html
3887,Culinary Arts Teacher,Education & Library,0.97,Very High,"Career/Technical Education Teachers, Secondary School",25-2032.00,https://www.onetcenter.org/dictionary/30.3/excel/job_titles.html
3888,Custom Home Installer,"Installation, Maintenance & Repair",0.97,Very High,"Electronic Equipment Installers and Repairers, Motor Vehicles",49-2096.00,https://www.onetcenter.org/dictionary/30.3/excel/job_titles.html
3889,Cyber Defense Analyst,"Software, IT & Data",0.97,Very High,Digital Forensics Analysts,15-1299.06,https://www.onetcenter.org/dictionary/30.3/excel/job_titles.html
3890,Cyber Risk Consultant,Business & Finance,0.97,Very High,Security Management Specialists,13-1199.07,https://www.onetcenter.org/dictionary/30.3/excel/job_titles.html
3891,Cybersecurity Analyst,Business & Finance,0.97,Very High,Security Management Specialists,13-1199.07,https://www.onetcenter.org/dictionary/30.3/excel/job_titles.html
3892,Data Entry Specialist,Office & Administration,0.97,Very High,Data Entry Keyers,43-9021.00,https://www.onetcenter.org/dictionary/30.3/excel/job_titles.html
3893,Delivery Truck Driver,Transportation & Logistics,0.97,Very High,Light Truck Drivers,53-3033.00,https://www.onetcenter.org/dictionary/30.3/excel/job_titles.html
3894,Dermatology Physician,Healthcare,0.97,Very High,Dermatologists,29-1213.00,https://www.onetcenter.org/dictionary/30.3/excel/job_titles.html
3895,Diesel Truck Mechanic,"Installation, Maintenance & Repair",0.97,Very High,Bus and Truck Mechanics and Diesel Engine Specialists,49-3031.00,https://www.onetcenter.org/dictionary/30.3/excel/job_titles.html
3896,Digital Asset Manager,Management,0.97,Very High,Investment Fund Managers,11-3031.03,https://www.onetcenter.org/dictionary/30.3/excel/job_titles.html
3897,Dimensional Inspector,Manufacturing & Production,0.97,Very High,"Layout Workers, Metal and Plastic",51-4192.00,https://www.onetcenter.org/dictionary/30.3/excel/job_titles.html
3898,Distribution Designer,Engineering & Architecture,0.97,Very High,Electrical and Electronics Drafters,17-3012.00,https://www.onetcenter.org/dictionary/30.3/excel/job_titles.html
3899,Distribution Operator,Manufacturing & Production,0.97,Very High,Power Distributors and Dispatchers,51-8012.00,https://www.onetcenter.org/dictionary/30.3/excel/job_titles.html
3900,Downstream Technician,Science,0.97,Very High,Biological Technicians,19-4021.00,https://www.onetcenter.org/dictionary/30.3/excel/job_titles.html
3901,Durability Technician,Engineering & Architecture,0.97,Very High,Automotive Engineering Technicians,17-3027.01,https://www.onetcenter.org/dictionary/30.3/excel/job_titles.html
3902,E-Commerce Specialist,Business & Finance,0.97,Very High,Online Merchants,13-1199.06,https://www.onetcenter.org/dictionary/30.3/excel/job_titles.html
3903,Education Coordinator,Community & Social Services,0.97,Very High,"Educational, Guidance, and Career Counselors and Advisors",21-1012.00,https://www.onetcenter.org/dictionary/30.3/excel/job_titles.html
3904,Electrical Journeyman,Construction & Trades,0.97,Very High,Electricians,47-2111.00,https://www.onetcenter.org/dictionary/30.3/excel/job_titles.html
3905,Electro-Instrumentist,Manufacturing & Production,0.97,Very High,Electromechanical Equipment Assemblers,51-2023.00,https://www.onetcenter.org/dictionary/30.3/excel/job_titles.html
3906,Electronics Installer,"Installation, Maintenance & Repair",0.97,Very High,"Electronic Equipment Installers and Repairers, Motor Vehicles",49-2096.00,https://www.onetcenter.org/dictionary/30.3/excel/job_titles.html
3907,Elementary Instructor,Education & Library,0.97,Very High,"Teaching Assistants, Preschool, Elementary, Middle, and Secondary School, Except Special Education",25-9042.00,https://www.onetcenter.org/dictionary/30.3/excel/job_titles.html
3908,Employment Specialist,Community & Social Services,0.97,Very High,"Educational, Guidance, and Career Counselors and Advisors",21-1012.00,https://www.onetcenter.org/dictionary/30.3/excel/job_titles.html
3909,Energy Market Analyst,Engineering & Architecture,0.97,Very High,"Energy Engineers, Except Wind and Solar",17-2199.03,https://www.onetcenter.org/dictionary/30.3/excel/job_titles.html
3910,Enrollment Specialist,Office & Administration,0.97,Very High,"Eligibility Interviewers, Government Programs",43-4061.00,https://www.onetcenter.org/dictionary/30.3/excel/job_titles.html
3911,Environmental Advisor,Business & Finance,0.97,Very High,Environmental Compliance Inspectors,13-1041.01,https://www.onetcenter.org/dictionary/30.3/excel/job_titles.html
3912,Environmental Planner,Science,0.97,Very High,"Environmental Scientists and Specialists, Including Health",19-2041.00,https://www.onetcenter.org/dictionary/30.3/excel/job_titles.html
3913,Equipment Coordinator,Healthcare Support,0.97,Very High,Medical Equipment Preparers,31-9093.00,https://www.onetcenter.org/dictionary/30.3/excel/job_titles.html
3914,Ergonomics Consultant,Engineering & Architecture,0.97,Very High,Human Factors Engineers and Ergonomists,17-2112.01,https://www.onetcenter.org/dictionary/30.3/excel/job_titles.html
3915,Ergonomics Specialist,Engineering & Architecture,0.97,Very High,Human Factors Engineers and Ergonomists,17-2112.01,https://www.onetcenter.org/dictionary/30.3/excel/job_titles.html
3916,Exercise Physiologist,Healthcare,0.97,Very High,Exercise Physiologists,29-1128.00,https://www.onetcenter.org/dictionary/30.3/excel/job_titles.html
3917,Experience Strategist,Business & Finance,0.97,Very High,Search Marketing Strategists,13-1161.01,https://www.onetcenter.org/dictionary/30.3/excel/job_titles.html
3918,Facilities Specialist,Management,0.97,Very High,Facilities Managers,11-3013.00,https://www.onetcenter.org/dictionary/30.3/excel/job_titles.html
3919,Facilities Technician,"Installation, Maintenance & Repair",0.97,Very High,"Maintenance and Repair Workers, General",49-9071.00,https://www.onetcenter.org/dictionary/30.3/excel/job_titles.html
3920,Field Data Technician,"Software, IT & Data",0.97,Very High,Bioinformatics Technicians,15-2099.01,https://www.onetcenter.org/dictionary/30.3/excel/job_titles.html
3921,Field Hearing Officer,Law,0.97,Very High,"Administrative Law Judges, Adjudicators, and Hearing Officers",23-1021.00,https://www.onetcenter.org/dictionary/30.3/excel/job_titles.html
3922,Financial Aid Advisor,Business & Finance,0.97,Very High,Credit Counselors,13-2071.00,https://www.onetcenter.org/dictionary/30.3/excel/job_titles.html
3923,Financial Aid Officer,Business & Finance,0.97,Very High,Credit Counselors,13-2071.00,https://www.onetcenter.org/dictionary/30.3/excel/job_titles.html
3924,Fire Range Technician,Public Safety,0.97,Very High,Forest Fire Inspectors and Prevention Specialists,33-2022.00,https://www.onetcenter.org/dictionary/30.3/excel/job_titles.html
3925,Fire System Inspector,Public Safety,0.97,Very High,Fire Inspectors and Investigators,33-2021.00,https://www.onetcenter.org/dictionary/30.3/excel/job_titles.html
3926,Flat Sorter Processor,Office & Administration,0.97,Very High,"Postal Service Mail Sorters, Processors, and Processing Machine Operators",43-5053.00,https://www.onetcenter.org/dictionary/30.3/excel/job_titles.html
3927,Flooring Professional,Construction & Trades,0.97,Very High,"Floor Layers, Except Carpet, Wood, and Hard Tiles",47-2042.00,https://www.onetcenter.org/dictionary/30.3/excel/job_titles.html
3928,Forensic Technologist,Science,0.97,Very High,Forensic Science Technicians,19-4092.00,https://www.onetcenter.org/dictionary/30.3/excel/job_titles.html
3929,Forensic Toxicologist,Science,0.97,Very High,Biochemists and Biophysicists,19-1021.00,https://www.onetcenter.org/dictionary/30.3/excel/job_titles.html
3930,Forklift Wheel Loader,Construction & Trades,0.97,Very High,Continuous Mining Machine Operators,47-5041.00,https://www.onetcenter.org/dictionary/30.3/excel/job_titles.html
3931,Front Desk Supervisor,Management,0.97,Very High,Lodging Managers,11-9081.00,https://www.onetcenter.org/dictionary/30.3/excel/job_titles.html
3932,Garage Door Installer,"Installation, Maintenance & Repair",0.97,Very High,Mechanical Door Repairers,49-9011.00,https://www.onetcenter.org/dictionary/30.3/excel/job_titles.html
3933,Gas Cylinder Operator,Transportation & Logistics,0.97,Very High,Gas Compressor and Gas Pumping Station Operators,53-7071.00,https://www.onetcenter.org/dictionary/30.3/excel/job_titles.html
3934,General Dermatologist,Healthcare,0.97,Very High,Dermatologists,29-1213.00,https://www.onetcenter.org/dictionary/30.3/excel/job_titles.html
3935,Geospatial Instructor,Education & Library,0.97,Very High,"Geography Teachers, Postsecondary",25-1064.00,https://www.onetcenter.org/dictionary/30.3/excel/job_titles.html
3936,Government Instructor,Education & Library,0.97,Very High,"Political Science Teachers, Postsecondary",25-1065.00,https://www.onetcenter.org/dictionary/30.3/excel/job_titles.html
3937,Grievance Coordinator,Business & Finance,0.97,Very High,Equal Opportunity Representatives and Officers,13-1041.03,https://www.onetcenter.org/dictionary/30.3/excel/job_titles.html
3938,Group Level Processor,Manufacturing & Production,0.97,Very High,Semiconductor Processing Technicians,51-9141.00,https://www.onetcenter.org/dictionary/30.3/excel/job_titles.html
3939,Guest Services Worker,Office & Administration,0.97,Very High,"Hotel, Motel, and Resort Desk Clerks",43-4081.00,https://www.onetcenter.org/dictionary/30.3/excel/job_titles.html
3940,Health Policy Analyst,Science,0.97,Very High,Political Scientists,19-3094.00,https://www.onetcenter.org/dictionary/30.3/excel/job_titles.html
3941,Hearing Aid Attendant,Healthcare,0.97,Very High,Hearing Aid Specialists,29-2092.00,https://www.onetcenter.org/dictionary/30.3/excel/job_titles.html
3942,Heat Plant Specialist,Manufacturing & Production,0.97,Very High,Gas Plant Operators,51-8092.00,https://www.onetcenter.org/dictionary/30.3/excel/job_titles.html
3943,Heavy Diesel Mechanic,"Installation, Maintenance & Repair",0.97,Very High,Bus and Truck Mechanics and Diesel Engine Specialists,49-3031.00,https://www.onetcenter.org/dictionary/30.3/excel/job_titles.html
3944,Helicopter Loadmaster,Transportation & Logistics,0.97,Very High,Aircraft Cargo Handling Supervisors,53-1041.00,https://www.onetcenter.org/dictionary/30.3/excel/job_titles.html
3945,Home Sales Consultant,Sales,0.97,Very High,Real Estate Sales Agents,41-9022.00,https://www.onetcenter.org/dictionary/30.3/excel/job_titles.html
3946,Hydrographic Surveyor,Engineering & Architecture,0.97,Very High,Surveying and Mapping Technicians,17-3031.00,https://www.onetcenter.org/dictionary/30.3/excel/job_titles.html
3947,Immigration Paralegal,Law,0.97,Very High,Paralegals and Legal Assistants,23-2011.00,https://www.onetcenter.org/dictionary/30.3/excel/job_titles.html
3948,Immunology Specialist,Healthcare,0.97,Very High,Allergists and Immunologists,29-1229.01,https://www.onetcenter.org/dictionary/30.3/excel/job_titles.html
3949,In-Home Care Provider,Personal Care & Services,0.97,Very High,Nannies,39-9011.01,https://www.onetcenter.org/dictionary/30.3/excel/job_titles.html
3950,Inclusion Coordinator,Education & Library,0.97,Very High,"Special Education Teachers, Secondary School",25-2058.00,https://www.onetcenter.org/dictionary/30.3/excel/job_titles.html
3951,Industrial Fabricator,Manufacturing & Production,0.97,Very High,Structural Metal Fabricators and Fitters,51-2041.00,https://www.onetcenter.org/dictionary/30.3/excel/job_titles.html
3952,Industrial Millwright,"Installation, Maintenance & Repair",0.97,Very High,Millwrights,49-9044.00,https://www.onetcenter.org/dictionary/30.3/excel/job_titles.html
3953,Industrial Seamstress,Manufacturing & Production,0.97,Very High,"Tailors, Dressmakers, and Custom Sewers",51-6052.00,https://www.onetcenter.org/dictionary/30.3/excel/job_titles.html
3954,Inspection Technician,Transportation & Logistics,0.97,Very High,"Transportation Vehicle, Equipment and Systems Inspectors, Except Aviation",53-6051.07,https://www.onetcenter.org/dictionary/30.3/excel/job_titles.html
3955,Insulation Technician,Construction & Trades,0.97,Very High,"Insulation Workers, Floor, Ceiling, and Wall",47-2131.00,https://www.onetcenter.org/dictionary/30.3/excel/job_titles.html
3956,Insurance Sales Agent,Sales,0.97,Very High,Insurance Sales Agents,41-3021.00,https://www.onetcenter.org/dictionary/30.3/excel/job_titles.html
3957,Intermodal Dispatcher,Office & Administration,0.97,Very High,"Dispatchers, Except Police, Fire, and Ambulance",43-5032.00,https://www.onetcenter.org/dictionary/30.3/excel/job_titles.html
3958,Invasive Cardiologist,Healthcare,0.97,Very High,Cardiologists,29-1212.00,https://www.onetcenter.org/dictionary/30.3/excel/job_titles.html
3959,Inventory Coordinator,Office & Administration,0.97,Very High,"Production, Planning, and Expediting Clerks",43-5061.00,https://www.onetcenter.org/dictionary/30.3/excel/job_titles.html
3960,Investment Consultant,Business & Finance,0.97,Very High,Personal Financial Advisors,13-2052.00,https://www.onetcenter.org/dictionary/30.3/excel/job_titles.html
3961,Irrigation Specialist,"Agriculture, Fishing & Forestry",0.97,Very High,"Farmworkers and Laborers, Crop, Nursery, and Greenhouse",45-2092.00,https://www.onetcenter.org/dictionary/30.3/excel/job_titles.html
3962,Journeyman Millwright,"Installation, Maintenance & Repair",0.97,Very High,Millwrights,49-9044.00,https://www.onetcenter.org/dictionary/30.3/excel/job_titles.html
3963,Language Arts Teacher,Education & Library,0.97,Very High,"Secondary School Teachers, Except Special and Career/Technical Education",25-2031.00,https://www.onetcenter.org/dictionary/30.3/excel/job_titles.html
3964,Law Adjunct Professor,Education & Library,0.97,Very High,"Law Teachers, Postsecondary",25-1112.00,https://www.onetcenter.org/dictionary/30.3/excel/job_titles.html
3965,Lawn Spray Technician,Cleaning & Grounds,0.97,Very High,"Pesticide Handlers, Sprayers, and Applicators, Vegetation",37-3012.00,https://www.onetcenter.org/dictionary/30.3/excel/job_titles.html
3966,Licensing Coordinator,Office & Administration,0.97,Very High,"Court, Municipal, and License Clerks",43-4031.00,https://www.onetcenter.org/dictionary/30.3/excel/job_titles.html
3967,Local Delivery Driver,Transportation & Logistics,0.97,Very High,Driver/Sales Workers,53-3031.00,https://www.onetcenter.org/dictionary/30.3/excel/job_titles.html
3968,Loss Prevention Agent,Public Safety,0.97,Very High,Retail Loss Prevention Specialists,33-9099.02,https://www.onetcenter.org/dictionary/30.3/excel/job_titles.html
3969,Loss Prevention Guard,Public Safety,0.97,Very High,Retail Loss Prevention Specialists,33-9099.02,https://www.onetcenter.org/dictionary/30.3/excel/job_titles.html
3970,Low Voltage Installer,"Installation, Maintenance & Repair",0.97,Very High,Audiovisual Equipment Installers and Repairers,49-2097.00,https://www.onetcenter.org/dictionary/30.3/excel/job_titles.html
3971,Mail Processing Agent,Office & Administration,0.97,Very High,"Postal Service Mail Sorters, Processors, and Processing Machine Operators",43-5053.00,https://www.onetcenter.org/dictionary/30.3/excel/job_titles.html
3972,Managing Veterinarian,Healthcare,0.97,Very High,Veterinarians,29-1131.00,https://www.onetcenter.org/dictionary/30.3/excel/job_titles.html
3973,Manual Lathe Operator,Manufacturing & Production,0.97,Very High,"Lathe and Turning Machine Tool Setters, Operators, and Tenders, Metal and Plastic",51-4034.00,https://www.onetcenter.org/dictionary/30.3/excel/job_titles.html
3974,Manufacturing Manager,Management,0.97,Very High,Industrial Production Managers,11-3051.00,https://www.onetcenter.org/dictionary/30.3/excel/job_titles.html
3975,Marine Civil Engineer,Engineering & Architecture,0.97,Very High,Marine Engineers and Naval Architects,17-2121.00,https://www.onetcenter.org/dictionary/30.3/excel/job_titles.html
3976,Maritime Cartographer,Engineering & Architecture,0.97,Very High,Cartographers and Photogrammetrists,17-1021.00,https://www.onetcenter.org/dictionary/30.3/excel/job_titles.html
3977,Marketing Coordinator,Sales,0.97,Very High,Advertising Sales Agents,41-3011.00,https://www.onetcenter.org/dictionary/30.3/excel/job_titles.html
3978,Mechatronics Engineer,Engineering & Architecture,0.97,Very High,Mechatronics Engineers,17-2199.05,https://www.onetcenter.org/dictionary/30.3/excel/job_titles.html
3979,Medical Records Clerk,Healthcare,0.97,Very High,Health Information Technologists and Medical Registrars,29-9021.00,https://www.onetcenter.org/dictionary/30.3/excel/job_titles.html
3980,Medical Surgery Nurse,Healthcare,0.97,Very High,Nurse Practitioners,29-1171.00,https://www.onetcenter.org/dictionary/30.3/excel/job_titles.html
3981,Middle School Teacher,Education & Library,0.97,Very High,"Middle School Teachers, Except Special and Career/Technical Education",25-2022.00,https://www.onetcenter.org/dictionary/30.3/excel/job_titles.html
3982,Mitigation Supervisor,Management,0.97,Very High,Geothermal Production Managers,11-3051.02,https://www.onetcenter.org/dictionary/30.3/excel/job_titles.html
3983,Mobility Professional,Healthcare,0.97,Very High,"Low Vision Therapists, Orientation and Mobility Specialists, and Vision Rehabilitation Therapists",29-1122.01,https://www.onetcenter.org/dictionary/30.3/excel/job_titles.html
3984,Mold Machine Operator,Manufacturing & Production,0.97,Very High,"Molding, Coremaking, and Casting Machine Setters, Operators, and Tenders, Metal and Plastic",51-4072.00,https://www.onetcenter.org/dictionary/30.3/excel/job_titles.html
3985,Morning Meteorologist,Science,0.97,Very High,Atmospheric and Space Scientists,19-2021.00,https://www.onetcenter.org/dictionary/30.3/excel/job_titles.html
3986,Multimedia Specialist,"Arts, Media & Design",0.97,Very High,Film and Video Editors,27-4032.00,https://www.onetcenter.org/dictionary/30.3/excel/job_titles.html
3987,Multimedia Technician,"Arts, Media & Design",0.97,Very High,Special Effects Artists and Animators,27-1014.00,https://www.onetcenter.org/dictionary/30.3/excel/job_titles.html
3988,Municipal Court Clerk,Office & Administration,0.97,Very High,"Court, Municipal, and License Clerks",43-4031.00,https://www.onetcenter.org/dictionary/30.3/excel/job_titles.html
3989,Music Dance Therapist,Healthcare,0.97,Very High,Music Therapists,29-1129.02,https://www.onetcenter.org/dictionary/30.3/excel/job_titles.html
3990,Musical Choreographer,"Arts, Media & Design",0.97,Very High,Choreographers,27-2032.00,https://www.onetcenter.org/dictionary/30.3/excel/job_titles.html
3991,Network Administrator,"Software, IT & Data",0.97,Very High,Network and Computer Systems Administrators,15-1244.00,https://www.onetcenter.org/dictionary/30.3/excel/job_titles.html
3992,Networking Specialist,"Software, IT & Data",0.97,Very High,Computer Network Architects,15-1241.00,https://www.onetcenter.org/dictionary/30.3/excel/job_titles.html
3993,Neurology Hospitalist,Healthcare,0.97,Very High,Hospitalists,29-1229.02,https://www.onetcenter.org/dictionary/30.3/excel/job_titles.html
3994,Nurse Aide Instructor,Education & Library,0.97,Very High,"Nursing Instructors and Teachers, Postsecondary",25-1072.00,https://www.onetcenter.org/dictionary/30.3/excel/job_titles.html
3995,Nutrition Coordinator,Healthcare,0.97,Very High,Dietetic Technicians,29-2051.00,https://www.onetcenter.org/dictionary/30.3/excel/job_titles.html
3996,Ocean Freight Manager,Office & Administration,0.97,Very High,Freight Forwarders,43-5011.01,https://www.onetcenter.org/dictionary/30.3/excel/job_titles.html
3997,Offset Label Rewinder,Manufacturing & Production,0.97,Very High,"Paper Goods Machine Setters, Operators, and Tenders",51-9196.00,https://www.onetcenter.org/dictionary/30.3/excel/job_titles.html
3998,Oil Recovery Operator,Manufacturing & Production,0.97,Very High,"Separating, Filtering, Clarifying, Precipitating, and Still Machine Setters, Operators, and Tenders",51-9012.00,https://www.onetcenter.org/dictionary/30.3/excel/job_titles.html
3999,Operations Technician,"Arts, Media & Design",0.97,Very High,Broadcast Technicians,27-4012.00,https://www.onetcenter.org/dictionary/30.3/excel/job_titles.html
4000,Optical Test Engineer,Engineering & Architecture,0.97,Very High,Photonics Engineers,17-2199.07,https://www.onetcenter.org/dictionary/30.3/excel/job_titles.html
